sample,response,population,percentage
sample00000,no,b_cell,11.7
sample00001,no,b_cell,6.72
sample00002,no,b_cell,10.55
sample00006,no,b_cell,5.91
sample00007,no,b_cell,10.57
sample00008,no,b_cell,9.77
sample00009,no,b_cell,7.98
sample00010,no,b_cell,12.28
sample00011,no,b_cell,11.83
sample00072,no,b_cell,9.33
sample00073,no,b_cell,9.94
sample00074,no,b_cell,14.27
sample00081,no,b_cell,10.29
sample00082,no,b_cell,5.87
sample00083,no,b_cell,8.28
sample00123,no,b_cell,8.47
sample00124,no,b_cell,7.93
sample00125,no,b_cell,16.68
sample00153,no,b_cell,12.11
sample00154,no,b_cell,4.94
sample00155,no,b_cell,9.25
sample00174,no,b_cell,7.57
sample00175,no,b_cell,10.6
sample00176,no,b_cell,7.58
sample00186,no,b_cell,12.48
sample00187,no,b_cell,13.76
sample00188,no,b_cell,10.69
sample00189,no,b_cell,7.73
sample00190,no,b_cell,5.42
sample00191,no,b_cell,10.91
sample00213,no,b_cell,11.74
sample00214,no,b_cell,13.33
sample00215,no,b_cell,8.97
sample00243,no,b_cell,5.06
sample00244,no,b_cell,3.59
sample00245,no,b_cell,12.9
sample00249,no,b_cell,14.1
sample00250,no,b_cell,10.29
sample00251,no,b_cell,8.89
sample00285,no,b_cell,15.57
sample00286,no,b_cell,8.32
sample00287,no,b_cell,9.29
sample00402,no,b_cell,5.96
sample00403,no,b_cell,8.88
sample00404,no,b_cell,9.14
sample00411,no,b_cell,14.3
sample00412,no,b_cell,4.79
sample00413,no,b_cell,7.57
sample00414,no,b_cell,7.2
sample00415,no,b_cell,10.99
sample00416,no,b_cell,7.61
sample00435,no,b_cell,9.84
sample00436,no,b_cell,7.27
sample00437,no,b_cell,9.99
sample00459,no,b_cell,7.74
sample00460,no,b_cell,7.79
sample00461,no,b_cell,12.61
sample00465,no,b_cell,7.04
sample00466,no,b_cell,15.98
sample00467,no,b_cell,15.71
sample00471,no,b_cell,6.03
sample00472,no,b_cell,9.12
sample00473,no,b_cell,9.47
sample00480,no,b_cell,10.45
sample00481,no,b_cell,8.09
sample00482,no,b_cell,11.38
sample00492,no,b_cell,10.7
sample00493,no,b_cell,9.37
sample00494,no,b_cell,8.12
sample00513,no,b_cell,18.1
sample00514,no,b_cell,6.42
sample00515,no,b_cell,6.34
sample00516,no,b_cell,6.82
sample00517,no,b_cell,17.8
sample00518,no,b_cell,11.67
sample00522,no,b_cell,10.01
sample00523,no,b_cell,12.11
sample00524,no,b_cell,8.58
sample00534,no,b_cell,5.62
sample00535,no,b_cell,6.26
sample00536,no,b_cell,9.79
sample00585,no,b_cell,7.7
sample00586,no,b_cell,13.44
sample00587,no,b_cell,6.61
sample00588,no,b_cell,7.63
sample00589,no,b_cell,9.86
sample00590,no,b_cell,14.5
sample00624,no,b_cell,11.38
sample00625,no,b_cell,11.39
sample00626,no,b_cell,7.2
sample00639,no,b_cell,11.14
sample00640,no,b_cell,10.67
sample00641,no,b_cell,9.27
sample00693,no,b_cell,8.31
sample00694,no,b_cell,10.04
sample00695,no,b_cell,6.33
sample00696,no,b_cell,6.98
sample00697,no,b_cell,6.21
sample00698,no,b_cell,4.02
sample00717,no,b_cell,14.57
sample00718,no,b_cell,5.94
sample00719,no,b_cell,6.35
sample00726,no,b_cell,10.95
sample00727,no,b_cell,8.05
sample00728,no,b_cell,6.12
sample00756,no,b_cell,7.96
sample00757,no,b_cell,8.83
sample00758,no,b_cell,8.58
sample00798,no,b_cell,5.28
sample00799,no,b_cell,11.5
sample00800,no,b_cell,11.15
sample00807,no,b_cell,11.45
sample00808,no,b_cell,15.93
sample00809,no,b_cell,15.61
sample00849,no,b_cell,13.05
sample00850,no,b_cell,6.81
sample00851,no,b_cell,12.97
sample00867,no,b_cell,6.94
sample00868,no,b_cell,10.79
sample00869,no,b_cell,10.21
sample00918,no,b_cell,7.05
sample00919,no,b_cell,12.03
sample00920,no,b_cell,9.29
sample00966,no,b_cell,10.18
sample00967,no,b_cell,8.74
sample00968,no,b_cell,13.47
sample00987,no,b_cell,10.25
sample00988,no,b_cell,6.39
sample00989,no,b_cell,10.8
sample01011,no,b_cell,8.32
sample01012,no,b_cell,11.28
sample01013,no,b_cell,7.02
sample01023,no,b_cell,9.71
sample01024,no,b_cell,8.4
sample01025,no,b_cell,8.2
sample01041,no,b_cell,12.42
sample01042,no,b_cell,11.84
sample01043,no,b_cell,10.05
sample01053,no,b_cell,6.84
sample01054,no,b_cell,14.13
sample01055,no,b_cell,8.46
sample01062,no,b_cell,5.28
sample01063,no,b_cell,7.85
sample01064,no,b_cell,14.78
sample01110,no,b_cell,5.87
sample01111,no,b_cell,12.71
sample01112,no,b_cell,18.36
sample01134,no,b_cell,6.43
sample01135,no,b_cell,17.16
sample01136,no,b_cell,8.45
sample01137,no,b_cell,8.56
sample01138,no,b_cell,9.29
sample01139,no,b_cell,4.53
sample01143,no,b_cell,8.89
sample01144,no,b_cell,16.14
sample01145,no,b_cell,13.42
sample01152,no,b_cell,11.15
sample01153,no,b_cell,10.4
sample01154,no,b_cell,11.65
sample01161,no,b_cell,15.76
sample01162,no,b_cell,9.2
sample01163,no,b_cell,7.6
sample01218,no,b_cell,10.05
sample01219,no,b_cell,16.27
sample01220,no,b_cell,8.42
sample01227,no,b_cell,11.3
sample01228,no,b_cell,10.9
sample01229,no,b_cell,5.33
sample01230,no,b_cell,10.68
sample01231,no,b_cell,11.82
sample01232,no,b_cell,13.84
sample01242,no,b_cell,5.81
sample01243,no,b_cell,15.72
sample01244,no,b_cell,11.95
sample01314,no,b_cell,5.42
sample01315,no,b_cell,10.56
sample01316,no,b_cell,10.57
sample01344,no,b_cell,9.23
sample01345,no,b_cell,10.84
sample01346,no,b_cell,10.8
sample01386,no,b_cell,7.29
sample01387,no,b_cell,7.18
sample01388,no,b_cell,8.57
sample01395,no,b_cell,5.84
sample01396,no,b_cell,15.24
sample01397,no,b_cell,5.87
sample01413,no,b_cell,12.31
sample01414,no,b_cell,8.2
sample01415,no,b_cell,18.67
sample01431,no,b_cell,12.77
sample01432,no,b_cell,4.26
sample01433,no,b_cell,6.11
sample01542,no,b_cell,5.03
sample01543,no,b_cell,15.24
sample01544,no,b_cell,13.13
sample01554,no,b_cell,11.12
sample01555,no,b_cell,17.09
sample01556,no,b_cell,4.27
sample01587,no,b_cell,7.78
sample01588,no,b_cell,7.26
sample01589,no,b_cell,6.42
sample01611,no,b_cell,9.51
sample01612,no,b_cell,11.91
sample01613,no,b_cell,6.15
sample01674,no,b_cell,7.53
sample01675,no,b_cell,10.55
sample01676,no,b_cell,6.94
sample01680,no,b_cell,13.01
sample01681,no,b_cell,7.77
sample01682,no,b_cell,11.38
sample01686,no,b_cell,18.81
sample01687,no,b_cell,9.97
sample01688,no,b_cell,12.45
sample01701,no,b_cell,7.49
sample01702,no,b_cell,6.86
sample01703,no,b_cell,17.3
sample01722,no,b_cell,10.67
sample01723,no,b_cell,17.41
sample01724,no,b_cell,7.33
sample01752,no,b_cell,9.77
sample01753,no,b_cell,8.81
sample01754,no,b_cell,9.98
sample01767,no,b_cell,8.7
sample01768,no,b_cell,10.03
sample01769,no,b_cell,12.11
sample01803,no,b_cell,7.34
sample01804,no,b_cell,4.99
sample01805,no,b_cell,10.72
sample01809,no,b_cell,12.94
sample01810,no,b_cell,8.22
sample01811,no,b_cell,12.25
sample01812,no,b_cell,11.03
sample01813,no,b_cell,7.31
sample01814,no,b_cell,12.42
sample01848,no,b_cell,5.14
sample01849,no,b_cell,11.87
sample01850,no,b_cell,8.26
sample01866,no,b_cell,3.97
sample01867,no,b_cell,8.44
sample01868,no,b_cell,11.0
sample01875,no,b_cell,12.37
sample01876,no,b_cell,6.13
sample01877,no,b_cell,18.1
sample01884,no,b_cell,12.77
sample01885,no,b_cell,13.84
sample01886,no,b_cell,8.56
sample01893,no,b_cell,9.08
sample01894,no,b_cell,10.25
sample01895,no,b_cell,19.13
sample01914,no,b_cell,14.03
sample01915,no,b_cell,16.55
sample01916,no,b_cell,17.3
sample01926,no,b_cell,12.99
sample01927,no,b_cell,8.94
sample01928,no,b_cell,9.87
sample01932,no,b_cell,11.96
sample01933,no,b_cell,11.89
sample01934,no,b_cell,11.53
sample01968,no,b_cell,9.07
sample01969,no,b_cell,9.31
sample01970,no,b_cell,4.99
sample01986,no,b_cell,9.64
sample01987,no,b_cell,12.57
sample01988,no,b_cell,10.72
sample01992,no,b_cell,5.58
sample01993,no,b_cell,7.93
sample01994,no,b_cell,11.12
sample02010,no,b_cell,9.22
sample02011,no,b_cell,14.07
sample02012,no,b_cell,9.64
sample02016,no,b_cell,12.85
sample02017,no,b_cell,9.09
sample02018,no,b_cell,11.48
sample02040,no,b_cell,8.14
sample02041,no,b_cell,13.36
sample02042,no,b_cell,9.61
sample02046,no,b_cell,10.76
sample02047,no,b_cell,5.74
sample02048,no,b_cell,7.27
sample02061,no,b_cell,14.25
sample02062,no,b_cell,9.17
sample02063,no,b_cell,9.35
sample02109,no,b_cell,8.81
sample02110,no,b_cell,14.5
sample02111,no,b_cell,8.64
sample02148,no,b_cell,13.14
sample02149,no,b_cell,9.34
sample02150,no,b_cell,10.08
sample02169,no,b_cell,5.93
sample02170,no,b_cell,6.02
sample02171,no,b_cell,6.55
sample02205,no,b_cell,8.75
sample02206,no,b_cell,21.09
sample02207,no,b_cell,16.17
sample02214,no,b_cell,12.03
sample02215,no,b_cell,10.89
sample02216,no,b_cell,8.05
sample02232,no,b_cell,10.07
sample02233,no,b_cell,7.25
sample02234,no,b_cell,7.12
sample02253,no,b_cell,8.43
sample02254,no,b_cell,12.77
sample02255,no,b_cell,13.17
sample02286,no,b_cell,8.38
sample02287,no,b_cell,14.25
sample02288,no,b_cell,10.57
sample02289,no,b_cell,11.75
sample02290,no,b_cell,13.07
sample02291,no,b_cell,4.03
sample02319,no,b_cell,11.75
sample02320,no,b_cell,10.9
sample02321,no,b_cell,11.0
sample02334,no,b_cell,15.21
sample02335,no,b_cell,11.41
sample02336,no,b_cell,13.9
sample02355,no,b_cell,7.46
sample02356,no,b_cell,10.96
sample02357,no,b_cell,8.45
sample02364,no,b_cell,9.35
sample02365,no,b_cell,9.31
sample02366,no,b_cell,7.56
sample02412,no,b_cell,6.39
sample02413,no,b_cell,11.21
sample02414,no,b_cell,11.13
sample02430,no,b_cell,15.61
sample02431,no,b_cell,16.34
sample02432,no,b_cell,9.71
sample02436,no,b_cell,10.91
sample02437,no,b_cell,11.77
sample02438,no,b_cell,13.72
sample02478,no,b_cell,11.42
sample02479,no,b_cell,11.3
sample02480,no,b_cell,12.65
sample02541,no,b_cell,6.94
sample02542,no,b_cell,10.22
sample02543,no,b_cell,9.0
sample02583,no,b_cell,10.87
sample02584,no,b_cell,7.05
sample02585,no,b_cell,8.04
sample02592,no,b_cell,10.2
sample02593,no,b_cell,10.12
sample02594,no,b_cell,10.25
sample02619,no,b_cell,8.82
sample02620,no,b_cell,16.74
sample02621,no,b_cell,11.43
sample02646,no,b_cell,11.47
sample02647,no,b_cell,10.71
sample02648,no,b_cell,10.4
sample02661,no,b_cell,11.36
sample02662,no,b_cell,7.7
sample02663,no,b_cell,14.16
sample02664,no,b_cell,7.04
sample02665,no,b_cell,10.6
sample02666,no,b_cell,6.62
sample02667,no,b_cell,14.31
sample02668,no,b_cell,10.6
sample02669,no,b_cell,6.76
sample02682,no,b_cell,6.97
sample02683,no,b_cell,9.89
sample02684,no,b_cell,9.26
sample02700,no,b_cell,9.76
sample02701,no,b_cell,8.38
sample02702,no,b_cell,8.97
sample02706,no,b_cell,8.39
sample02707,no,b_cell,5.85
sample02708,no,b_cell,10.48
sample02718,no,b_cell,11.09
sample02719,no,b_cell,5.01
sample02720,no,b_cell,8.96
sample02742,no,b_cell,8.59
sample02743,no,b_cell,5.24
sample02744,no,b_cell,8.86
sample02775,no,b_cell,13.88
sample02776,no,b_cell,17.32
sample02777,no,b_cell,12.55
sample02799,no,b_cell,15.22
sample02800,no,b_cell,13.01
sample02801,no,b_cell,13.58
sample02811,no,b_cell,10.51
sample02812,no,b_cell,6.81
sample02813,no,b_cell,6.96
sample02829,no,b_cell,10.88
sample02830,no,b_cell,5.58
sample02831,no,b_cell,9.11
sample02886,no,b_cell,10.3
sample02887,no,b_cell,10.92
sample02888,no,b_cell,9.18
sample02889,no,b_cell,12.96
sample02890,no,b_cell,5.29
sample02891,no,b_cell,13.05
sample02901,no,b_cell,13.83
sample02902,no,b_cell,11.74
sample02903,no,b_cell,8.95
sample02961,no,b_cell,13.93
sample02962,no,b_cell,12.97
sample02963,no,b_cell,4.58
sample02970,no,b_cell,11.84
sample02971,no,b_cell,6.41
sample02972,no,b_cell,5.12
sample03006,no,b_cell,9.28
sample03007,no,b_cell,10.53
sample03008,no,b_cell,9.15
sample03030,no,b_cell,5.81
sample03031,no,b_cell,12.67
sample03032,no,b_cell,12.59
sample03051,no,b_cell,11.55
sample03052,no,b_cell,11.13
sample03053,no,b_cell,16.8
sample03096,no,b_cell,11.45
sample03097,no,b_cell,8.26
sample03098,no,b_cell,5.75
sample03108,no,b_cell,9.04
sample03109,no,b_cell,9.0
sample03110,no,b_cell,9.93
sample03132,no,b_cell,7.29
sample03133,no,b_cell,16.5
sample03134,no,b_cell,10.72
sample03186,no,b_cell,9.01
sample03187,no,b_cell,9.41
sample03188,no,b_cell,13.1
sample03198,no,b_cell,12.56
sample03199,no,b_cell,11.21
sample03200,no,b_cell,10.64
sample03213,no,b_cell,10.04
sample03214,no,b_cell,8.23
sample03215,no,b_cell,10.76
sample03252,no,b_cell,4.83
sample03253,no,b_cell,7.09
sample03254,no,b_cell,8.85
sample03258,no,b_cell,11.26
sample03259,no,b_cell,8.88
sample03260,no,b_cell,8.95
sample03318,no,b_cell,13.74
sample03319,no,b_cell,14.72
sample03320,no,b_cell,10.28
sample03321,no,b_cell,5.17
sample03322,no,b_cell,6.12
sample03323,no,b_cell,5.58
sample03333,no,b_cell,11.59
sample03334,no,b_cell,12.73
sample03335,no,b_cell,6.74
sample03363,no,b_cell,9.32
sample03364,no,b_cell,10.55
sample03365,no,b_cell,5.51
sample03384,no,b_cell,13.02
sample03385,no,b_cell,11.76
sample03386,no,b_cell,18.84
sample03390,no,b_cell,7.35
sample03391,no,b_cell,14.05
sample03392,no,b_cell,11.12
sample03402,no,b_cell,6.28
sample03403,no,b_cell,9.41
sample03404,no,b_cell,7.06
sample03414,no,b_cell,10.06
sample03415,no,b_cell,9.99
sample03416,no,b_cell,10.41
sample03420,no,b_cell,8.77
sample03421,no,b_cell,9.74
sample03422,no,b_cell,7.89
sample03432,no,b_cell,7.61
sample03433,no,b_cell,5.77
sample03434,no,b_cell,4.68
sample03474,no,b_cell,5.65
sample03475,no,b_cell,10.29
sample03476,no,b_cell,10.06
sample03489,no,b_cell,11.34
sample03490,no,b_cell,12.07
sample03491,no,b_cell,15.37
sample03552,no,b_cell,8.82
sample03553,no,b_cell,8.4
sample03554,no,b_cell,12.41
sample03579,no,b_cell,5.56
sample03580,no,b_cell,9.1
sample03581,no,b_cell,13.01
sample03615,no,b_cell,9.85
sample03616,no,b_cell,8.8
sample03617,no,b_cell,10.46
sample03633,no,b_cell,13.43
sample03634,no,b_cell,9.19
sample03635,no,b_cell,5.93
sample03666,no,b_cell,14.32
sample03667,no,b_cell,13.79
sample03668,no,b_cell,11.41
sample03681,no,b_cell,6.16
sample03682,no,b_cell,7.34
sample03683,no,b_cell,10.2
sample03684,no,b_cell,9.99
sample03685,no,b_cell,7.88
sample03686,no,b_cell,5.56
sample03699,no,b_cell,6.93
sample03700,no,b_cell,12.89
sample03701,no,b_cell,6.5
sample03717,no,b_cell,7.63
sample03718,no,b_cell,6.77
sample03719,no,b_cell,14.53
sample03720,no,b_cell,11.99
sample03721,no,b_cell,8.31
sample03722,no,b_cell,9.66
sample03738,no,b_cell,9.45
sample03739,no,b_cell,7.4
sample03740,no,b_cell,7.62
sample03768,no,b_cell,11.85
sample03769,no,b_cell,5.88
sample03770,no,b_cell,9.03
sample03774,no,b_cell,7.49
sample03775,no,b_cell,11.59
sample03776,no,b_cell,12.87
sample03816,no,b_cell,14.92
sample03817,no,b_cell,12.89
sample03818,no,b_cell,9.14
sample03891,no,b_cell,10.39
sample03892,no,b_cell,6.84
sample03893,no,b_cell,13.82
sample03939,no,b_cell,7.24
sample03940,no,b_cell,7.89
sample03941,no,b_cell,12.42
sample03972,no,b_cell,12.07
sample03973,no,b_cell,10.79
sample03974,no,b_cell,3.73
sample04062,no,b_cell,6.17
sample04063,no,b_cell,18.37
sample04064,no,b_cell,9.55
sample04074,no,b_cell,10.69
sample04075,no,b_cell,13.22
sample04076,no,b_cell,11.27
sample04095,no,b_cell,10.98
sample04096,no,b_cell,9.0
sample04097,no,b_cell,17.45
sample04134,no,b_cell,9.0
sample04135,no,b_cell,17.7
sample04136,no,b_cell,15.6
sample04143,no,b_cell,11.96
sample04144,no,b_cell,10.51
sample04145,no,b_cell,11.37
sample04182,no,b_cell,7.26
sample04183,no,b_cell,10.79
sample04184,no,b_cell,15.19
sample04191,no,b_cell,11.13
sample04192,no,b_cell,11.04
sample04193,no,b_cell,11.54
sample04200,no,b_cell,9.82
sample04201,no,b_cell,7.28
sample04202,no,b_cell,7.94
sample04206,no,b_cell,11.7
sample04207,no,b_cell,9.21
sample04208,no,b_cell,11.74
sample04209,no,b_cell,10.5
sample04210,no,b_cell,8.96
sample04211,no,b_cell,11.81
sample04278,no,b_cell,9.82
sample04279,no,b_cell,11.8
sample04280,no,b_cell,11.81
sample04308,no,b_cell,8.15
sample04309,no,b_cell,13.21
sample04310,no,b_cell,14.78
sample04338,no,b_cell,13.12
sample04339,no,b_cell,9.55
sample04340,no,b_cell,9.45
sample04419,no,b_cell,9.4
sample04420,no,b_cell,10.96
sample04421,no,b_cell,9.69
sample04428,no,b_cell,9.96
sample04429,no,b_cell,6.07
sample04430,no,b_cell,12.55
sample04449,no,b_cell,5.43
sample04450,no,b_cell,10.44
sample04451,no,b_cell,15.59
sample07503,no,b_cell,6.75
sample07504,no,b_cell,9.0
sample07505,no,b_cell,6.73
sample07515,no,b_cell,8.22
sample07516,no,b_cell,10.34
sample07517,no,b_cell,8.02
sample07542,no,b_cell,11.24
sample07543,no,b_cell,9.14
sample07544,no,b_cell,4.85
sample07620,no,b_cell,8.91
sample07621,no,b_cell,8.24
sample07622,no,b_cell,11.85
sample07632,no,b_cell,7.22
sample07633,no,b_cell,11.11
sample07634,no,b_cell,8.9
sample07644,no,b_cell,9.19
sample07645,no,b_cell,7.89
sample07646,no,b_cell,7.94
sample07653,no,b_cell,9.83
sample07654,no,b_cell,8.51
sample07655,no,b_cell,8.49
sample07674,no,b_cell,8.89
sample07675,no,b_cell,7.6
sample07676,no,b_cell,8.01
sample07698,no,b_cell,8.21
sample07699,no,b_cell,10.11
sample07700,no,b_cell,11.91
sample07710,no,b_cell,20.78
sample07711,no,b_cell,7.97
sample07712,no,b_cell,9.95
sample07722,no,b_cell,7.6
sample07723,no,b_cell,10.2
sample07724,no,b_cell,9.35
sample07734,no,b_cell,6.94
sample07735,no,b_cell,9.71
sample07736,no,b_cell,10.53
sample07746,no,b_cell,7.64
sample07747,no,b_cell,8.38
sample07748,no,b_cell,6.55
sample07809,no,b_cell,8.58
sample07810,no,b_cell,7.75
sample07811,no,b_cell,4.33
sample07815,no,b_cell,13.62
sample07816,no,b_cell,8.3
sample07817,no,b_cell,12.43
sample07818,no,b_cell,7.97
sample07819,no,b_cell,16.28
sample07820,no,b_cell,11.2
sample07833,no,b_cell,4.66
sample07834,no,b_cell,13.57
sample07835,no,b_cell,5.9
sample07872,no,b_cell,10.64
sample07873,no,b_cell,8.8
sample07874,no,b_cell,10.09
sample07899,no,b_cell,2.06
sample07900,no,b_cell,3.79
sample07901,no,b_cell,12.8
sample07926,no,b_cell,16.84
sample07927,no,b_cell,7.38
sample07928,no,b_cell,7.92
sample07929,no,b_cell,10.61
sample07930,no,b_cell,10.09
sample07931,no,b_cell,11.91
sample07932,no,b_cell,13.42
sample07933,no,b_cell,8.3
sample07934,no,b_cell,16.24
sample07941,no,b_cell,9.79
sample07942,no,b_cell,12.91
sample07943,no,b_cell,8.0
sample07959,no,b_cell,4.8
sample07960,no,b_cell,7.37
sample07961,no,b_cell,11.74
sample08004,no,b_cell,4.74
sample08005,no,b_cell,11.74
sample08006,no,b_cell,9.24
sample08013,no,b_cell,11.32
sample08014,no,b_cell,12.26
sample08015,no,b_cell,12.43
sample08028,no,b_cell,9.14
sample08029,no,b_cell,7.05
sample08030,no,b_cell,14.92
sample08049,no,b_cell,9.76
sample08050,no,b_cell,7.28
sample08051,no,b_cell,12.24
sample08064,no,b_cell,8.8
sample08065,no,b_cell,7.14
sample08066,no,b_cell,6.89
sample08076,no,b_cell,13.61
sample08077,no,b_cell,8.13
sample08078,no,b_cell,6.18
sample08118,no,b_cell,9.56
sample08119,no,b_cell,9.69
sample08120,no,b_cell,10.52
sample08133,no,b_cell,5.08
sample08134,no,b_cell,12.55
sample08135,no,b_cell,10.74
sample08142,no,b_cell,7.55
sample08143,no,b_cell,13.55
sample08144,no,b_cell,18.46
sample08160,no,b_cell,5.62
sample08161,no,b_cell,12.31
sample08162,no,b_cell,7.7
sample08184,no,b_cell,10.69
sample08185,no,b_cell,13.53
sample08186,no,b_cell,10.63
sample08214,no,b_cell,6.63
sample08215,no,b_cell,10.22
sample08216,no,b_cell,6.19
sample08277,no,b_cell,9.28
sample08278,no,b_cell,10.93
sample08279,no,b_cell,8.52
sample08304,no,b_cell,13.13
sample08305,no,b_cell,16.09
sample08306,no,b_cell,9.88
sample08313,no,b_cell,9.69
sample08314,no,b_cell,10.33
sample08315,no,b_cell,9.53
sample08325,no,b_cell,9.11
sample08326,no,b_cell,5.48
sample08327,no,b_cell,12.87
sample08331,no,b_cell,12.6
sample08332,no,b_cell,21.3
sample08333,no,b_cell,16.41
sample08334,no,b_cell,6.26
sample08335,no,b_cell,9.74
sample08336,no,b_cell,10.59
sample08367,no,b_cell,11.22
sample08368,no,b_cell,10.4
sample08369,no,b_cell,7.03
sample08397,no,b_cell,6.38
sample08398,no,b_cell,10.83
sample08399,no,b_cell,5.63
sample08412,no,b_cell,12.1
sample08413,no,b_cell,7.34
sample08414,no,b_cell,4.88
sample08415,no,b_cell,9.27
sample08416,no,b_cell,3.08
sample08417,no,b_cell,8.59
sample08421,no,b_cell,8.71
sample08422,no,b_cell,5.4
sample08423,no,b_cell,16.8
sample08433,no,b_cell,10.97
sample08434,no,b_cell,10.9
sample08435,no,b_cell,10.55
sample08436,no,b_cell,8.28
sample08437,no,b_cell,13.25
sample08438,no,b_cell,13.14
sample08439,no,b_cell,9.34
sample08440,no,b_cell,11.02
sample08441,no,b_cell,4.25
sample08460,no,b_cell,20.28
sample08461,no,b_cell,8.94
sample08462,no,b_cell,6.19
sample08472,no,b_cell,10.81
sample08473,no,b_cell,7.8
sample08474,no,b_cell,8.55
sample08493,no,b_cell,15.11
sample08494,no,b_cell,13.77
sample08495,no,b_cell,6.58
sample08502,no,b_cell,7.66
sample08503,no,b_cell,5.14
sample08504,no,b_cell,9.84
sample08520,no,b_cell,10.14
sample08521,no,b_cell,11.51
sample08522,no,b_cell,9.98
sample08526,no,b_cell,9.09
sample08527,no,b_cell,6.55
sample08528,no,b_cell,7.82
sample08541,no,b_cell,10.13
sample08542,no,b_cell,4.56
sample08543,no,b_cell,5.68
sample08556,no,b_cell,10.37
sample08557,no,b_cell,9.53
sample08558,no,b_cell,9.11
sample08559,no,b_cell,12.99
sample08560,no,b_cell,7.87
sample08561,no,b_cell,9.73
sample08589,no,b_cell,13.77
sample08590,no,b_cell,13.11
sample08591,no,b_cell,14.19
sample08637,no,b_cell,13.44
sample08638,no,b_cell,10.41
sample08639,no,b_cell,12.96
sample08661,no,b_cell,12.67
sample08662,no,b_cell,10.61
sample08663,no,b_cell,8.22
sample08664,no,b_cell,9.74
sample08665,no,b_cell,16.68
sample08666,no,b_cell,9.08
sample08712,no,b_cell,11.32
sample08713,no,b_cell,12.92
sample08714,no,b_cell,11.94
sample08730,no,b_cell,13.21
sample08731,no,b_cell,13.35
sample08732,no,b_cell,7.67
sample08751,no,b_cell,3.93
sample08752,no,b_cell,10.7
sample08753,no,b_cell,6.79
sample08763,no,b_cell,12.31
sample08764,no,b_cell,12.76
sample08765,no,b_cell,14.59
sample08805,no,b_cell,7.27
sample08806,no,b_cell,8.69
sample08807,no,b_cell,10.01
sample08874,no,b_cell,8.11
sample08875,no,b_cell,9.03
sample08876,no,b_cell,5.6
sample08919,no,b_cell,9.11
sample08920,no,b_cell,5.75
sample08921,no,b_cell,9.96
sample08952,no,b_cell,12.9
sample08953,no,b_cell,9.12
sample08954,no,b_cell,6.2
sample08958,no,b_cell,19.42
sample08959,no,b_cell,7.79
sample08960,no,b_cell,14.18
sample08967,no,b_cell,3.77
sample08968,no,b_cell,9.26
sample08969,no,b_cell,10.5
sample08976,no,b_cell,12.63
sample08977,no,b_cell,4.87
sample08978,no,b_cell,7.62
sample09003,no,b_cell,8.3
sample09004,no,b_cell,8.78
sample09005,no,b_cell,6.18
sample09030,no,b_cell,16.09
sample09031,no,b_cell,8.05
sample09032,no,b_cell,15.93
sample09036,no,b_cell,10.21
sample09037,no,b_cell,6.07
sample09038,no,b_cell,7.49
sample09039,no,b_cell,10.81
sample09040,no,b_cell,9.04
sample09041,no,b_cell,9.54
sample09048,no,b_cell,5.65
sample09049,no,b_cell,5.29
sample09050,no,b_cell,10.81
sample09060,no,b_cell,10.9
sample09061,no,b_cell,13.73
sample09062,no,b_cell,9.88
sample09066,no,b_cell,6.54
sample09067,no,b_cell,13.34
sample09068,no,b_cell,10.76
sample09150,no,b_cell,11.08
sample09151,no,b_cell,9.43
sample09152,no,b_cell,8.52
sample09159,no,b_cell,6.73
sample09160,no,b_cell,11.88
sample09161,no,b_cell,6.14
sample09183,no,b_cell,10.14
sample09184,no,b_cell,6.6
sample09185,no,b_cell,10.41
sample09213,no,b_cell,11.71
sample09214,no,b_cell,8.18
sample09215,no,b_cell,7.56
sample09246,no,b_cell,7.89
sample09247,no,b_cell,12.59
sample09248,no,b_cell,9.91
sample09249,no,b_cell,9.15
sample09250,no,b_cell,9.14
sample09251,no,b_cell,11.16
sample09288,no,b_cell,6.16
sample09289,no,b_cell,7.78
sample09290,no,b_cell,9.72
sample09294,no,b_cell,12.99
sample09295,no,b_cell,8.69
sample09296,no,b_cell,6.13
sample09303,no,b_cell,6.0
sample09304,no,b_cell,6.16
sample09305,no,b_cell,13.48
sample09354,no,b_cell,7.42
sample09355,no,b_cell,13.74
sample09356,no,b_cell,12.02
sample09363,no,b_cell,9.62
sample09364,no,b_cell,13.75
sample09365,no,b_cell,9.77
sample09378,no,b_cell,9.78
sample09379,no,b_cell,11.02
sample09380,no,b_cell,8.17
sample09384,no,b_cell,6.98
sample09385,no,b_cell,8.88
sample09386,no,b_cell,8.95
sample09387,no,b_cell,7.89
sample09388,no,b_cell,10.66
sample09389,no,b_cell,10.89
sample09414,no,b_cell,11.66
sample09415,no,b_cell,8.53
sample09416,no,b_cell,13.19
sample09420,no,b_cell,10.97
sample09421,no,b_cell,14.72
sample09422,no,b_cell,15.97
sample09429,no,b_cell,4.87
sample09430,no,b_cell,6.29
sample09431,no,b_cell,16.31
sample09432,no,b_cell,10.22
sample09433,no,b_cell,13.18
sample09434,no,b_cell,7.64
sample09477,no,b_cell,8.84
sample09478,no,b_cell,16.82
sample09479,no,b_cell,10.35
sample09483,no,b_cell,11.25
sample09484,no,b_cell,11.27
sample09485,no,b_cell,7.72
sample09492,no,b_cell,8.98
sample09493,no,b_cell,7.66
sample09494,no,b_cell,10.38
sample09555,no,b_cell,12.81
sample09556,no,b_cell,14.77
sample09557,no,b_cell,10.13
sample09567,no,b_cell,6.09
sample09568,no,b_cell,10.18
sample09569,no,b_cell,8.93
sample09585,no,b_cell,10.04
sample09586,no,b_cell,13.85
sample09587,no,b_cell,12.01
sample09588,no,b_cell,13.63
sample09589,no,b_cell,4.69
sample09590,no,b_cell,11.29
sample09627,no,b_cell,7.83
sample09628,no,b_cell,11.3
sample09629,no,b_cell,11.46
sample09657,no,b_cell,8.63
sample09658,no,b_cell,6.83
sample09659,no,b_cell,9.76
sample09672,no,b_cell,8.6
sample09673,no,b_cell,11.9
sample09674,no,b_cell,8.34
sample09744,no,b_cell,10.12
sample09745,no,b_cell,8.43
sample09746,no,b_cell,12.91
sample09756,no,b_cell,10.92
sample09757,no,b_cell,10.26
sample09758,no,b_cell,11.27
sample09762,no,b_cell,7.78
sample09763,no,b_cell,9.72
sample09764,no,b_cell,8.39
sample09813,no,b_cell,9.96
sample09814,no,b_cell,8.51
sample09815,no,b_cell,10.7
sample09816,no,b_cell,11.27
sample09817,no,b_cell,4.91
sample09818,no,b_cell,9.41
sample09870,no,b_cell,10.4
sample09871,no,b_cell,14.36
sample09872,no,b_cell,8.69
sample09873,no,b_cell,14.7
sample09874,no,b_cell,8.87
sample09875,no,b_cell,12.08
sample09894,no,b_cell,2.83
sample09895,no,b_cell,12.47
sample09896,no,b_cell,14.28
sample09900,no,b_cell,13.7
sample09901,no,b_cell,6.18
sample09902,no,b_cell,8.57
sample09903,no,b_cell,14.11
sample09904,no,b_cell,5.34
sample09905,no,b_cell,10.28
sample09912,no,b_cell,13.01
sample09913,no,b_cell,8.65
sample09914,no,b_cell,8.37
sample09918,no,b_cell,9.81
sample09919,no,b_cell,9.98
sample09920,no,b_cell,7.7
sample09987,no,b_cell,9.69
sample09988,no,b_cell,7.95
sample09989,no,b_cell,9.47
sample09999,no,b_cell,6.28
sample10000,no,b_cell,16.33
sample10001,no,b_cell,7.7
sample10068,no,b_cell,12.0
sample10069,no,b_cell,8.85
sample10070,no,b_cell,4.7
sample10089,no,b_cell,11.85
sample10090,no,b_cell,7.87
sample10091,no,b_cell,8.79
sample10191,no,b_cell,12.0
sample10192,no,b_cell,10.57
sample10193,no,b_cell,8.29
sample10230,no,b_cell,7.71
sample10231,no,b_cell,18.24
sample10232,no,b_cell,6.68
sample10251,no,b_cell,6.34
sample10252,no,b_cell,10.47
sample10253,no,b_cell,8.93
sample10266,no,b_cell,8.83
sample10267,no,b_cell,10.75
sample10268,no,b_cell,16.53
sample10305,no,b_cell,10.14
sample10306,no,b_cell,11.17
sample10307,no,b_cell,10.59
sample10320,no,b_cell,12.94
sample10321,no,b_cell,11.74
sample10322,no,b_cell,7.82
sample10395,no,b_cell,7.82
sample10396,no,b_cell,11.23
sample10397,no,b_cell,9.57
sample10416,no,b_cell,9.12
sample10417,no,b_cell,10.96
sample10418,no,b_cell,6.31
sample10455,no,b_cell,6.85
sample10456,no,b_cell,4.6
sample10457,no,b_cell,13.25
sample10470,no,b_cell,8.77
sample10471,no,b_cell,6.54
sample10472,no,b_cell,19.49
sample10473,no,b_cell,4.85
sample10474,no,b_cell,8.77
sample10475,no,b_cell,14.66
sample00024,yes,b_cell,7.55
sample00025,yes,b_cell,12.26
sample00026,yes,b_cell,8.29
sample00060,yes,b_cell,10.66
sample00061,yes,b_cell,4.03
sample00062,yes,b_cell,10.56
sample00066,yes,b_cell,7.51
sample00067,yes,b_cell,11.04
sample00068,yes,b_cell,9.53
sample00075,yes,b_cell,13.83
sample00076,yes,b_cell,11.25
sample00077,yes,b_cell,9.11
sample00141,yes,b_cell,4.72
sample00142,yes,b_cell,10.48
sample00143,yes,b_cell,8.36
sample00165,yes,b_cell,10.59
sample00166,yes,b_cell,8.23
sample00167,yes,b_cell,8.8
sample00168,yes,b_cell,7.99
sample00169,yes,b_cell,8.64
sample00170,yes,b_cell,8.11
sample00261,yes,b_cell,8.6
sample00262,yes,b_cell,8.75
sample00263,yes,b_cell,10.39
sample00324,yes,b_cell,5.42
sample00325,yes,b_cell,9.2
sample00326,yes,b_cell,12.39
sample00327,yes,b_cell,12.26
sample00328,yes,b_cell,12.04
sample00329,yes,b_cell,9.7
sample00333,yes,b_cell,12.62
sample00334,yes,b_cell,13.7
sample00335,yes,b_cell,9.39
sample00369,yes,b_cell,9.7
sample00370,yes,b_cell,13.45
sample00371,yes,b_cell,3.98
sample00378,yes,b_cell,12.88
sample00379,yes,b_cell,16.26
sample00380,yes,b_cell,5.99
sample00426,yes,b_cell,12.57
sample00427,yes,b_cell,12.05
sample00428,yes,b_cell,4.24
sample00447,yes,b_cell,7.68
sample00448,yes,b_cell,5.61
sample00449,yes,b_cell,8.88
sample00483,yes,b_cell,10.43
sample00484,yes,b_cell,12.78
sample00485,yes,b_cell,10.52
sample00498,yes,b_cell,9.33
sample00499,yes,b_cell,11.19
sample00500,yes,b_cell,10.13
sample00510,yes,b_cell,5.69
sample00511,yes,b_cell,12.55
sample00512,yes,b_cell,7.72
sample00537,yes,b_cell,8.36
sample00538,yes,b_cell,13.21
sample00539,yes,b_cell,4.08
sample00543,yes,b_cell,10.33
sample00544,yes,b_cell,9.04
sample00545,yes,b_cell,17.02
sample00555,yes,b_cell,10.52
sample00556,yes,b_cell,5.71
sample00557,yes,b_cell,10.23
sample00564,yes,b_cell,10.78
sample00565,yes,b_cell,10.55
sample00566,yes,b_cell,13.67
sample00621,yes,b_cell,10.08
sample00622,yes,b_cell,11.42
sample00623,yes,b_cell,7.28
sample00630,yes,b_cell,5.0
sample00631,yes,b_cell,8.47
sample00632,yes,b_cell,12.39
sample00660,yes,b_cell,10.6
sample00661,yes,b_cell,6.98
sample00662,yes,b_cell,6.62
sample00675,yes,b_cell,12.47
sample00676,yes,b_cell,10.19
sample00677,yes,b_cell,12.27
sample00714,yes,b_cell,6.61
sample00715,yes,b_cell,13.57
sample00716,yes,b_cell,16.84
sample00753,yes,b_cell,7.72
sample00754,yes,b_cell,5.41
sample00755,yes,b_cell,6.91
sample00825,yes,b_cell,9.7
sample00826,yes,b_cell,15.81
sample00827,yes,b_cell,8.24
sample00840,yes,b_cell,5.93
sample00841,yes,b_cell,12.03
sample00842,yes,b_cell,5.49
sample00861,yes,b_cell,7.57
sample00862,yes,b_cell,5.91
sample00863,yes,b_cell,2.37
sample00873,yes,b_cell,6.41
sample00874,yes,b_cell,19.25
sample00875,yes,b_cell,11.56
sample00876,yes,b_cell,11.07
sample00877,yes,b_cell,8.09
sample00878,yes,b_cell,7.12
sample00888,yes,b_cell,7.08
sample00889,yes,b_cell,7.63
sample00890,yes,b_cell,12.56
sample00894,yes,b_cell,12.63
sample00895,yes,b_cell,11.68
sample00896,yes,b_cell,11.03
sample00912,yes,b_cell,8.8
sample00913,yes,b_cell,6.6
sample00914,yes,b_cell,9.85
sample00915,yes,b_cell,7.87
sample00916,yes,b_cell,5.95
sample00917,yes,b_cell,6.8
sample00939,yes,b_cell,8.3
sample00940,yes,b_cell,18.25
sample00941,yes,b_cell,9.47
sample01008,yes,b_cell,5.02
sample01009,yes,b_cell,12.23
sample01010,yes,b_cell,8.19
sample01017,yes,b_cell,8.37
sample01018,yes,b_cell,11.28
sample01019,yes,b_cell,4.64
sample01068,yes,b_cell,11.42
sample01069,yes,b_cell,8.93
sample01070,yes,b_cell,9.54
sample01074,yes,b_cell,8.62
sample01075,yes,b_cell,8.72
sample01076,yes,b_cell,9.97
sample01080,yes,b_cell,15.51
sample01081,yes,b_cell,10.0
sample01082,yes,b_cell,9.02
sample01092,yes,b_cell,9.23
sample01093,yes,b_cell,12.88
sample01094,yes,b_cell,5.14
sample01104,yes,b_cell,4.53
sample01105,yes,b_cell,13.87
sample01106,yes,b_cell,8.59
sample01128,yes,b_cell,21.03
sample01129,yes,b_cell,7.1
sample01130,yes,b_cell,12.6
sample01170,yes,b_cell,8.78
sample01171,yes,b_cell,9.92
sample01172,yes,b_cell,6.05
sample01245,yes,b_cell,9.06
sample01246,yes,b_cell,10.91
sample01247,yes,b_cell,7.2
sample01248,yes,b_cell,7.67
sample01249,yes,b_cell,7.17
sample01250,yes,b_cell,7.3
sample01260,yes,b_cell,13.23
sample01261,yes,b_cell,7.51
sample01262,yes,b_cell,14.72
sample01266,yes,b_cell,8.1
sample01267,yes,b_cell,11.67
sample01268,yes,b_cell,8.87
sample01284,yes,b_cell,9.72
sample01285,yes,b_cell,8.61
sample01286,yes,b_cell,9.0
sample01311,yes,b_cell,8.1
sample01312,yes,b_cell,9.37
sample01313,yes,b_cell,6.48
sample01326,yes,b_cell,11.36
sample01327,yes,b_cell,11.85
sample01328,yes,b_cell,10.25
sample01329,yes,b_cell,9.79
sample01330,yes,b_cell,11.45
sample01331,yes,b_cell,11.44
sample01332,yes,b_cell,15.87
sample01333,yes,b_cell,6.69
sample01334,yes,b_cell,6.97
sample01359,yes,b_cell,11.76
sample01360,yes,b_cell,9.0
sample01361,yes,b_cell,9.34
sample01377,yes,b_cell,6.18
sample01378,yes,b_cell,8.61
sample01379,yes,b_cell,11.39
sample01419,yes,b_cell,6.54
sample01420,yes,b_cell,8.84
sample01421,yes,b_cell,14.16
sample01422,yes,b_cell,9.57
sample01423,yes,b_cell,15.91
sample01424,yes,b_cell,7.52
sample01440,yes,b_cell,11.75
sample01441,yes,b_cell,5.96
sample01442,yes,b_cell,14.86
sample01458,yes,b_cell,14.28
sample01459,yes,b_cell,10.09
sample01460,yes,b_cell,12.5
sample01491,yes,b_cell,11.45
sample01492,yes,b_cell,7.21
sample01493,yes,b_cell,8.44
sample01497,yes,b_cell,14.16
sample01498,yes,b_cell,8.53
sample01499,yes,b_cell,10.46
sample01533,yes,b_cell,17.69
sample01534,yes,b_cell,9.86
sample01535,yes,b_cell,8.14
sample01536,yes,b_cell,6.52
sample01537,yes,b_cell,9.79
sample01538,yes,b_cell,14.68
sample01545,yes,b_cell,3.15
sample01546,yes,b_cell,10.39
sample01547,yes,b_cell,9.43
sample01602,yes,b_cell,9.97
sample01603,yes,b_cell,8.99
sample01604,yes,b_cell,8.73
sample01620,yes,b_cell,6.02
sample01621,yes,b_cell,4.96
sample01622,yes,b_cell,9.54
sample01635,yes,b_cell,13.21
sample01636,yes,b_cell,15.29
sample01637,yes,b_cell,10.88
sample01638,yes,b_cell,18.04
sample01639,yes,b_cell,5.13
sample01640,yes,b_cell,20.01
sample01665,yes,b_cell,11.75
sample01666,yes,b_cell,5.02
sample01667,yes,b_cell,6.22
sample01683,yes,b_cell,9.1
sample01684,yes,b_cell,11.09
sample01685,yes,b_cell,13.63
sample01692,yes,b_cell,10.52
sample01693,yes,b_cell,7.92
sample01694,yes,b_cell,13.64
sample01719,yes,b_cell,9.72
sample01720,yes,b_cell,5.79
sample01721,yes,b_cell,17.19
sample01728,yes,b_cell,4.98
sample01729,yes,b_cell,6.38
sample01730,yes,b_cell,14.09
sample01755,yes,b_cell,9.42
sample01756,yes,b_cell,8.93
sample01757,yes,b_cell,6.6
sample01785,yes,b_cell,8.89
sample01786,yes,b_cell,8.46
sample01787,yes,b_cell,5.95
sample01815,yes,b_cell,7.78
sample01816,yes,b_cell,5.34
sample01817,yes,b_cell,7.76
sample01824,yes,b_cell,11.74
sample01825,yes,b_cell,13.24
sample01826,yes,b_cell,7.59
sample01830,yes,b_cell,10.01
sample01831,yes,b_cell,7.21
sample01832,yes,b_cell,6.17
sample01833,yes,b_cell,10.65
sample01834,yes,b_cell,12.06
sample01835,yes,b_cell,14.72
sample01881,yes,b_cell,9.46
sample01882,yes,b_cell,5.6
sample01883,yes,b_cell,8.65
sample01899,yes,b_cell,10.99
sample01900,yes,b_cell,13.83
sample01901,yes,b_cell,5.85
sample01962,yes,b_cell,6.61
sample01963,yes,b_cell,6.42
sample01964,yes,b_cell,11.44
sample02037,yes,b_cell,11.6
sample02038,yes,b_cell,8.32
sample02039,yes,b_cell,7.88
sample02055,yes,b_cell,12.01
sample02056,yes,b_cell,11.44
sample02057,yes,b_cell,10.87
sample02064,yes,b_cell,12.0
sample02065,yes,b_cell,8.12
sample02066,yes,b_cell,11.05
sample02178,yes,b_cell,11.22
sample02179,yes,b_cell,10.57
sample02180,yes,b_cell,7.91
sample02196,yes,b_cell,9.51
sample02197,yes,b_cell,11.35
sample02198,yes,b_cell,6.01
sample02235,yes,b_cell,15.75
sample02236,yes,b_cell,7.1
sample02237,yes,b_cell,12.8
sample02244,yes,b_cell,8.21
sample02245,yes,b_cell,15.35
sample02246,yes,b_cell,3.98
sample02262,yes,b_cell,12.02
sample02263,yes,b_cell,5.89
sample02264,yes,b_cell,4.91
sample02340,yes,b_cell,16.15
sample02341,yes,b_cell,15.2
sample02342,yes,b_cell,11.09
sample02388,yes,b_cell,14.49
sample02389,yes,b_cell,14.72
sample02390,yes,b_cell,9.89
sample02439,yes,b_cell,5.83
sample02440,yes,b_cell,8.9
sample02441,yes,b_cell,6.32
sample02454,yes,b_cell,6.43
sample02455,yes,b_cell,5.71
sample02456,yes,b_cell,12.21
sample02466,yes,b_cell,8.02
sample02467,yes,b_cell,14.35
sample02468,yes,b_cell,6.69
sample02481,yes,b_cell,11.14
sample02482,yes,b_cell,12.07
sample02483,yes,b_cell,8.52
sample02490,yes,b_cell,9.87
sample02491,yes,b_cell,6.91
sample02492,yes,b_cell,7.42
sample02499,yes,b_cell,13.34
sample02500,yes,b_cell,9.95
sample02501,yes,b_cell,9.82
sample02517,yes,b_cell,10.31
sample02518,yes,b_cell,8.15
sample02519,yes,b_cell,16.17
sample02562,yes,b_cell,7.74
sample02563,yes,b_cell,9.56
sample02564,yes,b_cell,4.58
sample02574,yes,b_cell,5.24
sample02575,yes,b_cell,10.54
sample02576,yes,b_cell,13.23
sample02586,yes,b_cell,10.71
sample02587,yes,b_cell,11.67
sample02588,yes,b_cell,9.74
sample02589,yes,b_cell,6.73
sample02590,yes,b_cell,7.96
sample02591,yes,b_cell,9.29
sample02625,yes,b_cell,8.77
sample02626,yes,b_cell,9.57
sample02627,yes,b_cell,7.04
sample02640,yes,b_cell,6.04
sample02641,yes,b_cell,6.5
sample02642,yes,b_cell,8.02
sample02655,yes,b_cell,5.75
sample02656,yes,b_cell,8.83
sample02657,yes,b_cell,12.09
sample02673,yes,b_cell,8.47
sample02674,yes,b_cell,9.08
sample02675,yes,b_cell,6.65
sample02736,yes,b_cell,7.69
sample02737,yes,b_cell,9.23
sample02738,yes,b_cell,7.44
sample02754,yes,b_cell,12.1
sample02755,yes,b_cell,11.25
sample02756,yes,b_cell,8.39
sample02760,yes,b_cell,9.74
sample02761,yes,b_cell,6.26
sample02762,yes,b_cell,3.59
sample02766,yes,b_cell,5.1
sample02767,yes,b_cell,9.73
sample02768,yes,b_cell,11.49
sample02772,yes,b_cell,12.09
sample02773,yes,b_cell,17.18
sample02774,yes,b_cell,10.54
sample02781,yes,b_cell,6.92
sample02782,yes,b_cell,7.38
sample02783,yes,b_cell,16.2
sample02808,yes,b_cell,17.67
sample02809,yes,b_cell,9.05
sample02810,yes,b_cell,7.18
sample02823,yes,b_cell,19.28
sample02824,yes,b_cell,4.78
sample02825,yes,b_cell,12.07
sample02838,yes,b_cell,14.21
sample02839,yes,b_cell,16.96
sample02840,yes,b_cell,6.53
sample02847,yes,b_cell,12.72
sample02848,yes,b_cell,14.8
sample02849,yes,b_cell,9.03
sample02856,yes,b_cell,5.59
sample02857,yes,b_cell,5.48
sample02858,yes,b_cell,7.33
sample02874,yes,b_cell,5.14
sample02875,yes,b_cell,12.13
sample02876,yes,b_cell,9.7
sample02910,yes,b_cell,8.1
sample02911,yes,b_cell,8.36
sample02912,yes,b_cell,6.44
sample02916,yes,b_cell,14.9
sample02917,yes,b_cell,7.6
sample02918,yes,b_cell,9.14
sample02925,yes,b_cell,5.43
sample02926,yes,b_cell,5.38
sample02927,yes,b_cell,11.66
sample02928,yes,b_cell,7.53
sample02929,yes,b_cell,11.68
sample02930,yes,b_cell,7.61
sample02976,yes,b_cell,7.68
sample02977,yes,b_cell,15.93
sample02978,yes,b_cell,8.92
sample02991,yes,b_cell,14.53
sample02992,yes,b_cell,6.48
sample02993,yes,b_cell,11.51
sample02997,yes,b_cell,11.24
sample02998,yes,b_cell,8.96
sample02999,yes,b_cell,12.96
sample03000,yes,b_cell,12.27
sample03001,yes,b_cell,5.7
sample03002,yes,b_cell,9.03
sample03021,yes,b_cell,4.67
sample03022,yes,b_cell,12.11
sample03023,yes,b_cell,10.66
sample03024,yes,b_cell,9.68
sample03025,yes,b_cell,9.8
sample03026,yes,b_cell,4.93
sample03039,yes,b_cell,5.73
sample03040,yes,b_cell,12.8
sample03041,yes,b_cell,7.4
sample03066,yes,b_cell,6.75
sample03067,yes,b_cell,7.37
sample03068,yes,b_cell,7.94
sample03093,yes,b_cell,11.06
sample03094,yes,b_cell,14.84
sample03095,yes,b_cell,4.98
sample03120,yes,b_cell,8.79
sample03121,yes,b_cell,8.32
sample03122,yes,b_cell,9.26
sample03159,yes,b_cell,6.3
sample03160,yes,b_cell,14.2
sample03161,yes,b_cell,8.4
sample03183,yes,b_cell,8.04
sample03184,yes,b_cell,12.03
sample03185,yes,b_cell,16.05
sample03195,yes,b_cell,6.73
sample03196,yes,b_cell,15.81
sample03197,yes,b_cell,6.05
sample03246,yes,b_cell,10.19
sample03247,yes,b_cell,6.69
sample03248,yes,b_cell,5.87
sample03264,yes,b_cell,10.73
sample03265,yes,b_cell,11.07
sample03266,yes,b_cell,12.79
sample03267,yes,b_cell,16.0
sample03268,yes,b_cell,8.8
sample03269,yes,b_cell,9.68
sample03273,yes,b_cell,6.72
sample03274,yes,b_cell,3.51
sample03275,yes,b_cell,16.09
sample03285,yes,b_cell,6.3
sample03286,yes,b_cell,11.71
sample03287,yes,b_cell,18.37
sample03297,yes,b_cell,14.01
sample03298,yes,b_cell,6.2
sample03299,yes,b_cell,9.52
sample03303,yes,b_cell,6.89
sample03304,yes,b_cell,7.54
sample03305,yes,b_cell,12.13
sample03375,yes,b_cell,13.75
sample03376,yes,b_cell,5.71
sample03377,yes,b_cell,8.2
sample03381,yes,b_cell,13.41
sample03382,yes,b_cell,9.39
sample03383,yes,b_cell,10.66
sample03405,yes,b_cell,11.99
sample03406,yes,b_cell,14.39
sample03407,yes,b_cell,11.27
sample03453,yes,b_cell,19.4
sample03454,yes,b_cell,4.62
sample03455,yes,b_cell,11.81
sample03465,yes,b_cell,7.97
sample03466,yes,b_cell,5.29
sample03467,yes,b_cell,12.98
sample03486,yes,b_cell,13.87
sample03487,yes,b_cell,9.59
sample03488,yes,b_cell,7.53
sample03492,yes,b_cell,6.43
sample03493,yes,b_cell,17.72
sample03494,yes,b_cell,11.34
sample03531,yes,b_cell,8.29
sample03532,yes,b_cell,12.9
sample03533,yes,b_cell,15.84
sample03576,yes,b_cell,11.42
sample03577,yes,b_cell,9.23
sample03578,yes,b_cell,9.62
sample03588,yes,b_cell,10.64
sample03589,yes,b_cell,9.39
sample03590,yes,b_cell,6.4
sample03591,yes,b_cell,19.57
sample03592,yes,b_cell,6.93
sample03593,yes,b_cell,8.4
sample03621,yes,b_cell,11.35
sample03622,yes,b_cell,7.82
sample03623,yes,b_cell,13.01
sample03624,yes,b_cell,12.95
sample03625,yes,b_cell,5.19
sample03626,yes,b_cell,11.33
sample03747,yes,b_cell,13.33
sample03748,yes,b_cell,13.15
sample03749,yes,b_cell,9.86
sample03765,yes,b_cell,12.97
sample03766,yes,b_cell,9.01
sample03767,yes,b_cell,7.44
sample03789,yes,b_cell,15.98
sample03790,yes,b_cell,6.54
sample03791,yes,b_cell,11.31
sample03804,yes,b_cell,9.43
sample03805,yes,b_cell,9.19
sample03806,yes,b_cell,8.34
sample03819,yes,b_cell,4.32
sample03820,yes,b_cell,7.86
sample03821,yes,b_cell,7.4
sample03846,yes,b_cell,11.32
sample03847,yes,b_cell,12.13
sample03848,yes,b_cell,10.0
sample03852,yes,b_cell,7.54
sample03853,yes,b_cell,7.79
sample03854,yes,b_cell,7.16
sample03861,yes,b_cell,8.46
sample03862,yes,b_cell,14.93
sample03863,yes,b_cell,7.36
sample03885,yes,b_cell,13.86
sample03886,yes,b_cell,13.9
sample03887,yes,b_cell,11.32
sample03936,yes,b_cell,17.89
sample03937,yes,b_cell,9.07
sample03938,yes,b_cell,13.09
sample03942,yes,b_cell,10.38
sample03943,yes,b_cell,8.08
sample03944,yes,b_cell,7.28
sample03951,yes,b_cell,12.87
sample03952,yes,b_cell,14.59
sample03953,yes,b_cell,6.91
sample03963,yes,b_cell,7.48
sample03964,yes,b_cell,11.04
sample03965,yes,b_cell,7.22
sample03981,yes,b_cell,9.11
sample03982,yes,b_cell,11.09
sample03983,yes,b_cell,6.58
sample04014,yes,b_cell,7.42
sample04015,yes,b_cell,8.83
sample04016,yes,b_cell,16.29
sample04035,yes,b_cell,5.82
sample04036,yes,b_cell,12.73
sample04037,yes,b_cell,14.38
sample04047,yes,b_cell,7.27
sample04048,yes,b_cell,5.22
sample04049,yes,b_cell,9.87
sample04068,yes,b_cell,10.44
sample04069,yes,b_cell,9.93
sample04070,yes,b_cell,15.32
sample04128,yes,b_cell,17.05
sample04129,yes,b_cell,7.45
sample04130,yes,b_cell,7.39
sample04155,yes,b_cell,14.13
sample04156,yes,b_cell,13.57
sample04157,yes,b_cell,9.41
sample04170,yes,b_cell,10.12
sample04171,yes,b_cell,12.01
sample04172,yes,b_cell,8.19
sample04173,yes,b_cell,9.15
sample04174,yes,b_cell,13.55
sample04175,yes,b_cell,8.3
sample04188,yes,b_cell,11.2
sample04189,yes,b_cell,4.43
sample04190,yes,b_cell,8.78
sample04203,yes,b_cell,11.66
sample04204,yes,b_cell,8.44
sample04205,yes,b_cell,8.86
sample04224,yes,b_cell,11.22
sample04225,yes,b_cell,10.3
sample04226,yes,b_cell,6.07
sample04266,yes,b_cell,25.12
sample04267,yes,b_cell,7.43
sample04268,yes,b_cell,7.9
sample04284,yes,b_cell,9.9
sample04285,yes,b_cell,11.03
sample04286,yes,b_cell,5.28
sample04293,yes,b_cell,8.14
sample04294,yes,b_cell,7.88
sample04295,yes,b_cell,11.95
sample04296,yes,b_cell,10.42
sample04297,yes,b_cell,9.32
sample04298,yes,b_cell,15.57
sample04302,yes,b_cell,9.4
sample04303,yes,b_cell,6.39
sample04304,yes,b_cell,7.13
sample04347,yes,b_cell,10.24
sample04348,yes,b_cell,17.95
sample04349,yes,b_cell,13.07
sample04368,yes,b_cell,9.4
sample04369,yes,b_cell,9.75
sample04370,yes,b_cell,13.74
sample04377,yes,b_cell,15.68
sample04378,yes,b_cell,7.86
sample04379,yes,b_cell,11.88
sample04434,yes,b_cell,7.27
sample04435,yes,b_cell,5.83
sample04436,yes,b_cell,3.19
sample04461,yes,b_cell,17.08
sample04462,yes,b_cell,7.67
sample04463,yes,b_cell,8.28
sample04491,yes,b_cell,9.69
sample04492,yes,b_cell,15.02
sample04493,yes,b_cell,12.72
sample07506,yes,b_cell,8.1
sample07507,yes,b_cell,12.71
sample07508,yes,b_cell,17.28
sample07527,yes,b_cell,14.45
sample07528,yes,b_cell,6.13
sample07529,yes,b_cell,8.0
sample07551,yes,b_cell,7.8
sample07552,yes,b_cell,11.58
sample07553,yes,b_cell,6.98
sample07560,yes,b_cell,9.79
sample07561,yes,b_cell,10.0
sample07562,yes,b_cell,9.62
sample07575,yes,b_cell,5.86
sample07576,yes,b_cell,13.84
sample07577,yes,b_cell,6.29
sample07587,yes,b_cell,7.03
sample07588,yes,b_cell,4.1
sample07589,yes,b_cell,10.72
sample07593,yes,b_cell,9.45
sample07594,yes,b_cell,12.98
sample07595,yes,b_cell,15.31
sample07614,yes,b_cell,7.8
sample07615,yes,b_cell,9.89
sample07616,yes,b_cell,10.78
sample07647,yes,b_cell,11.74
sample07648,yes,b_cell,7.14
sample07649,yes,b_cell,6.88
sample07665,yes,b_cell,6.69
sample07666,yes,b_cell,6.42
sample07667,yes,b_cell,15.82
sample07725,yes,b_cell,7.86
sample07726,yes,b_cell,7.06
sample07727,yes,b_cell,11.25
sample07761,yes,b_cell,8.12
sample07762,yes,b_cell,4.41
sample07763,yes,b_cell,9.59
sample07800,yes,b_cell,14.49
sample07801,yes,b_cell,14.45
sample07802,yes,b_cell,8.59
sample07821,yes,b_cell,8.65
sample07822,yes,b_cell,12.6
sample07823,yes,b_cell,9.15
sample07824,yes,b_cell,11.33
sample07825,yes,b_cell,8.47
sample07826,yes,b_cell,7.02
sample07827,yes,b_cell,6.56
sample07828,yes,b_cell,14.97
sample07829,yes,b_cell,13.7
sample07836,yes,b_cell,9.47
sample07837,yes,b_cell,9.32
sample07838,yes,b_cell,6.73
sample07905,yes,b_cell,9.94
sample07906,yes,b_cell,5.96
sample07907,yes,b_cell,5.98
sample07968,yes,b_cell,6.4
sample07969,yes,b_cell,8.06
sample07970,yes,b_cell,17.77
sample08040,yes,b_cell,8.87
sample08041,yes,b_cell,6.15
sample08042,yes,b_cell,12.45
sample08055,yes,b_cell,8.47
sample08056,yes,b_cell,6.96
sample08057,yes,b_cell,10.87
sample08085,yes,b_cell,17.78
sample08086,yes,b_cell,10.52
sample08087,yes,b_cell,6.97
sample08121,yes,b_cell,6.22
sample08122,yes,b_cell,8.2
sample08123,yes,b_cell,6.77
sample08127,yes,b_cell,13.54
sample08128,yes,b_cell,13.22
sample08129,yes,b_cell,9.03
sample08151,yes,b_cell,6.78
sample08152,yes,b_cell,9.59
sample08153,yes,b_cell,6.13
sample08166,yes,b_cell,9.51
sample08167,yes,b_cell,6.6
sample08168,yes,b_cell,6.12
sample08178,yes,b_cell,13.16
sample08179,yes,b_cell,13.3
sample08180,yes,b_cell,6.19
sample08199,yes,b_cell,9.02
sample08200,yes,b_cell,17.65
sample08201,yes,b_cell,6.81
sample08247,yes,b_cell,15.5
sample08248,yes,b_cell,4.66
sample08249,yes,b_cell,11.68
sample08274,yes,b_cell,9.49
sample08275,yes,b_cell,5.39
sample08276,yes,b_cell,12.73
sample08289,yes,b_cell,12.94
sample08290,yes,b_cell,12.63
sample08291,yes,b_cell,12.13
sample08298,yes,b_cell,7.94
sample08299,yes,b_cell,14.74
sample08300,yes,b_cell,16.33
sample08328,yes,b_cell,4.87
sample08329,yes,b_cell,9.14
sample08330,yes,b_cell,3.84
sample08337,yes,b_cell,6.73
sample08338,yes,b_cell,8.29
sample08339,yes,b_cell,15.68
sample08349,yes,b_cell,10.79
sample08350,yes,b_cell,8.63
sample08351,yes,b_cell,9.05
sample08352,yes,b_cell,12.95
sample08353,yes,b_cell,5.12
sample08354,yes,b_cell,10.22
sample08361,yes,b_cell,11.28
sample08362,yes,b_cell,10.86
sample08363,yes,b_cell,10.93
sample08388,yes,b_cell,6.75
sample08389,yes,b_cell,11.76
sample08390,yes,b_cell,13.85
sample08403,yes,b_cell,13.07
sample08404,yes,b_cell,13.02
sample08405,yes,b_cell,7.43
sample08442,yes,b_cell,10.25
sample08443,yes,b_cell,8.34
sample08444,yes,b_cell,10.02
sample08466,yes,b_cell,10.25
sample08467,yes,b_cell,8.93
sample08468,yes,b_cell,11.15
sample08481,yes,b_cell,10.59
sample08482,yes,b_cell,5.77
sample08483,yes,b_cell,9.37
sample08568,yes,b_cell,10.78
sample08569,yes,b_cell,5.4
sample08570,yes,b_cell,10.2
sample08583,yes,b_cell,10.49
sample08584,yes,b_cell,6.69
sample08585,yes,b_cell,9.29
sample08595,yes,b_cell,11.36
sample08596,yes,b_cell,14.43
sample08597,yes,b_cell,13.67
sample08610,yes,b_cell,10.93
sample08611,yes,b_cell,7.18
sample08612,yes,b_cell,9.73
sample08655,yes,b_cell,11.03
sample08656,yes,b_cell,8.98
sample08657,yes,b_cell,10.42
sample08685,yes,b_cell,8.18
sample08686,yes,b_cell,8.33
sample08687,yes,b_cell,3.25
sample08706,yes,b_cell,10.55
sample08707,yes,b_cell,5.19
sample08708,yes,b_cell,7.05
sample08718,yes,b_cell,14.32
sample08719,yes,b_cell,6.4
sample08720,yes,b_cell,5.06
sample08724,yes,b_cell,7.91
sample08725,yes,b_cell,11.69
sample08726,yes,b_cell,7.94
sample08769,yes,b_cell,9.68
sample08770,yes,b_cell,6.11
sample08771,yes,b_cell,9.46
sample08781,yes,b_cell,6.75
sample08782,yes,b_cell,7.16
sample08783,yes,b_cell,6.45
sample08829,yes,b_cell,20.18
sample08830,yes,b_cell,7.12
sample08831,yes,b_cell,6.4
sample08832,yes,b_cell,10.7
sample08833,yes,b_cell,12.56
sample08834,yes,b_cell,7.95
sample08853,yes,b_cell,6.89
sample08854,yes,b_cell,14.27
sample08855,yes,b_cell,15.28
sample08856,yes,b_cell,10.35
sample08857,yes,b_cell,8.94
sample08858,yes,b_cell,6.15
sample08895,yes,b_cell,10.06
sample08896,yes,b_cell,6.82
sample08897,yes,b_cell,7.23
sample08913,yes,b_cell,7.99
sample08914,yes,b_cell,9.72
sample08915,yes,b_cell,16.53
sample08925,yes,b_cell,12.94
sample08926,yes,b_cell,4.91
sample08927,yes,b_cell,8.96
sample08943,yes,b_cell,7.42
sample08944,yes,b_cell,7.05
sample08945,yes,b_cell,5.51
sample08946,yes,b_cell,9.68
sample08947,yes,b_cell,8.15
sample08948,yes,b_cell,5.16
sample08970,yes,b_cell,8.18
sample08971,yes,b_cell,9.05
sample08972,yes,b_cell,8.84
sample08979,yes,b_cell,6.7
sample08980,yes,b_cell,7.73
sample08981,yes,b_cell,7.08
sample09009,yes,b_cell,6.78
sample09010,yes,b_cell,14.69
sample09011,yes,b_cell,10.21
sample09018,yes,b_cell,9.79
sample09019,yes,b_cell,13.43
sample09020,yes,b_cell,10.11
sample09024,yes,b_cell,10.33
sample09025,yes,b_cell,12.0
sample09026,yes,b_cell,15.8
sample09072,yes,b_cell,12.1
sample09073,yes,b_cell,9.12
sample09074,yes,b_cell,7.39
sample09081,yes,b_cell,13.36
sample09082,yes,b_cell,7.29
sample09083,yes,b_cell,14.75
sample09087,yes,b_cell,6.88
sample09088,yes,b_cell,8.53
sample09089,yes,b_cell,10.95
sample09102,yes,b_cell,9.78
sample09103,yes,b_cell,5.66
sample09104,yes,b_cell,6.77
sample09114,yes,b_cell,10.02
sample09115,yes,b_cell,9.52
sample09116,yes,b_cell,10.31
sample09129,yes,b_cell,13.32
sample09130,yes,b_cell,6.09
sample09131,yes,b_cell,3.36
sample09144,yes,b_cell,6.77
sample09145,yes,b_cell,18.05
sample09146,yes,b_cell,7.85
sample09162,yes,b_cell,15.65
sample09163,yes,b_cell,10.67
sample09164,yes,b_cell,5.23
sample09171,yes,b_cell,12.26
sample09172,yes,b_cell,15.14
sample09173,yes,b_cell,11.67
sample09180,yes,b_cell,10.96
sample09181,yes,b_cell,9.98
sample09182,yes,b_cell,7.74
sample09198,yes,b_cell,7.49
sample09199,yes,b_cell,15.1
sample09200,yes,b_cell,14.52
sample09243,yes,b_cell,9.02
sample09244,yes,b_cell,9.08
sample09245,yes,b_cell,6.64
sample09300,yes,b_cell,6.07
sample09301,yes,b_cell,6.31
sample09302,yes,b_cell,5.22
sample09390,yes,b_cell,16.26
sample09391,yes,b_cell,7.44
sample09392,yes,b_cell,6.42
sample09393,yes,b_cell,12.68
sample09394,yes,b_cell,9.32
sample09395,yes,b_cell,9.71
sample09441,yes,b_cell,3.89
sample09442,yes,b_cell,10.15
sample09443,yes,b_cell,14.24
sample09450,yes,b_cell,6.15
sample09451,yes,b_cell,6.72
sample09452,yes,b_cell,2.9
sample09459,yes,b_cell,10.97
sample09460,yes,b_cell,9.87
sample09461,yes,b_cell,14.36
sample09468,yes,b_cell,7.07
sample09469,yes,b_cell,12.45
sample09470,yes,b_cell,5.99
sample09486,yes,b_cell,3.49
sample09487,yes,b_cell,6.76
sample09488,yes,b_cell,6.45
sample09489,yes,b_cell,11.19
sample09490,yes,b_cell,3.71
sample09491,yes,b_cell,7.62
sample09495,yes,b_cell,12.64
sample09496,yes,b_cell,10.52
sample09497,yes,b_cell,8.53
sample09513,yes,b_cell,11.94
sample09514,yes,b_cell,11.89
sample09515,yes,b_cell,3.9
sample09519,yes,b_cell,9.34
sample09520,yes,b_cell,6.36
sample09521,yes,b_cell,10.55
sample09546,yes,b_cell,12.63
sample09547,yes,b_cell,7.84
sample09548,yes,b_cell,7.21
sample09573,yes,b_cell,12.22
sample09574,yes,b_cell,12.23
sample09575,yes,b_cell,11.87
sample09579,yes,b_cell,5.75
sample09580,yes,b_cell,13.66
sample09581,yes,b_cell,7.37
sample09582,yes,b_cell,7.64
sample09583,yes,b_cell,12.88
sample09584,yes,b_cell,10.08
sample09591,yes,b_cell,12.82
sample09592,yes,b_cell,13.77
sample09593,yes,b_cell,7.02
sample09597,yes,b_cell,8.36
sample09598,yes,b_cell,11.56
sample09599,yes,b_cell,9.56
sample09606,yes,b_cell,21.75
sample09607,yes,b_cell,6.9
sample09608,yes,b_cell,9.98
sample09612,yes,b_cell,7.1
sample09613,yes,b_cell,8.45
sample09614,yes,b_cell,5.33
sample09615,yes,b_cell,7.64
sample09616,yes,b_cell,10.68
sample09617,yes,b_cell,13.82
sample09666,yes,b_cell,4.68
sample09667,yes,b_cell,7.4
sample09668,yes,b_cell,13.87
sample09690,yes,b_cell,9.25
sample09691,yes,b_cell,8.44
sample09692,yes,b_cell,7.44
sample09699,yes,b_cell,10.02
sample09700,yes,b_cell,12.56
sample09701,yes,b_cell,7.48
sample09705,yes,b_cell,11.57
sample09706,yes,b_cell,6.63
sample09707,yes,b_cell,7.12
sample09720,yes,b_cell,15.61
sample09721,yes,b_cell,7.61
sample09722,yes,b_cell,8.4
sample09783,yes,b_cell,10.38
sample09784,yes,b_cell,8.82
sample09785,yes,b_cell,10.41
sample09798,yes,b_cell,10.74
sample09799,yes,b_cell,6.11
sample09800,yes,b_cell,7.57
sample09909,yes,b_cell,19.26
sample09910,yes,b_cell,9.5
sample09911,yes,b_cell,17.96
sample09924,yes,b_cell,13.91
sample09925,yes,b_cell,6.54
sample09926,yes,b_cell,13.01
sample09963,yes,b_cell,11.1
sample09964,yes,b_cell,15.99
sample09965,yes,b_cell,8.77
sample09978,yes,b_cell,15.96
sample09979,yes,b_cell,5.21
sample09980,yes,b_cell,10.9
sample09990,yes,b_cell,11.6
sample09991,yes,b_cell,5.21
sample09992,yes,b_cell,10.46
sample09996,yes,b_cell,11.21
sample09997,yes,b_cell,7.72
sample09998,yes,b_cell,15.14
sample10038,yes,b_cell,4.67
sample10039,yes,b_cell,11.49
sample10040,yes,b_cell,7.4
sample10041,yes,b_cell,7.55
sample10042,yes,b_cell,12.33
sample10043,yes,b_cell,10.45
sample10095,yes,b_cell,8.42
sample10096,yes,b_cell,10.04
sample10097,yes,b_cell,9.0
sample10116,yes,b_cell,9.48
sample10117,yes,b_cell,12.48
sample10118,yes,b_cell,6.64
sample10125,yes,b_cell,12.48
sample10126,yes,b_cell,14.59
sample10127,yes,b_cell,7.94
sample10128,yes,b_cell,7.37
sample10129,yes,b_cell,9.39
sample10130,yes,b_cell,13.74
sample10131,yes,b_cell,11.68
sample10132,yes,b_cell,9.74
sample10133,yes,b_cell,11.6
sample10140,yes,b_cell,10.1
sample10141,yes,b_cell,11.56
sample10142,yes,b_cell,9.11
sample10179,yes,b_cell,11.61
sample10180,yes,b_cell,11.04
sample10181,yes,b_cell,12.25
sample10197,yes,b_cell,6.62
sample10198,yes,b_cell,12.93
sample10199,yes,b_cell,13.6
sample10233,yes,b_cell,8.1
sample10234,yes,b_cell,12.69
sample10235,yes,b_cell,9.0
sample10248,yes,b_cell,7.25
sample10249,yes,b_cell,11.29
sample10250,yes,b_cell,9.54
sample10323,yes,b_cell,7.41
sample10324,yes,b_cell,12.22
sample10325,yes,b_cell,10.3
sample10335,yes,b_cell,7.8
sample10336,yes,b_cell,5.4
sample10337,yes,b_cell,5.02
sample10341,yes,b_cell,8.84
sample10342,yes,b_cell,16.64
sample10343,yes,b_cell,4.59
sample10347,yes,b_cell,6.88
sample10348,yes,b_cell,10.03
sample10349,yes,b_cell,14.42
sample10356,yes,b_cell,9.79
sample10357,yes,b_cell,12.09
sample10358,yes,b_cell,8.58
sample10383,yes,b_cell,10.7
sample10384,yes,b_cell,12.27
sample10385,yes,b_cell,8.61
sample10386,yes,b_cell,5.85
sample10387,yes,b_cell,10.09
sample10388,yes,b_cell,6.27
sample10392,yes,b_cell,10.62
sample10393,yes,b_cell,10.62
sample10394,yes,b_cell,3.54
sample10410,yes,b_cell,11.0
sample10411,yes,b_cell,6.26
sample10412,yes,b_cell,18.52
sample10443,yes,b_cell,7.76
sample10444,yes,b_cell,7.25
sample10445,yes,b_cell,15.33
sample10491,yes,b_cell,13.08
sample10492,yes,b_cell,9.11
sample10493,yes,b_cell,10.37
sample00000,no,cd4_t_cell,21.98
sample00001,no,cd4_t_cell,33.19
sample00002,no,cd4_t_cell,26.15
sample00006,no,cd4_t_cell,28.38
sample00007,no,cd4_t_cell,34.41
sample00008,no,cd4_t_cell,23.58
sample00009,no,cd4_t_cell,22.02
sample00010,no,cd4_t_cell,25.92
sample00011,no,cd4_t_cell,32.72
sample00072,no,cd4_t_cell,24.01
sample00073,no,cd4_t_cell,25.27
sample00074,no,cd4_t_cell,36.54
sample00081,no,cd4_t_cell,33.49
sample00082,no,cd4_t_cell,29.55
sample00083,no,cd4_t_cell,26.93
sample00123,no,cd4_t_cell,29.48
sample00124,no,cd4_t_cell,31.12
sample00125,no,cd4_t_cell,25.01
sample00153,no,cd4_t_cell,28.46
sample00154,no,cd4_t_cell,29.52
sample00155,no,cd4_t_cell,30.01
sample00174,no,cd4_t_cell,33.7
sample00175,no,cd4_t_cell,34.04
sample00176,no,cd4_t_cell,32.65
sample00186,no,cd4_t_cell,21.18
sample00187,no,cd4_t_cell,26.73
sample00188,no,cd4_t_cell,32.64
sample00189,no,cd4_t_cell,34.81
sample00190,no,cd4_t_cell,27.99
sample00191,no,cd4_t_cell,26.41
sample00213,no,cd4_t_cell,33.97
sample00214,no,cd4_t_cell,23.09
sample00215,no,cd4_t_cell,31.77
sample00243,no,cd4_t_cell,32.83
sample00244,no,cd4_t_cell,36.55
sample00245,no,cd4_t_cell,33.56
sample00249,no,cd4_t_cell,24.16
sample00250,no,cd4_t_cell,23.75
sample00251,no,cd4_t_cell,30.25
sample00285,no,cd4_t_cell,35.55
sample00286,no,cd4_t_cell,29.31
sample00287,no,cd4_t_cell,23.39
sample00402,no,cd4_t_cell,30.23
sample00403,no,cd4_t_cell,33.18
sample00404,no,cd4_t_cell,28.72
sample00411,no,cd4_t_cell,37.89
sample00412,no,cd4_t_cell,27.86
sample00413,no,cd4_t_cell,34.65
sample00414,no,cd4_t_cell,26.16
sample00415,no,cd4_t_cell,22.34
sample00416,no,cd4_t_cell,39.26
sample00435,no,cd4_t_cell,28.88
sample00436,no,cd4_t_cell,27.6
sample00437,no,cd4_t_cell,26.83
sample00459,no,cd4_t_cell,31.82
sample00460,no,cd4_t_cell,32.52
sample00461,no,cd4_t_cell,32.21
sample00465,no,cd4_t_cell,27.37
sample00466,no,cd4_t_cell,29.63
sample00467,no,cd4_t_cell,24.78
sample00471,no,cd4_t_cell,36.18
sample00472,no,cd4_t_cell,28.12
sample00473,no,cd4_t_cell,32.65
sample00480,no,cd4_t_cell,27.18
sample00481,no,cd4_t_cell,26.56
sample00482,no,cd4_t_cell,28.88
sample00492,no,cd4_t_cell,29.17
sample00493,no,cd4_t_cell,16.59
sample00494,no,cd4_t_cell,28.7
sample00513,no,cd4_t_cell,32.17
sample00514,no,cd4_t_cell,36.88
sample00515,no,cd4_t_cell,30.93
sample00516,no,cd4_t_cell,28.81
sample00517,no,cd4_t_cell,27.33
sample00518,no,cd4_t_cell,31.02
sample00522,no,cd4_t_cell,29.54
sample00523,no,cd4_t_cell,25.5
sample00524,no,cd4_t_cell,37.82
sample00534,no,cd4_t_cell,30.23
sample00535,no,cd4_t_cell,33.27
sample00536,no,cd4_t_cell,26.4
sample00585,no,cd4_t_cell,34.11
sample00586,no,cd4_t_cell,30.69
sample00587,no,cd4_t_cell,29.35
sample00588,no,cd4_t_cell,26.11
sample00589,no,cd4_t_cell,23.66
sample00590,no,cd4_t_cell,30.07
sample00624,no,cd4_t_cell,34.85
sample00625,no,cd4_t_cell,25.26
sample00626,no,cd4_t_cell,39.11
sample00639,no,cd4_t_cell,29.79
sample00640,no,cd4_t_cell,37.54
sample00641,no,cd4_t_cell,28.6
sample00693,no,cd4_t_cell,31.79
sample00694,no,cd4_t_cell,22.11
sample00695,no,cd4_t_cell,22.91
sample00696,no,cd4_t_cell,26.66
sample00697,no,cd4_t_cell,39.71
sample00698,no,cd4_t_cell,32.99
sample00717,no,cd4_t_cell,24.69
sample00718,no,cd4_t_cell,35.76
sample00719,no,cd4_t_cell,35.16
sample00726,no,cd4_t_cell,27.76
sample00727,no,cd4_t_cell,31.93
sample00728,no,cd4_t_cell,34.95
sample00756,no,cd4_t_cell,31.17
sample00757,no,cd4_t_cell,31.75
sample00758,no,cd4_t_cell,31.45
sample00798,no,cd4_t_cell,25.61
sample00799,no,cd4_t_cell,35.86
sample00800,no,cd4_t_cell,19.74
sample00807,no,cd4_t_cell,29.89
sample00808,no,cd4_t_cell,25.8
sample00809,no,cd4_t_cell,26.65
sample00849,no,cd4_t_cell,31.54
sample00850,no,cd4_t_cell,39.08
sample00851,no,cd4_t_cell,30.73
sample00867,no,cd4_t_cell,30.87
sample00868,no,cd4_t_cell,25.93
sample00869,no,cd4_t_cell,33.36
sample00918,no,cd4_t_cell,29.49
sample00919,no,cd4_t_cell,34.94
sample00920,no,cd4_t_cell,31.08
sample00966,no,cd4_t_cell,28.1
sample00967,no,cd4_t_cell,32.66
sample00968,no,cd4_t_cell,27.94
sample00987,no,cd4_t_cell,21.74
sample00988,no,cd4_t_cell,30.7
sample00989,no,cd4_t_cell,26.46
sample01011,no,cd4_t_cell,23.81
sample01012,no,cd4_t_cell,35.63
sample01013,no,cd4_t_cell,32.81
sample01023,no,cd4_t_cell,24.69
sample01024,no,cd4_t_cell,39.63
sample01025,no,cd4_t_cell,25.86
sample01041,no,cd4_t_cell,25.7
sample01042,no,cd4_t_cell,27.14
sample01043,no,cd4_t_cell,31.51
sample01053,no,cd4_t_cell,28.5
sample01054,no,cd4_t_cell,28.7
sample01055,no,cd4_t_cell,26.11
sample01062,no,cd4_t_cell,31.98
sample01063,no,cd4_t_cell,24.71
sample01064,no,cd4_t_cell,24.74
sample01110,no,cd4_t_cell,30.88
sample01111,no,cd4_t_cell,25.44
sample01112,no,cd4_t_cell,23.68
sample01134,no,cd4_t_cell,33.12
sample01135,no,cd4_t_cell,26.06
sample01136,no,cd4_t_cell,32.23
sample01137,no,cd4_t_cell,39.51
sample01138,no,cd4_t_cell,26.59
sample01139,no,cd4_t_cell,37.1
sample01143,no,cd4_t_cell,24.57
sample01144,no,cd4_t_cell,31.3
sample01145,no,cd4_t_cell,27.53
sample01152,no,cd4_t_cell,32.34
sample01153,no,cd4_t_cell,36.57
sample01154,no,cd4_t_cell,30.39
sample01161,no,cd4_t_cell,23.95
sample01162,no,cd4_t_cell,25.83
sample01163,no,cd4_t_cell,34.7
sample01218,no,cd4_t_cell,31.69
sample01219,no,cd4_t_cell,27.38
sample01220,no,cd4_t_cell,34.81
sample01227,no,cd4_t_cell,22.61
sample01228,no,cd4_t_cell,21.51
sample01229,no,cd4_t_cell,38.89
sample01230,no,cd4_t_cell,29.1
sample01231,no,cd4_t_cell,30.16
sample01232,no,cd4_t_cell,25.46
sample01242,no,cd4_t_cell,30.9
sample01243,no,cd4_t_cell,27.85
sample01244,no,cd4_t_cell,29.25
sample01314,no,cd4_t_cell,27.58
sample01315,no,cd4_t_cell,24.18
sample01316,no,cd4_t_cell,36.33
sample01344,no,cd4_t_cell,33.0
sample01345,no,cd4_t_cell,29.23
sample01346,no,cd4_t_cell,26.9
sample01386,no,cd4_t_cell,37.01
sample01387,no,cd4_t_cell,27.92
sample01388,no,cd4_t_cell,22.47
sample01395,no,cd4_t_cell,34.42
sample01396,no,cd4_t_cell,32.62
sample01397,no,cd4_t_cell,27.51
sample01413,no,cd4_t_cell,28.94
sample01414,no,cd4_t_cell,32.21
sample01415,no,cd4_t_cell,26.35
sample01431,no,cd4_t_cell,20.46
sample01432,no,cd4_t_cell,22.58
sample01433,no,cd4_t_cell,32.9
sample01542,no,cd4_t_cell,32.16
sample01543,no,cd4_t_cell,19.05
sample01544,no,cd4_t_cell,32.35
sample01554,no,cd4_t_cell,27.84
sample01555,no,cd4_t_cell,41.11
sample01556,no,cd4_t_cell,25.49
sample01587,no,cd4_t_cell,34.06
sample01588,no,cd4_t_cell,36.06
sample01589,no,cd4_t_cell,33.61
sample01611,no,cd4_t_cell,29.26
sample01612,no,cd4_t_cell,40.19
sample01613,no,cd4_t_cell,21.84
sample01674,no,cd4_t_cell,23.29
sample01675,no,cd4_t_cell,31.24
sample01676,no,cd4_t_cell,27.27
sample01680,no,cd4_t_cell,26.16
sample01681,no,cd4_t_cell,33.13
sample01682,no,cd4_t_cell,26.82
sample01686,no,cd4_t_cell,35.32
sample01687,no,cd4_t_cell,29.89
sample01688,no,cd4_t_cell,25.99
sample01701,no,cd4_t_cell,32.96
sample01702,no,cd4_t_cell,26.36
sample01703,no,cd4_t_cell,27.76
sample01722,no,cd4_t_cell,34.38
sample01723,no,cd4_t_cell,37.07
sample01724,no,cd4_t_cell,34.61
sample01752,no,cd4_t_cell,29.55
sample01753,no,cd4_t_cell,29.24
sample01754,no,cd4_t_cell,30.68
sample01767,no,cd4_t_cell,36.7
sample01768,no,cd4_t_cell,30.61
sample01769,no,cd4_t_cell,40.01
sample01803,no,cd4_t_cell,26.78
sample01804,no,cd4_t_cell,26.01
sample01805,no,cd4_t_cell,40.78
sample01809,no,cd4_t_cell,33.85
sample01810,no,cd4_t_cell,32.48
sample01811,no,cd4_t_cell,28.12
sample01812,no,cd4_t_cell,25.29
sample01813,no,cd4_t_cell,26.48
sample01814,no,cd4_t_cell,30.2
sample01848,no,cd4_t_cell,25.99
sample01849,no,cd4_t_cell,27.94
sample01850,no,cd4_t_cell,29.13
sample01866,no,cd4_t_cell,32.54
sample01867,no,cd4_t_cell,28.7
sample01868,no,cd4_t_cell,31.27
sample01875,no,cd4_t_cell,26.38
sample01876,no,cd4_t_cell,26.4
sample01877,no,cd4_t_cell,20.22
sample01884,no,cd4_t_cell,30.85
sample01885,no,cd4_t_cell,34.33
sample01886,no,cd4_t_cell,42.86
sample01893,no,cd4_t_cell,26.61
sample01894,no,cd4_t_cell,35.09
sample01895,no,cd4_t_cell,23.44
sample01914,no,cd4_t_cell,34.43
sample01915,no,cd4_t_cell,23.33
sample01916,no,cd4_t_cell,31.21
sample01926,no,cd4_t_cell,36.13
sample01927,no,cd4_t_cell,29.12
sample01928,no,cd4_t_cell,29.67
sample01932,no,cd4_t_cell,22.5
sample01933,no,cd4_t_cell,29.41
sample01934,no,cd4_t_cell,35.83
sample01968,no,cd4_t_cell,33.79
sample01969,no,cd4_t_cell,27.21
sample01970,no,cd4_t_cell,33.01
sample01986,no,cd4_t_cell,26.97
sample01987,no,cd4_t_cell,27.6
sample01988,no,cd4_t_cell,32.54
sample01992,no,cd4_t_cell,26.13
sample01993,no,cd4_t_cell,31.36
sample01994,no,cd4_t_cell,34.5
sample02010,no,cd4_t_cell,28.98
sample02011,no,cd4_t_cell,31.7
sample02012,no,cd4_t_cell,24.65
sample02016,no,cd4_t_cell,19.93
sample02017,no,cd4_t_cell,34.9
sample02018,no,cd4_t_cell,30.25
sample02040,no,cd4_t_cell,31.08
sample02041,no,cd4_t_cell,24.92
sample02042,no,cd4_t_cell,30.77
sample02046,no,cd4_t_cell,29.18
sample02047,no,cd4_t_cell,25.44
sample02048,no,cd4_t_cell,37.13
sample02061,no,cd4_t_cell,24.96
sample02062,no,cd4_t_cell,25.13
sample02063,no,cd4_t_cell,35.2
sample02109,no,cd4_t_cell,39.42
sample02110,no,cd4_t_cell,23.62
sample02111,no,cd4_t_cell,23.72
sample02148,no,cd4_t_cell,22.68
sample02149,no,cd4_t_cell,36.43
sample02150,no,cd4_t_cell,30.91
sample02169,no,cd4_t_cell,32.32
sample02170,no,cd4_t_cell,28.32
sample02171,no,cd4_t_cell,27.76
sample02205,no,cd4_t_cell,31.79
sample02206,no,cd4_t_cell,25.9
sample02207,no,cd4_t_cell,25.75
sample02214,no,cd4_t_cell,29.83
sample02215,no,cd4_t_cell,34.64
sample02216,no,cd4_t_cell,26.26
sample02232,no,cd4_t_cell,31.4
sample02233,no,cd4_t_cell,31.82
sample02234,no,cd4_t_cell,25.98
sample02253,no,cd4_t_cell,28.18
sample02254,no,cd4_t_cell,30.65
sample02255,no,cd4_t_cell,32.8
sample02286,no,cd4_t_cell,30.53
sample02287,no,cd4_t_cell,16.15
sample02288,no,cd4_t_cell,26.32
sample02289,no,cd4_t_cell,31.0
sample02290,no,cd4_t_cell,33.11
sample02291,no,cd4_t_cell,30.56
sample02319,no,cd4_t_cell,22.68
sample02320,no,cd4_t_cell,34.43
sample02321,no,cd4_t_cell,34.29
sample02334,no,cd4_t_cell,29.92
sample02335,no,cd4_t_cell,29.11
sample02336,no,cd4_t_cell,22.58
sample02355,no,cd4_t_cell,33.77
sample02356,no,cd4_t_cell,23.98
sample02357,no,cd4_t_cell,31.39
sample02364,no,cd4_t_cell,28.38
sample02365,no,cd4_t_cell,37.81
sample02366,no,cd4_t_cell,29.97
sample02412,no,cd4_t_cell,30.96
sample02413,no,cd4_t_cell,16.16
sample02414,no,cd4_t_cell,27.35
sample02430,no,cd4_t_cell,23.33
sample02431,no,cd4_t_cell,21.66
sample02432,no,cd4_t_cell,18.32
sample02436,no,cd4_t_cell,33.51
sample02437,no,cd4_t_cell,25.36
sample02438,no,cd4_t_cell,33.58
sample02478,no,cd4_t_cell,41.38
sample02479,no,cd4_t_cell,27.0
sample02480,no,cd4_t_cell,32.21
sample02541,no,cd4_t_cell,32.91
sample02542,no,cd4_t_cell,32.09
sample02543,no,cd4_t_cell,25.77
sample02583,no,cd4_t_cell,39.33
sample02584,no,cd4_t_cell,34.75
sample02585,no,cd4_t_cell,32.58
sample02592,no,cd4_t_cell,26.35
sample02593,no,cd4_t_cell,23.8
sample02594,no,cd4_t_cell,28.54
sample02619,no,cd4_t_cell,27.17
sample02620,no,cd4_t_cell,24.91
sample02621,no,cd4_t_cell,22.84
sample02646,no,cd4_t_cell,23.01
sample02647,no,cd4_t_cell,36.67
sample02648,no,cd4_t_cell,26.84
sample02661,no,cd4_t_cell,28.78
sample02662,no,cd4_t_cell,31.45
sample02663,no,cd4_t_cell,37.07
sample02664,no,cd4_t_cell,30.37
sample02665,no,cd4_t_cell,31.62
sample02666,no,cd4_t_cell,23.53
sample02667,no,cd4_t_cell,27.88
sample02668,no,cd4_t_cell,33.2
sample02669,no,cd4_t_cell,24.93
sample02682,no,cd4_t_cell,32.76
sample02683,no,cd4_t_cell,28.92
sample02684,no,cd4_t_cell,25.34
sample02700,no,cd4_t_cell,36.55
sample02701,no,cd4_t_cell,31.66
sample02702,no,cd4_t_cell,22.75
sample02706,no,cd4_t_cell,29.44
sample02707,no,cd4_t_cell,32.09
sample02708,no,cd4_t_cell,29.47
sample02718,no,cd4_t_cell,27.8
sample02719,no,cd4_t_cell,39.56
sample02720,no,cd4_t_cell,38.73
sample02742,no,cd4_t_cell,32.15
sample02743,no,cd4_t_cell,34.56
sample02744,no,cd4_t_cell,25.21
sample02775,no,cd4_t_cell,28.96
sample02776,no,cd4_t_cell,24.84
sample02777,no,cd4_t_cell,24.96
sample02799,no,cd4_t_cell,35.88
sample02800,no,cd4_t_cell,31.86
sample02801,no,cd4_t_cell,36.99
sample02811,no,cd4_t_cell,34.23
sample02812,no,cd4_t_cell,38.78
sample02813,no,cd4_t_cell,36.22
sample02829,no,cd4_t_cell,37.13
sample02830,no,cd4_t_cell,25.31
sample02831,no,cd4_t_cell,30.8
sample02886,no,cd4_t_cell,27.46
sample02887,no,cd4_t_cell,23.25
sample02888,no,cd4_t_cell,21.94
sample02889,no,cd4_t_cell,25.74
sample02890,no,cd4_t_cell,24.26
sample02891,no,cd4_t_cell,27.74
sample02901,no,cd4_t_cell,23.96
sample02902,no,cd4_t_cell,33.04
sample02903,no,cd4_t_cell,34.72
sample02961,no,cd4_t_cell,32.56
sample02962,no,cd4_t_cell,28.47
sample02963,no,cd4_t_cell,30.66
sample02970,no,cd4_t_cell,27.87
sample02971,no,cd4_t_cell,31.16
sample02972,no,cd4_t_cell,35.07
sample03006,no,cd4_t_cell,33.25
sample03007,no,cd4_t_cell,21.3
sample03008,no,cd4_t_cell,37.28
sample03030,no,cd4_t_cell,29.81
sample03031,no,cd4_t_cell,22.78
sample03032,no,cd4_t_cell,32.75
sample03051,no,cd4_t_cell,26.68
sample03052,no,cd4_t_cell,29.3
sample03053,no,cd4_t_cell,25.92
sample03096,no,cd4_t_cell,25.0
sample03097,no,cd4_t_cell,33.37
sample03098,no,cd4_t_cell,33.78
sample03108,no,cd4_t_cell,34.93
sample03109,no,cd4_t_cell,29.9
sample03110,no,cd4_t_cell,28.95
sample03132,no,cd4_t_cell,18.84
sample03133,no,cd4_t_cell,28.56
sample03134,no,cd4_t_cell,25.77
sample03186,no,cd4_t_cell,38.38
sample03187,no,cd4_t_cell,39.27
sample03188,no,cd4_t_cell,23.93
sample03198,no,cd4_t_cell,27.2
sample03199,no,cd4_t_cell,26.43
sample03200,no,cd4_t_cell,26.79
sample03213,no,cd4_t_cell,35.6
sample03214,no,cd4_t_cell,33.9
sample03215,no,cd4_t_cell,29.63
sample03252,no,cd4_t_cell,35.96
sample03253,no,cd4_t_cell,33.63
sample03254,no,cd4_t_cell,29.9
sample03258,no,cd4_t_cell,25.67
sample03259,no,cd4_t_cell,32.36
sample03260,no,cd4_t_cell,19.5
sample03318,no,cd4_t_cell,27.13
sample03319,no,cd4_t_cell,29.67
sample03320,no,cd4_t_cell,32.78
sample03321,no,cd4_t_cell,34.16
sample03322,no,cd4_t_cell,36.19
sample03323,no,cd4_t_cell,29.28
sample03333,no,cd4_t_cell,38.4
sample03334,no,cd4_t_cell,37.48
sample03335,no,cd4_t_cell,33.1
sample03363,no,cd4_t_cell,24.82
sample03364,no,cd4_t_cell,36.07
sample03365,no,cd4_t_cell,32.92
sample03384,no,cd4_t_cell,30.43
sample03385,no,cd4_t_cell,25.54
sample03386,no,cd4_t_cell,30.91
sample03390,no,cd4_t_cell,27.99
sample03391,no,cd4_t_cell,35.66
sample03392,no,cd4_t_cell,29.03
sample03402,no,cd4_t_cell,41.98
sample03403,no,cd4_t_cell,40.93
sample03404,no,cd4_t_cell,28.24
sample03414,no,cd4_t_cell,30.75
sample03415,no,cd4_t_cell,31.21
sample03416,no,cd4_t_cell,34.74
sample03420,no,cd4_t_cell,35.1
sample03421,no,cd4_t_cell,37.2
sample03422,no,cd4_t_cell,28.03
sample03432,no,cd4_t_cell,32.88
sample03433,no,cd4_t_cell,36.58
sample03434,no,cd4_t_cell,30.71
sample03474,no,cd4_t_cell,25.1
sample03475,no,cd4_t_cell,24.3
sample03476,no,cd4_t_cell,28.15
sample03489,no,cd4_t_cell,37.78
sample03490,no,cd4_t_cell,24.1
sample03491,no,cd4_t_cell,31.26
sample03552,no,cd4_t_cell,34.42
sample03553,no,cd4_t_cell,26.23
sample03554,no,cd4_t_cell,35.31
sample03579,no,cd4_t_cell,33.81
sample03580,no,cd4_t_cell,30.3
sample03581,no,cd4_t_cell,23.53
sample03615,no,cd4_t_cell,43.06
sample03616,no,cd4_t_cell,27.2
sample03617,no,cd4_t_cell,30.66
sample03633,no,cd4_t_cell,25.85
sample03634,no,cd4_t_cell,25.59
sample03635,no,cd4_t_cell,32.75
sample03666,no,cd4_t_cell,29.37
sample03667,no,cd4_t_cell,24.5
sample03668,no,cd4_t_cell,37.45
sample03681,no,cd4_t_cell,21.95
sample03682,no,cd4_t_cell,29.15
sample03683,no,cd4_t_cell,24.87
sample03684,no,cd4_t_cell,31.78
sample03685,no,cd4_t_cell,30.01
sample03686,no,cd4_t_cell,26.25
sample03699,no,cd4_t_cell,33.1
sample03700,no,cd4_t_cell,20.83
sample03701,no,cd4_t_cell,33.33
sample03717,no,cd4_t_cell,32.77
sample03718,no,cd4_t_cell,27.81
sample03719,no,cd4_t_cell,35.56
sample03720,no,cd4_t_cell,27.37
sample03721,no,cd4_t_cell,31.5
sample03722,no,cd4_t_cell,25.51
sample03738,no,cd4_t_cell,29.23
sample03739,no,cd4_t_cell,31.75
sample03740,no,cd4_t_cell,33.43
sample03768,no,cd4_t_cell,32.3
sample03769,no,cd4_t_cell,38.43
sample03770,no,cd4_t_cell,34.81
sample03774,no,cd4_t_cell,25.65
sample03775,no,cd4_t_cell,27.05
sample03776,no,cd4_t_cell,35.17
sample03816,no,cd4_t_cell,19.69
sample03817,no,cd4_t_cell,22.92
sample03818,no,cd4_t_cell,36.91
sample03891,no,cd4_t_cell,35.03
sample03892,no,cd4_t_cell,32.24
sample03893,no,cd4_t_cell,30.69
sample03939,no,cd4_t_cell,32.54
sample03940,no,cd4_t_cell,27.83
sample03941,no,cd4_t_cell,30.44
sample03972,no,cd4_t_cell,34.92
sample03973,no,cd4_t_cell,29.14
sample03974,no,cd4_t_cell,41.48
sample04062,no,cd4_t_cell,32.18
sample04063,no,cd4_t_cell,29.09
sample04064,no,cd4_t_cell,36.52
sample04074,no,cd4_t_cell,24.91
sample04075,no,cd4_t_cell,35.66
sample04076,no,cd4_t_cell,20.68
sample04095,no,cd4_t_cell,33.13
sample04096,no,cd4_t_cell,27.19
sample04097,no,cd4_t_cell,25.78
sample04134,no,cd4_t_cell,29.29
sample04135,no,cd4_t_cell,32.54
sample04136,no,cd4_t_cell,25.36
sample04143,no,cd4_t_cell,29.67
sample04144,no,cd4_t_cell,30.68
sample04145,no,cd4_t_cell,22.78
sample04182,no,cd4_t_cell,32.29
sample04183,no,cd4_t_cell,27.89
sample04184,no,cd4_t_cell,34.91
sample04191,no,cd4_t_cell,38.22
sample04192,no,cd4_t_cell,22.16
sample04193,no,cd4_t_cell,27.68
sample04200,no,cd4_t_cell,35.19
sample04201,no,cd4_t_cell,37.17
sample04202,no,cd4_t_cell,31.45
sample04206,no,cd4_t_cell,30.41
sample04207,no,cd4_t_cell,23.89
sample04208,no,cd4_t_cell,29.48
sample04209,no,cd4_t_cell,18.85
sample04210,no,cd4_t_cell,29.6
sample04211,no,cd4_t_cell,23.47
sample04278,no,cd4_t_cell,33.76
sample04279,no,cd4_t_cell,27.91
sample04280,no,cd4_t_cell,28.35
sample04308,no,cd4_t_cell,22.69
sample04309,no,cd4_t_cell,20.07
sample04310,no,cd4_t_cell,35.84
sample04338,no,cd4_t_cell,28.9
sample04339,no,cd4_t_cell,21.35
sample04340,no,cd4_t_cell,29.83
sample04419,no,cd4_t_cell,24.35
sample04420,no,cd4_t_cell,26.26
sample04421,no,cd4_t_cell,36.52
sample04428,no,cd4_t_cell,28.59
sample04429,no,cd4_t_cell,32.77
sample04430,no,cd4_t_cell,30.86
sample04449,no,cd4_t_cell,26.51
sample04450,no,cd4_t_cell,34.73
sample04451,no,cd4_t_cell,31.38
sample07503,no,cd4_t_cell,28.84
sample07504,no,cd4_t_cell,30.19
sample07505,no,cd4_t_cell,45.27
sample07515,no,cd4_t_cell,25.63
sample07516,no,cd4_t_cell,26.64
sample07517,no,cd4_t_cell,24.53
sample07542,no,cd4_t_cell,31.94
sample07543,no,cd4_t_cell,25.6
sample07544,no,cd4_t_cell,33.95
sample07620,no,cd4_t_cell,29.26
sample07621,no,cd4_t_cell,27.04
sample07622,no,cd4_t_cell,29.96
sample07632,no,cd4_t_cell,27.93
sample07633,no,cd4_t_cell,29.72
sample07634,no,cd4_t_cell,28.98
sample07644,no,cd4_t_cell,27.12
sample07645,no,cd4_t_cell,25.18
sample07646,no,cd4_t_cell,28.95
sample07653,no,cd4_t_cell,27.55
sample07654,no,cd4_t_cell,39.36
sample07655,no,cd4_t_cell,36.71
sample07674,no,cd4_t_cell,35.29
sample07675,no,cd4_t_cell,37.9
sample07676,no,cd4_t_cell,23.02
sample07698,no,cd4_t_cell,29.18
sample07699,no,cd4_t_cell,25.89
sample07700,no,cd4_t_cell,20.84
sample07710,no,cd4_t_cell,23.08
sample07711,no,cd4_t_cell,34.38
sample07712,no,cd4_t_cell,34.52
sample07722,no,cd4_t_cell,32.14
sample07723,no,cd4_t_cell,20.91
sample07724,no,cd4_t_cell,24.95
sample07734,no,cd4_t_cell,28.88
sample07735,no,cd4_t_cell,26.44
sample07736,no,cd4_t_cell,23.14
sample07746,no,cd4_t_cell,34.34
sample07747,no,cd4_t_cell,18.29
sample07748,no,cd4_t_cell,26.75
sample07809,no,cd4_t_cell,27.31
sample07810,no,cd4_t_cell,23.8
sample07811,no,cd4_t_cell,36.02
sample07815,no,cd4_t_cell,30.35
sample07816,no,cd4_t_cell,26.65
sample07817,no,cd4_t_cell,28.61
sample07818,no,cd4_t_cell,30.66
sample07819,no,cd4_t_cell,30.0
sample07820,no,cd4_t_cell,29.61
sample07833,no,cd4_t_cell,24.49
sample07834,no,cd4_t_cell,29.89
sample07835,no,cd4_t_cell,38.64
sample07872,no,cd4_t_cell,35.68
sample07873,no,cd4_t_cell,31.12
sample07874,no,cd4_t_cell,37.72
sample07899,no,cd4_t_cell,26.64
sample07900,no,cd4_t_cell,28.73
sample07901,no,cd4_t_cell,24.16
sample07926,no,cd4_t_cell,23.7
sample07927,no,cd4_t_cell,38.86
sample07928,no,cd4_t_cell,33.87
sample07929,no,cd4_t_cell,28.6
sample07930,no,cd4_t_cell,27.53
sample07931,no,cd4_t_cell,24.31
sample07932,no,cd4_t_cell,26.81
sample07933,no,cd4_t_cell,23.43
sample07934,no,cd4_t_cell,22.0
sample07941,no,cd4_t_cell,38.34
sample07942,no,cd4_t_cell,26.77
sample07943,no,cd4_t_cell,28.71
sample07959,no,cd4_t_cell,28.89
sample07960,no,cd4_t_cell,28.42
sample07961,no,cd4_t_cell,33.5
sample08004,no,cd4_t_cell,28.25
sample08005,no,cd4_t_cell,29.79
sample08006,no,cd4_t_cell,34.72
sample08013,no,cd4_t_cell,27.02
sample08014,no,cd4_t_cell,26.45
sample08015,no,cd4_t_cell,27.25
sample08028,no,cd4_t_cell,30.25
sample08029,no,cd4_t_cell,26.67
sample08030,no,cd4_t_cell,25.07
sample08049,no,cd4_t_cell,38.49
sample08050,no,cd4_t_cell,35.59
sample08051,no,cd4_t_cell,31.69
sample08064,no,cd4_t_cell,28.86
sample08065,no,cd4_t_cell,32.86
sample08066,no,cd4_t_cell,34.17
sample08076,no,cd4_t_cell,25.15
sample08077,no,cd4_t_cell,32.19
sample08078,no,cd4_t_cell,26.7
sample08118,no,cd4_t_cell,27.75
sample08119,no,cd4_t_cell,30.21
sample08120,no,cd4_t_cell,36.0
sample08133,no,cd4_t_cell,26.08
sample08134,no,cd4_t_cell,24.4
sample08135,no,cd4_t_cell,31.67
sample08142,no,cd4_t_cell,25.37
sample08143,no,cd4_t_cell,24.05
sample08144,no,cd4_t_cell,29.42
sample08160,no,cd4_t_cell,26.72
sample08161,no,cd4_t_cell,37.12
sample08162,no,cd4_t_cell,32.88
sample08184,no,cd4_t_cell,30.75
sample08185,no,cd4_t_cell,24.36
sample08186,no,cd4_t_cell,22.2
sample08214,no,cd4_t_cell,26.85
sample08215,no,cd4_t_cell,28.9
sample08216,no,cd4_t_cell,44.0
sample08277,no,cd4_t_cell,30.62
sample08278,no,cd4_t_cell,34.8
sample08279,no,cd4_t_cell,27.0
sample08304,no,cd4_t_cell,35.5
sample08305,no,cd4_t_cell,19.74
sample08306,no,cd4_t_cell,25.82
sample08313,no,cd4_t_cell,29.62
sample08314,no,cd4_t_cell,28.0
sample08315,no,cd4_t_cell,31.68
sample08325,no,cd4_t_cell,23.5
sample08326,no,cd4_t_cell,27.44
sample08327,no,cd4_t_cell,32.78
sample08331,no,cd4_t_cell,28.7
sample08332,no,cd4_t_cell,22.05
sample08333,no,cd4_t_cell,25.43
sample08334,no,cd4_t_cell,31.36
sample08335,no,cd4_t_cell,34.61
sample08336,no,cd4_t_cell,32.33
sample08367,no,cd4_t_cell,26.65
sample08368,no,cd4_t_cell,25.95
sample08369,no,cd4_t_cell,36.72
sample08397,no,cd4_t_cell,36.38
sample08398,no,cd4_t_cell,29.27
sample08399,no,cd4_t_cell,38.95
sample08412,no,cd4_t_cell,27.42
sample08413,no,cd4_t_cell,36.38
sample08414,no,cd4_t_cell,19.12
sample08415,no,cd4_t_cell,34.29
sample08416,no,cd4_t_cell,34.17
sample08417,no,cd4_t_cell,20.21
sample08421,no,cd4_t_cell,33.27
sample08422,no,cd4_t_cell,33.88
sample08423,no,cd4_t_cell,23.3
sample08433,no,cd4_t_cell,29.61
sample08434,no,cd4_t_cell,38.47
sample08435,no,cd4_t_cell,34.79
sample08436,no,cd4_t_cell,26.12
sample08437,no,cd4_t_cell,25.02
sample08438,no,cd4_t_cell,29.07
sample08439,no,cd4_t_cell,33.01
sample08440,no,cd4_t_cell,29.82
sample08441,no,cd4_t_cell,41.53
sample08460,no,cd4_t_cell,32.02
sample08461,no,cd4_t_cell,26.28
sample08462,no,cd4_t_cell,28.36
sample08472,no,cd4_t_cell,27.64
sample08473,no,cd4_t_cell,35.99
sample08474,no,cd4_t_cell,31.67
sample08493,no,cd4_t_cell,27.22
sample08494,no,cd4_t_cell,27.17
sample08495,no,cd4_t_cell,32.35
sample08502,no,cd4_t_cell,35.61
sample08503,no,cd4_t_cell,30.63
sample08504,no,cd4_t_cell,30.37
sample08520,no,cd4_t_cell,39.07
sample08521,no,cd4_t_cell,32.56
sample08522,no,cd4_t_cell,23.6
sample08526,no,cd4_t_cell,31.6
sample08527,no,cd4_t_cell,38.0
sample08528,no,cd4_t_cell,28.62
sample08541,no,cd4_t_cell,24.94
sample08542,no,cd4_t_cell,39.55
sample08543,no,cd4_t_cell,39.33
sample08556,no,cd4_t_cell,32.98
sample08557,no,cd4_t_cell,33.62
sample08558,no,cd4_t_cell,25.69
sample08559,no,cd4_t_cell,28.57
sample08560,no,cd4_t_cell,32.27
sample08561,no,cd4_t_cell,33.37
sample08589,no,cd4_t_cell,27.01
sample08590,no,cd4_t_cell,28.27
sample08591,no,cd4_t_cell,26.83
sample08637,no,cd4_t_cell,31.24
sample08638,no,cd4_t_cell,23.7
sample08639,no,cd4_t_cell,33.48
sample08661,no,cd4_t_cell,31.44
sample08662,no,cd4_t_cell,26.61
sample08663,no,cd4_t_cell,31.22
sample08664,no,cd4_t_cell,31.67
sample08665,no,cd4_t_cell,28.43
sample08666,no,cd4_t_cell,34.12
sample08712,no,cd4_t_cell,24.05
sample08713,no,cd4_t_cell,30.81
sample08714,no,cd4_t_cell,35.01
sample08730,no,cd4_t_cell,30.13
sample08731,no,cd4_t_cell,28.91
sample08732,no,cd4_t_cell,31.02
sample08751,no,cd4_t_cell,34.88
sample08752,no,cd4_t_cell,31.34
sample08753,no,cd4_t_cell,29.09
sample08763,no,cd4_t_cell,34.84
sample08764,no,cd4_t_cell,31.16
sample08765,no,cd4_t_cell,33.58
sample08805,no,cd4_t_cell,26.7
sample08806,no,cd4_t_cell,27.69
sample08807,no,cd4_t_cell,37.05
sample08874,no,cd4_t_cell,27.74
sample08875,no,cd4_t_cell,37.74
sample08876,no,cd4_t_cell,27.5
sample08919,no,cd4_t_cell,31.15
sample08920,no,cd4_t_cell,29.83
sample08921,no,cd4_t_cell,35.87
sample08952,no,cd4_t_cell,34.41
sample08953,no,cd4_t_cell,29.49
sample08954,no,cd4_t_cell,40.1
sample08958,no,cd4_t_cell,27.03
sample08959,no,cd4_t_cell,23.25
sample08960,no,cd4_t_cell,32.8
sample08967,no,cd4_t_cell,30.25
sample08968,no,cd4_t_cell,27.83
sample08969,no,cd4_t_cell,34.18
sample08976,no,cd4_t_cell,35.89
sample08977,no,cd4_t_cell,28.43
sample08978,no,cd4_t_cell,27.28
sample09003,no,cd4_t_cell,22.34
sample09004,no,cd4_t_cell,27.15
sample09005,no,cd4_t_cell,23.22
sample09030,no,cd4_t_cell,29.2
sample09031,no,cd4_t_cell,33.04
sample09032,no,cd4_t_cell,25.48
sample09036,no,cd4_t_cell,25.4
sample09037,no,cd4_t_cell,23.01
sample09038,no,cd4_t_cell,29.15
sample09039,no,cd4_t_cell,25.28
sample09040,no,cd4_t_cell,30.43
sample09041,no,cd4_t_cell,23.94
sample09048,no,cd4_t_cell,31.59
sample09049,no,cd4_t_cell,32.25
sample09050,no,cd4_t_cell,36.95
sample09060,no,cd4_t_cell,36.58
sample09061,no,cd4_t_cell,25.35
sample09062,no,cd4_t_cell,34.12
sample09066,no,cd4_t_cell,33.88
sample09067,no,cd4_t_cell,19.43
sample09068,no,cd4_t_cell,29.55
sample09150,no,cd4_t_cell,29.61
sample09151,no,cd4_t_cell,30.18
sample09152,no,cd4_t_cell,29.66
sample09159,no,cd4_t_cell,23.92
sample09160,no,cd4_t_cell,27.77
sample09161,no,cd4_t_cell,31.44
sample09183,no,cd4_t_cell,32.06
sample09184,no,cd4_t_cell,30.27
sample09185,no,cd4_t_cell,29.33
sample09213,no,cd4_t_cell,20.43
sample09214,no,cd4_t_cell,34.59
sample09215,no,cd4_t_cell,28.86
sample09246,no,cd4_t_cell,26.51
sample09247,no,cd4_t_cell,38.68
sample09248,no,cd4_t_cell,26.62
sample09249,no,cd4_t_cell,27.12
sample09250,no,cd4_t_cell,27.89
sample09251,no,cd4_t_cell,36.34
sample09288,no,cd4_t_cell,27.46
sample09289,no,cd4_t_cell,35.57
sample09290,no,cd4_t_cell,31.84
sample09294,no,cd4_t_cell,29.53
sample09295,no,cd4_t_cell,36.18
sample09296,no,cd4_t_cell,24.99
sample09303,no,cd4_t_cell,32.86
sample09304,no,cd4_t_cell,34.8
sample09305,no,cd4_t_cell,26.1
sample09354,no,cd4_t_cell,29.15
sample09355,no,cd4_t_cell,17.86
sample09356,no,cd4_t_cell,34.17
sample09363,no,cd4_t_cell,28.6
sample09364,no,cd4_t_cell,26.74
sample09365,no,cd4_t_cell,27.24
sample09378,no,cd4_t_cell,30.75
sample09379,no,cd4_t_cell,30.87
sample09380,no,cd4_t_cell,33.22
sample09384,no,cd4_t_cell,27.23
sample09385,no,cd4_t_cell,34.18
sample09386,no,cd4_t_cell,18.64
sample09387,no,cd4_t_cell,40.67
sample09388,no,cd4_t_cell,19.45
sample09389,no,cd4_t_cell,42.34
sample09414,no,cd4_t_cell,34.97
sample09415,no,cd4_t_cell,28.4
sample09416,no,cd4_t_cell,28.93
sample09420,no,cd4_t_cell,25.28
sample09421,no,cd4_t_cell,30.53
sample09422,no,cd4_t_cell,37.09
sample09429,no,cd4_t_cell,29.05
sample09430,no,cd4_t_cell,31.63
sample09431,no,cd4_t_cell,33.95
sample09432,no,cd4_t_cell,30.23
sample09433,no,cd4_t_cell,30.29
sample09434,no,cd4_t_cell,26.31
sample09477,no,cd4_t_cell,28.41
sample09478,no,cd4_t_cell,22.94
sample09479,no,cd4_t_cell,30.78
sample09483,no,cd4_t_cell,31.1
sample09484,no,cd4_t_cell,34.24
sample09485,no,cd4_t_cell,31.69
sample09492,no,cd4_t_cell,25.83
sample09493,no,cd4_t_cell,24.32
sample09494,no,cd4_t_cell,28.9
sample09555,no,cd4_t_cell,28.3
sample09556,no,cd4_t_cell,26.97
sample09557,no,cd4_t_cell,32.87
sample09567,no,cd4_t_cell,34.91
sample09568,no,cd4_t_cell,25.28
sample09569,no,cd4_t_cell,27.15
sample09585,no,cd4_t_cell,37.84
sample09586,no,cd4_t_cell,39.36
sample09587,no,cd4_t_cell,35.96
sample09588,no,cd4_t_cell,24.9
sample09589,no,cd4_t_cell,28.34
sample09590,no,cd4_t_cell,31.73
sample09627,no,cd4_t_cell,26.56
sample09628,no,cd4_t_cell,30.12
sample09629,no,cd4_t_cell,27.1
sample09657,no,cd4_t_cell,36.37
sample09658,no,cd4_t_cell,30.0
sample09659,no,cd4_t_cell,34.61
sample09672,no,cd4_t_cell,35.2
sample09673,no,cd4_t_cell,30.19
sample09674,no,cd4_t_cell,27.84
sample09744,no,cd4_t_cell,19.09
sample09745,no,cd4_t_cell,34.59
sample09746,no,cd4_t_cell,29.22
sample09756,no,cd4_t_cell,35.13
sample09757,no,cd4_t_cell,32.57
sample09758,no,cd4_t_cell,28.29
sample09762,no,cd4_t_cell,25.47
sample09763,no,cd4_t_cell,39.68
sample09764,no,cd4_t_cell,30.55
sample09813,no,cd4_t_cell,20.27
sample09814,no,cd4_t_cell,32.57
sample09815,no,cd4_t_cell,34.67
sample09816,no,cd4_t_cell,27.65
sample09817,no,cd4_t_cell,34.95
sample09818,no,cd4_t_cell,34.95
sample09870,no,cd4_t_cell,34.59
sample09871,no,cd4_t_cell,36.92
sample09872,no,cd4_t_cell,35.42
sample09873,no,cd4_t_cell,30.79
sample09874,no,cd4_t_cell,26.58
sample09875,no,cd4_t_cell,31.26
sample09894,no,cd4_t_cell,32.53
sample09895,no,cd4_t_cell,32.48
sample09896,no,cd4_t_cell,23.56
sample09900,no,cd4_t_cell,24.27
sample09901,no,cd4_t_cell,29.4
sample09902,no,cd4_t_cell,30.0
sample09903,no,cd4_t_cell,29.38
sample09904,no,cd4_t_cell,31.72
sample09905,no,cd4_t_cell,25.69
sample09912,no,cd4_t_cell,21.25
sample09913,no,cd4_t_cell,32.14
sample09914,no,cd4_t_cell,30.02
sample09918,no,cd4_t_cell,38.71
sample09919,no,cd4_t_cell,24.31
sample09920,no,cd4_t_cell,27.5
sample09987,no,cd4_t_cell,28.36
sample09988,no,cd4_t_cell,31.61
sample09989,no,cd4_t_cell,25.57
sample09999,no,cd4_t_cell,27.82
sample10000,no,cd4_t_cell,28.13
sample10001,no,cd4_t_cell,26.07
sample10068,no,cd4_t_cell,26.84
sample10069,no,cd4_t_cell,35.08
sample10070,no,cd4_t_cell,36.29
sample10089,no,cd4_t_cell,28.92
sample10090,no,cd4_t_cell,31.02
sample10091,no,cd4_t_cell,17.5
sample10191,no,cd4_t_cell,31.11
sample10192,no,cd4_t_cell,34.26
sample10193,no,cd4_t_cell,28.25
sample10230,no,cd4_t_cell,24.14
sample10231,no,cd4_t_cell,29.33
sample10232,no,cd4_t_cell,34.95
sample10251,no,cd4_t_cell,31.09
sample10252,no,cd4_t_cell,35.05
sample10253,no,cd4_t_cell,36.85
sample10266,no,cd4_t_cell,25.91
sample10267,no,cd4_t_cell,29.32
sample10268,no,cd4_t_cell,29.25
sample10305,no,cd4_t_cell,31.1
sample10306,no,cd4_t_cell,26.13
sample10307,no,cd4_t_cell,33.58
sample10320,no,cd4_t_cell,28.22
sample10321,no,cd4_t_cell,24.52
sample10322,no,cd4_t_cell,25.74
sample10395,no,cd4_t_cell,33.16
sample10396,no,cd4_t_cell,31.51
sample10397,no,cd4_t_cell,23.13
sample10416,no,cd4_t_cell,29.88
sample10417,no,cd4_t_cell,24.6
sample10418,no,cd4_t_cell,28.5
sample10455,no,cd4_t_cell,31.19
sample10456,no,cd4_t_cell,30.22
sample10457,no,cd4_t_cell,30.59
sample10470,no,cd4_t_cell,29.54
sample10471,no,cd4_t_cell,29.15
sample10472,no,cd4_t_cell,24.97
sample10473,no,cd4_t_cell,39.47
sample10474,no,cd4_t_cell,32.13
sample10475,no,cd4_t_cell,30.82
sample00024,yes,cd4_t_cell,35.28
sample00025,yes,cd4_t_cell,31.74
sample00026,yes,cd4_t_cell,36.07
sample00060,yes,cd4_t_cell,37.49
sample00061,yes,cd4_t_cell,34.19
sample00062,yes,cd4_t_cell,22.62
sample00066,yes,cd4_t_cell,34.81
sample00067,yes,cd4_t_cell,27.38
sample00068,yes,cd4_t_cell,32.16
sample00075,yes,cd4_t_cell,31.66
sample00076,yes,cd4_t_cell,33.92
sample00077,yes,cd4_t_cell,40.34
sample00141,yes,cd4_t_cell,34.39
sample00142,yes,cd4_t_cell,32.66
sample00143,yes,cd4_t_cell,26.13
sample00165,yes,cd4_t_cell,31.5
sample00166,yes,cd4_t_cell,29.7
sample00167,yes,cd4_t_cell,24.59
sample00168,yes,cd4_t_cell,29.65
sample00169,yes,cd4_t_cell,35.42
sample00170,yes,cd4_t_cell,27.06
sample00261,yes,cd4_t_cell,24.67
sample00262,yes,cd4_t_cell,35.82
sample00263,yes,cd4_t_cell,32.26
sample00324,yes,cd4_t_cell,19.54
sample00325,yes,cd4_t_cell,25.45
sample00326,yes,cd4_t_cell,37.43
sample00327,yes,cd4_t_cell,30.58
sample00328,yes,cd4_t_cell,26.3
sample00329,yes,cd4_t_cell,32.6
sample00333,yes,cd4_t_cell,34.52
sample00334,yes,cd4_t_cell,31.94
sample00335,yes,cd4_t_cell,32.54
sample00369,yes,cd4_t_cell,26.66
sample00370,yes,cd4_t_cell,24.35
sample00371,yes,cd4_t_cell,31.8
sample00378,yes,cd4_t_cell,29.35
sample00379,yes,cd4_t_cell,22.99
sample00380,yes,cd4_t_cell,36.05
sample00426,yes,cd4_t_cell,28.86
sample00427,yes,cd4_t_cell,24.39
sample00428,yes,cd4_t_cell,37.84
sample00447,yes,cd4_t_cell,27.15
sample00448,yes,cd4_t_cell,31.98
sample00449,yes,cd4_t_cell,30.99
sample00483,yes,cd4_t_cell,31.87
sample00484,yes,cd4_t_cell,33.96
sample00485,yes,cd4_t_cell,29.53
sample00498,yes,cd4_t_cell,27.17
sample00499,yes,cd4_t_cell,27.23
sample00500,yes,cd4_t_cell,35.71
sample00510,yes,cd4_t_cell,38.81
sample00511,yes,cd4_t_cell,32.38
sample00512,yes,cd4_t_cell,36.98
sample00537,yes,cd4_t_cell,24.36
sample00538,yes,cd4_t_cell,28.58
sample00539,yes,cd4_t_cell,35.1
sample00543,yes,cd4_t_cell,27.11
sample00544,yes,cd4_t_cell,29.26
sample00545,yes,cd4_t_cell,29.4
sample00555,yes,cd4_t_cell,20.78
sample00556,yes,cd4_t_cell,30.18
sample00557,yes,cd4_t_cell,31.31
sample00564,yes,cd4_t_cell,28.55
sample00565,yes,cd4_t_cell,41.13
sample00566,yes,cd4_t_cell,38.14
sample00621,yes,cd4_t_cell,31.69
sample00622,yes,cd4_t_cell,17.18
sample00623,yes,cd4_t_cell,27.27
sample00630,yes,cd4_t_cell,34.98
sample00631,yes,cd4_t_cell,31.34
sample00632,yes,cd4_t_cell,43.07
sample00660,yes,cd4_t_cell,21.53
sample00661,yes,cd4_t_cell,35.55
sample00662,yes,cd4_t_cell,35.44
sample00675,yes,cd4_t_cell,39.1
sample00676,yes,cd4_t_cell,22.3
sample00677,yes,cd4_t_cell,23.24
sample00714,yes,cd4_t_cell,28.16
sample00715,yes,cd4_t_cell,25.89
sample00716,yes,cd4_t_cell,28.18
sample00753,yes,cd4_t_cell,34.71
sample00754,yes,cd4_t_cell,43.82
sample00755,yes,cd4_t_cell,24.92
sample00825,yes,cd4_t_cell,29.99
sample00826,yes,cd4_t_cell,30.83
sample00827,yes,cd4_t_cell,32.69
sample00840,yes,cd4_t_cell,37.79
sample00841,yes,cd4_t_cell,40.75
sample00842,yes,cd4_t_cell,35.84
sample00861,yes,cd4_t_cell,24.29
sample00862,yes,cd4_t_cell,32.11
sample00863,yes,cd4_t_cell,25.41
sample00873,yes,cd4_t_cell,23.16
sample00874,yes,cd4_t_cell,21.81
sample00875,yes,cd4_t_cell,36.12
sample00876,yes,cd4_t_cell,23.88
sample00877,yes,cd4_t_cell,28.43
sample00878,yes,cd4_t_cell,31.86
sample00888,yes,cd4_t_cell,38.06
sample00889,yes,cd4_t_cell,35.7
sample00890,yes,cd4_t_cell,28.62
sample00894,yes,cd4_t_cell,28.1
sample00895,yes,cd4_t_cell,25.92
sample00896,yes,cd4_t_cell,35.37
sample00912,yes,cd4_t_cell,20.79
sample00913,yes,cd4_t_cell,39.09
sample00914,yes,cd4_t_cell,33.77
sample00915,yes,cd4_t_cell,19.43
sample00916,yes,cd4_t_cell,26.76
sample00917,yes,cd4_t_cell,30.62
sample00939,yes,cd4_t_cell,26.1
sample00940,yes,cd4_t_cell,32.65
sample00941,yes,cd4_t_cell,25.54
sample01008,yes,cd4_t_cell,26.37
sample01009,yes,cd4_t_cell,28.95
sample01010,yes,cd4_t_cell,28.66
sample01017,yes,cd4_t_cell,35.43
sample01018,yes,cd4_t_cell,36.39
sample01019,yes,cd4_t_cell,45.41
sample01068,yes,cd4_t_cell,30.0
sample01069,yes,cd4_t_cell,34.19
sample01070,yes,cd4_t_cell,28.52
sample01074,yes,cd4_t_cell,30.17
sample01075,yes,cd4_t_cell,35.09
sample01076,yes,cd4_t_cell,36.05
sample01080,yes,cd4_t_cell,27.79
sample01081,yes,cd4_t_cell,31.08
sample01082,yes,cd4_t_cell,34.08
sample01092,yes,cd4_t_cell,30.93
sample01093,yes,cd4_t_cell,27.73
sample01094,yes,cd4_t_cell,33.51
sample01104,yes,cd4_t_cell,46.93
sample01105,yes,cd4_t_cell,22.08
sample01106,yes,cd4_t_cell,21.94
sample01128,yes,cd4_t_cell,19.14
sample01129,yes,cd4_t_cell,33.37
sample01130,yes,cd4_t_cell,26.54
sample01170,yes,cd4_t_cell,31.92
sample01171,yes,cd4_t_cell,29.27
sample01172,yes,cd4_t_cell,26.15
sample01245,yes,cd4_t_cell,29.23
sample01246,yes,cd4_t_cell,28.14
sample01247,yes,cd4_t_cell,39.96
sample01248,yes,cd4_t_cell,29.73
sample01249,yes,cd4_t_cell,42.04
sample01250,yes,cd4_t_cell,31.93
sample01260,yes,cd4_t_cell,32.64
sample01261,yes,cd4_t_cell,35.16
sample01262,yes,cd4_t_cell,36.66
sample01266,yes,cd4_t_cell,29.63
sample01267,yes,cd4_t_cell,33.55
sample01268,yes,cd4_t_cell,29.94
sample01284,yes,cd4_t_cell,35.4
sample01285,yes,cd4_t_cell,26.7
sample01286,yes,cd4_t_cell,35.3
sample01311,yes,cd4_t_cell,31.0
sample01312,yes,cd4_t_cell,36.59
sample01313,yes,cd4_t_cell,27.1
sample01326,yes,cd4_t_cell,28.3
sample01327,yes,cd4_t_cell,31.33
sample01328,yes,cd4_t_cell,29.47
sample01329,yes,cd4_t_cell,27.8
sample01330,yes,cd4_t_cell,31.08
sample01331,yes,cd4_t_cell,23.39
sample01332,yes,cd4_t_cell,34.55
sample01333,yes,cd4_t_cell,29.94
sample01334,yes,cd4_t_cell,25.85
sample01359,yes,cd4_t_cell,26.28
sample01360,yes,cd4_t_cell,33.61
sample01361,yes,cd4_t_cell,24.43
sample01377,yes,cd4_t_cell,25.98
sample01378,yes,cd4_t_cell,37.68
sample01379,yes,cd4_t_cell,34.63
sample01419,yes,cd4_t_cell,30.89
sample01420,yes,cd4_t_cell,26.2
sample01421,yes,cd4_t_cell,28.61
sample01422,yes,cd4_t_cell,26.6
sample01423,yes,cd4_t_cell,26.1
sample01424,yes,cd4_t_cell,28.4
sample01440,yes,cd4_t_cell,36.42
sample01441,yes,cd4_t_cell,27.71
sample01442,yes,cd4_t_cell,33.0
sample01458,yes,cd4_t_cell,33.06
sample01459,yes,cd4_t_cell,31.53
sample01460,yes,cd4_t_cell,36.38
sample01491,yes,cd4_t_cell,39.68
sample01492,yes,cd4_t_cell,41.46
sample01493,yes,cd4_t_cell,27.97
sample01497,yes,cd4_t_cell,25.67
sample01498,yes,cd4_t_cell,31.47
sample01499,yes,cd4_t_cell,34.14
sample01533,yes,cd4_t_cell,22.48
sample01534,yes,cd4_t_cell,24.73
sample01535,yes,cd4_t_cell,35.73
sample01536,yes,cd4_t_cell,29.51
sample01537,yes,cd4_t_cell,33.13
sample01538,yes,cd4_t_cell,27.49
sample01545,yes,cd4_t_cell,26.97
sample01546,yes,cd4_t_cell,29.43
sample01547,yes,cd4_t_cell,28.16
sample01602,yes,cd4_t_cell,27.86
sample01603,yes,cd4_t_cell,34.06
sample01604,yes,cd4_t_cell,36.47
sample01620,yes,cd4_t_cell,28.18
sample01621,yes,cd4_t_cell,34.9
sample01622,yes,cd4_t_cell,32.51
sample01635,yes,cd4_t_cell,22.86
sample01636,yes,cd4_t_cell,28.26
sample01637,yes,cd4_t_cell,28.62
sample01638,yes,cd4_t_cell,32.85
sample01639,yes,cd4_t_cell,35.58
sample01640,yes,cd4_t_cell,22.07
sample01665,yes,cd4_t_cell,38.41
sample01666,yes,cd4_t_cell,23.3
sample01667,yes,cd4_t_cell,25.38
sample01683,yes,cd4_t_cell,20.07
sample01684,yes,cd4_t_cell,29.7
sample01685,yes,cd4_t_cell,28.12
sample01692,yes,cd4_t_cell,32.15
sample01693,yes,cd4_t_cell,27.08
sample01694,yes,cd4_t_cell,27.96
sample01719,yes,cd4_t_cell,28.2
sample01720,yes,cd4_t_cell,40.24
sample01721,yes,cd4_t_cell,35.48
sample01728,yes,cd4_t_cell,38.66
sample01729,yes,cd4_t_cell,28.7
sample01730,yes,cd4_t_cell,25.77
sample01755,yes,cd4_t_cell,28.64
sample01756,yes,cd4_t_cell,29.81
sample01757,yes,cd4_t_cell,32.65
sample01785,yes,cd4_t_cell,27.48
sample01786,yes,cd4_t_cell,33.74
sample01787,yes,cd4_t_cell,42.52
sample01815,yes,cd4_t_cell,29.43
sample01816,yes,cd4_t_cell,34.86
sample01817,yes,cd4_t_cell,34.27
sample01824,yes,cd4_t_cell,34.73
sample01825,yes,cd4_t_cell,25.14
sample01826,yes,cd4_t_cell,33.75
sample01830,yes,cd4_t_cell,32.18
sample01831,yes,cd4_t_cell,30.1
sample01832,yes,cd4_t_cell,33.25
sample01833,yes,cd4_t_cell,35.67
sample01834,yes,cd4_t_cell,32.83
sample01835,yes,cd4_t_cell,37.3
sample01881,yes,cd4_t_cell,28.31
sample01882,yes,cd4_t_cell,43.99
sample01883,yes,cd4_t_cell,34.32
sample01899,yes,cd4_t_cell,36.03
sample01900,yes,cd4_t_cell,30.2
sample01901,yes,cd4_t_cell,38.71
sample01962,yes,cd4_t_cell,32.09
sample01963,yes,cd4_t_cell,43.75
sample01964,yes,cd4_t_cell,27.83
sample02037,yes,cd4_t_cell,30.26
sample02038,yes,cd4_t_cell,34.72
sample02039,yes,cd4_t_cell,21.55
sample02055,yes,cd4_t_cell,28.07
sample02056,yes,cd4_t_cell,26.94
sample02057,yes,cd4_t_cell,22.1
sample02064,yes,cd4_t_cell,32.96
sample02065,yes,cd4_t_cell,36.01
sample02066,yes,cd4_t_cell,31.84
sample02178,yes,cd4_t_cell,24.68
sample02179,yes,cd4_t_cell,37.55
sample02180,yes,cd4_t_cell,39.3
sample02196,yes,cd4_t_cell,27.71
sample02197,yes,cd4_t_cell,29.31
sample02198,yes,cd4_t_cell,25.27
sample02235,yes,cd4_t_cell,20.55
sample02236,yes,cd4_t_cell,20.82
sample02237,yes,cd4_t_cell,29.19
sample02244,yes,cd4_t_cell,29.24
sample02245,yes,cd4_t_cell,29.47
sample02246,yes,cd4_t_cell,31.34
sample02262,yes,cd4_t_cell,37.81
sample02263,yes,cd4_t_cell,32.34
sample02264,yes,cd4_t_cell,29.92
sample02340,yes,cd4_t_cell,24.79
sample02341,yes,cd4_t_cell,31.1
sample02342,yes,cd4_t_cell,29.79
sample02388,yes,cd4_t_cell,16.46
sample02389,yes,cd4_t_cell,26.38
sample02390,yes,cd4_t_cell,30.85
sample02439,yes,cd4_t_cell,29.29
sample02440,yes,cd4_t_cell,25.58
sample02441,yes,cd4_t_cell,25.48
sample02454,yes,cd4_t_cell,28.28
sample02455,yes,cd4_t_cell,37.46
sample02456,yes,cd4_t_cell,21.99
sample02466,yes,cd4_t_cell,27.53
sample02467,yes,cd4_t_cell,24.42
sample02468,yes,cd4_t_cell,31.78
sample02481,yes,cd4_t_cell,41.89
sample02482,yes,cd4_t_cell,29.19
sample02483,yes,cd4_t_cell,33.75
sample02490,yes,cd4_t_cell,26.61
sample02491,yes,cd4_t_cell,35.28
sample02492,yes,cd4_t_cell,35.38
sample02499,yes,cd4_t_cell,34.22
sample02500,yes,cd4_t_cell,30.22
sample02501,yes,cd4_t_cell,33.9
sample02517,yes,cd4_t_cell,43.02
sample02518,yes,cd4_t_cell,30.89
sample02519,yes,cd4_t_cell,30.62
sample02562,yes,cd4_t_cell,34.64
sample02563,yes,cd4_t_cell,33.36
sample02564,yes,cd4_t_cell,38.3
sample02574,yes,cd4_t_cell,37.07
sample02575,yes,cd4_t_cell,31.02
sample02576,yes,cd4_t_cell,23.66
sample02586,yes,cd4_t_cell,37.6
sample02587,yes,cd4_t_cell,31.02
sample02588,yes,cd4_t_cell,30.83
sample02589,yes,cd4_t_cell,24.95
sample02590,yes,cd4_t_cell,22.98
sample02591,yes,cd4_t_cell,39.13
sample02625,yes,cd4_t_cell,42.35
sample02626,yes,cd4_t_cell,24.49
sample02627,yes,cd4_t_cell,26.29
sample02640,yes,cd4_t_cell,38.6
sample02641,yes,cd4_t_cell,32.58
sample02642,yes,cd4_t_cell,35.71
sample02655,yes,cd4_t_cell,30.11
sample02656,yes,cd4_t_cell,31.32
sample02657,yes,cd4_t_cell,23.59
sample02673,yes,cd4_t_cell,30.88
sample02674,yes,cd4_t_cell,28.97
sample02675,yes,cd4_t_cell,23.02
sample02736,yes,cd4_t_cell,25.86
sample02737,yes,cd4_t_cell,22.51
sample02738,yes,cd4_t_cell,26.33
sample02754,yes,cd4_t_cell,34.63
sample02755,yes,cd4_t_cell,26.7
sample02756,yes,cd4_t_cell,39.6
sample02760,yes,cd4_t_cell,26.87
sample02761,yes,cd4_t_cell,27.97
sample02762,yes,cd4_t_cell,41.51
sample02766,yes,cd4_t_cell,36.5
sample02767,yes,cd4_t_cell,24.26
sample02768,yes,cd4_t_cell,17.46
sample02772,yes,cd4_t_cell,40.29
sample02773,yes,cd4_t_cell,27.6
sample02774,yes,cd4_t_cell,31.17
sample02781,yes,cd4_t_cell,31.9
sample02782,yes,cd4_t_cell,30.4
sample02783,yes,cd4_t_cell,25.78
sample02808,yes,cd4_t_cell,24.67
sample02809,yes,cd4_t_cell,29.43
sample02810,yes,cd4_t_cell,32.46
sample02823,yes,cd4_t_cell,32.62
sample02824,yes,cd4_t_cell,36.91
sample02825,yes,cd4_t_cell,34.69
sample02838,yes,cd4_t_cell,34.74
sample02839,yes,cd4_t_cell,34.2
sample02840,yes,cd4_t_cell,33.83
sample02847,yes,cd4_t_cell,26.47
sample02848,yes,cd4_t_cell,28.61
sample02849,yes,cd4_t_cell,33.44
sample02856,yes,cd4_t_cell,35.44
sample02857,yes,cd4_t_cell,32.88
sample02858,yes,cd4_t_cell,32.38
sample02874,yes,cd4_t_cell,27.37
sample02875,yes,cd4_t_cell,22.48
sample02876,yes,cd4_t_cell,29.03
sample02910,yes,cd4_t_cell,29.54
sample02911,yes,cd4_t_cell,29.6
sample02912,yes,cd4_t_cell,35.03
sample02916,yes,cd4_t_cell,32.04
sample02917,yes,cd4_t_cell,36.63
sample02918,yes,cd4_t_cell,32.06
sample02925,yes,cd4_t_cell,33.66
sample02926,yes,cd4_t_cell,32.15
sample02927,yes,cd4_t_cell,31.53
sample02928,yes,cd4_t_cell,31.23
sample02929,yes,cd4_t_cell,28.4
sample02930,yes,cd4_t_cell,37.37
sample02976,yes,cd4_t_cell,36.48
sample02977,yes,cd4_t_cell,24.91
sample02978,yes,cd4_t_cell,37.91
sample02991,yes,cd4_t_cell,27.48
sample02992,yes,cd4_t_cell,34.61
sample02993,yes,cd4_t_cell,38.19
sample02997,yes,cd4_t_cell,25.03
sample02998,yes,cd4_t_cell,26.16
sample02999,yes,cd4_t_cell,30.79
sample03000,yes,cd4_t_cell,28.47
sample03001,yes,cd4_t_cell,42.85
sample03002,yes,cd4_t_cell,33.13
sample03021,yes,cd4_t_cell,33.58
sample03022,yes,cd4_t_cell,25.4
sample03023,yes,cd4_t_cell,25.02
sample03024,yes,cd4_t_cell,24.43
sample03025,yes,cd4_t_cell,37.17
sample03026,yes,cd4_t_cell,35.31
sample03039,yes,cd4_t_cell,41.16
sample03040,yes,cd4_t_cell,34.64
sample03041,yes,cd4_t_cell,27.76
sample03066,yes,cd4_t_cell,33.26
sample03067,yes,cd4_t_cell,40.67
sample03068,yes,cd4_t_cell,29.87
sample03093,yes,cd4_t_cell,28.13
sample03094,yes,cd4_t_cell,32.21
sample03095,yes,cd4_t_cell,33.35
sample03120,yes,cd4_t_cell,25.49
sample03121,yes,cd4_t_cell,28.13
sample03122,yes,cd4_t_cell,31.99
sample03159,yes,cd4_t_cell,45.84
sample03160,yes,cd4_t_cell,29.03
sample03161,yes,cd4_t_cell,32.93
sample03183,yes,cd4_t_cell,33.34
sample03184,yes,cd4_t_cell,27.9
sample03185,yes,cd4_t_cell,28.04
sample03195,yes,cd4_t_cell,31.89
sample03196,yes,cd4_t_cell,24.01
sample03197,yes,cd4_t_cell,26.06
sample03246,yes,cd4_t_cell,35.7
sample03247,yes,cd4_t_cell,25.12
sample03248,yes,cd4_t_cell,29.35
sample03264,yes,cd4_t_cell,27.45
sample03265,yes,cd4_t_cell,36.03
sample03266,yes,cd4_t_cell,30.77
sample03267,yes,cd4_t_cell,26.19
sample03268,yes,cd4_t_cell,28.65
sample03269,yes,cd4_t_cell,29.81
sample03273,yes,cd4_t_cell,32.89
sample03274,yes,cd4_t_cell,31.31
sample03275,yes,cd4_t_cell,27.15
sample03285,yes,cd4_t_cell,31.46
sample03286,yes,cd4_t_cell,28.96
sample03287,yes,cd4_t_cell,22.31
sample03297,yes,cd4_t_cell,34.93
sample03298,yes,cd4_t_cell,26.72
sample03299,yes,cd4_t_cell,30.52
sample03303,yes,cd4_t_cell,28.75
sample03304,yes,cd4_t_cell,31.58
sample03305,yes,cd4_t_cell,22.57
sample03375,yes,cd4_t_cell,27.12
sample03376,yes,cd4_t_cell,27.26
sample03377,yes,cd4_t_cell,23.6
sample03381,yes,cd4_t_cell,30.86
sample03382,yes,cd4_t_cell,24.19
sample03383,yes,cd4_t_cell,37.84
sample03405,yes,cd4_t_cell,27.88
sample03406,yes,cd4_t_cell,28.34
sample03407,yes,cd4_t_cell,31.82
sample03453,yes,cd4_t_cell,17.76
sample03454,yes,cd4_t_cell,33.58
sample03455,yes,cd4_t_cell,27.0
sample03465,yes,cd4_t_cell,28.65
sample03466,yes,cd4_t_cell,31.47
sample03467,yes,cd4_t_cell,39.23
sample03486,yes,cd4_t_cell,30.63
sample03487,yes,cd4_t_cell,31.32
sample03488,yes,cd4_t_cell,40.59
sample03492,yes,cd4_t_cell,36.21
sample03493,yes,cd4_t_cell,21.28
sample03494,yes,cd4_t_cell,30.43
sample03531,yes,cd4_t_cell,31.79
sample03532,yes,cd4_t_cell,23.7
sample03533,yes,cd4_t_cell,33.81
sample03576,yes,cd4_t_cell,25.85
sample03577,yes,cd4_t_cell,38.26
sample03578,yes,cd4_t_cell,30.64
sample03588,yes,cd4_t_cell,29.07
sample03589,yes,cd4_t_cell,21.11
sample03590,yes,cd4_t_cell,23.64
sample03591,yes,cd4_t_cell,32.59
sample03592,yes,cd4_t_cell,28.86
sample03593,yes,cd4_t_cell,34.08
sample03621,yes,cd4_t_cell,29.58
sample03622,yes,cd4_t_cell,26.66
sample03623,yes,cd4_t_cell,34.88
sample03624,yes,cd4_t_cell,42.26
sample03625,yes,cd4_t_cell,30.69
sample03626,yes,cd4_t_cell,28.87
sample03747,yes,cd4_t_cell,23.96
sample03748,yes,cd4_t_cell,33.47
sample03749,yes,cd4_t_cell,31.39
sample03765,yes,cd4_t_cell,27.37
sample03766,yes,cd4_t_cell,28.39
sample03767,yes,cd4_t_cell,31.93
sample03789,yes,cd4_t_cell,23.37
sample03790,yes,cd4_t_cell,23.96
sample03791,yes,cd4_t_cell,26.42
sample03804,yes,cd4_t_cell,23.21
sample03805,yes,cd4_t_cell,26.9
sample03806,yes,cd4_t_cell,37.84
sample03819,yes,cd4_t_cell,33.94
sample03820,yes,cd4_t_cell,27.13
sample03821,yes,cd4_t_cell,22.85
sample03846,yes,cd4_t_cell,30.75
sample03847,yes,cd4_t_cell,29.54
sample03848,yes,cd4_t_cell,30.87
sample03852,yes,cd4_t_cell,26.95
sample03853,yes,cd4_t_cell,21.08
sample03854,yes,cd4_t_cell,25.88
sample03861,yes,cd4_t_cell,33.84
sample03862,yes,cd4_t_cell,33.06
sample03863,yes,cd4_t_cell,28.61
sample03885,yes,cd4_t_cell,26.73
sample03886,yes,cd4_t_cell,25.42
sample03887,yes,cd4_t_cell,35.98
sample03936,yes,cd4_t_cell,32.7
sample03937,yes,cd4_t_cell,27.98
sample03938,yes,cd4_t_cell,37.76
sample03942,yes,cd4_t_cell,22.15
sample03943,yes,cd4_t_cell,31.7
sample03944,yes,cd4_t_cell,21.99
sample03951,yes,cd4_t_cell,31.6
sample03952,yes,cd4_t_cell,28.16
sample03953,yes,cd4_t_cell,31.25
sample03963,yes,cd4_t_cell,33.91
sample03964,yes,cd4_t_cell,32.87
sample03965,yes,cd4_t_cell,21.58
sample03981,yes,cd4_t_cell,28.19
sample03982,yes,cd4_t_cell,28.93
sample03983,yes,cd4_t_cell,34.92
sample04014,yes,cd4_t_cell,26.5
sample04015,yes,cd4_t_cell,26.32
sample04016,yes,cd4_t_cell,24.65
sample04035,yes,cd4_t_cell,19.12
sample04036,yes,cd4_t_cell,30.29
sample04037,yes,cd4_t_cell,32.1
sample04047,yes,cd4_t_cell,24.43
sample04048,yes,cd4_t_cell,33.9
sample04049,yes,cd4_t_cell,32.15
sample04068,yes,cd4_t_cell,28.49
sample04069,yes,cd4_t_cell,33.95
sample04070,yes,cd4_t_cell,30.68
sample04128,yes,cd4_t_cell,24.72
sample04129,yes,cd4_t_cell,37.59
sample04130,yes,cd4_t_cell,26.41
sample04155,yes,cd4_t_cell,27.25
sample04156,yes,cd4_t_cell,30.73
sample04157,yes,cd4_t_cell,26.32
sample04170,yes,cd4_t_cell,26.99
sample04171,yes,cd4_t_cell,34.91
sample04172,yes,cd4_t_cell,27.27
sample04173,yes,cd4_t_cell,30.3
sample04174,yes,cd4_t_cell,26.09
sample04175,yes,cd4_t_cell,36.66
sample04188,yes,cd4_t_cell,27.83
sample04189,yes,cd4_t_cell,29.79
sample04190,yes,cd4_t_cell,29.91
sample04203,yes,cd4_t_cell,24.82
sample04204,yes,cd4_t_cell,28.68
sample04205,yes,cd4_t_cell,27.99
sample04224,yes,cd4_t_cell,32.07
sample04225,yes,cd4_t_cell,30.05
sample04226,yes,cd4_t_cell,21.79
sample04266,yes,cd4_t_cell,23.73
sample04267,yes,cd4_t_cell,23.8
sample04268,yes,cd4_t_cell,29.2
sample04284,yes,cd4_t_cell,20.06
sample04285,yes,cd4_t_cell,29.23
sample04286,yes,cd4_t_cell,19.27
sample04293,yes,cd4_t_cell,17.2
sample04294,yes,cd4_t_cell,35.96
sample04295,yes,cd4_t_cell,23.71
sample04296,yes,cd4_t_cell,22.25
sample04297,yes,cd4_t_cell,32.37
sample04298,yes,cd4_t_cell,35.27
sample04302,yes,cd4_t_cell,38.56
sample04303,yes,cd4_t_cell,31.92
sample04304,yes,cd4_t_cell,40.11
sample04347,yes,cd4_t_cell,31.46
sample04348,yes,cd4_t_cell,30.81
sample04349,yes,cd4_t_cell,29.23
sample04368,yes,cd4_t_cell,22.82
sample04369,yes,cd4_t_cell,25.9
sample04370,yes,cd4_t_cell,37.18
sample04377,yes,cd4_t_cell,24.23
sample04378,yes,cd4_t_cell,28.39
sample04379,yes,cd4_t_cell,34.26
sample04434,yes,cd4_t_cell,39.92
sample04435,yes,cd4_t_cell,37.48
sample04436,yes,cd4_t_cell,21.5
sample04461,yes,cd4_t_cell,21.88
sample04462,yes,cd4_t_cell,35.54
sample04463,yes,cd4_t_cell,28.29
sample04491,yes,cd4_t_cell,31.0
sample04492,yes,cd4_t_cell,25.1
sample04493,yes,cd4_t_cell,34.53
sample07506,yes,cd4_t_cell,39.59
sample07507,yes,cd4_t_cell,15.67
sample07508,yes,cd4_t_cell,31.63
sample07527,yes,cd4_t_cell,32.34
sample07528,yes,cd4_t_cell,38.81
sample07529,yes,cd4_t_cell,26.98
sample07551,yes,cd4_t_cell,28.68
sample07552,yes,cd4_t_cell,32.44
sample07553,yes,cd4_t_cell,26.64
sample07560,yes,cd4_t_cell,28.89
sample07561,yes,cd4_t_cell,24.48
sample07562,yes,cd4_t_cell,28.38
sample07575,yes,cd4_t_cell,32.88
sample07576,yes,cd4_t_cell,24.8
sample07577,yes,cd4_t_cell,26.94
sample07587,yes,cd4_t_cell,32.55
sample07588,yes,cd4_t_cell,33.81
sample07589,yes,cd4_t_cell,29.88
sample07593,yes,cd4_t_cell,21.62
sample07594,yes,cd4_t_cell,34.47
sample07595,yes,cd4_t_cell,27.67
sample07614,yes,cd4_t_cell,32.33
sample07615,yes,cd4_t_cell,25.67
sample07616,yes,cd4_t_cell,35.32
sample07647,yes,cd4_t_cell,36.65
sample07648,yes,cd4_t_cell,28.07
sample07649,yes,cd4_t_cell,19.37
sample07665,yes,cd4_t_cell,26.01
sample07666,yes,cd4_t_cell,26.79
sample07667,yes,cd4_t_cell,27.17
sample07725,yes,cd4_t_cell,48.27
sample07726,yes,cd4_t_cell,27.88
sample07727,yes,cd4_t_cell,29.09
sample07761,yes,cd4_t_cell,31.27
sample07762,yes,cd4_t_cell,27.21
sample07763,yes,cd4_t_cell,36.83
sample07800,yes,cd4_t_cell,34.17
sample07801,yes,cd4_t_cell,24.7
sample07802,yes,cd4_t_cell,25.04
sample07821,yes,cd4_t_cell,26.06
sample07822,yes,cd4_t_cell,35.73
sample07823,yes,cd4_t_cell,28.39
sample07824,yes,cd4_t_cell,25.48
sample07825,yes,cd4_t_cell,21.22
sample07826,yes,cd4_t_cell,34.63
sample07827,yes,cd4_t_cell,25.6
sample07828,yes,cd4_t_cell,31.91
sample07829,yes,cd4_t_cell,25.03
sample07836,yes,cd4_t_cell,35.96
sample07837,yes,cd4_t_cell,25.97
sample07838,yes,cd4_t_cell,36.59
sample07905,yes,cd4_t_cell,33.03
sample07906,yes,cd4_t_cell,24.22
sample07907,yes,cd4_t_cell,33.27
sample07968,yes,cd4_t_cell,28.2
sample07969,yes,cd4_t_cell,31.25
sample07970,yes,cd4_t_cell,28.69
sample08040,yes,cd4_t_cell,29.72
sample08041,yes,cd4_t_cell,38.81
sample08042,yes,cd4_t_cell,32.17
sample08055,yes,cd4_t_cell,40.17
sample08056,yes,cd4_t_cell,33.85
sample08057,yes,cd4_t_cell,25.25
sample08085,yes,cd4_t_cell,26.56
sample08086,yes,cd4_t_cell,34.1
sample08087,yes,cd4_t_cell,21.48
sample08121,yes,cd4_t_cell,36.0
sample08122,yes,cd4_t_cell,28.59
sample08123,yes,cd4_t_cell,29.99
sample08127,yes,cd4_t_cell,34.67
sample08128,yes,cd4_t_cell,24.79
sample08129,yes,cd4_t_cell,29.42
sample08151,yes,cd4_t_cell,28.66
sample08152,yes,cd4_t_cell,21.39
sample08153,yes,cd4_t_cell,35.76
sample08166,yes,cd4_t_cell,26.55
sample08167,yes,cd4_t_cell,29.87
sample08168,yes,cd4_t_cell,30.56
sample08178,yes,cd4_t_cell,31.63
sample08179,yes,cd4_t_cell,25.61
sample08180,yes,cd4_t_cell,28.09
sample08199,yes,cd4_t_cell,28.38
sample08200,yes,cd4_t_cell,27.76
sample08201,yes,cd4_t_cell,23.78
sample08247,yes,cd4_t_cell,29.01
sample08248,yes,cd4_t_cell,36.9
sample08249,yes,cd4_t_cell,33.13
sample08274,yes,cd4_t_cell,32.43
sample08275,yes,cd4_t_cell,27.7
sample08276,yes,cd4_t_cell,28.03
sample08289,yes,cd4_t_cell,27.57
sample08290,yes,cd4_t_cell,32.95
sample08291,yes,cd4_t_cell,26.79
sample08298,yes,cd4_t_cell,29.37
sample08299,yes,cd4_t_cell,24.95
sample08300,yes,cd4_t_cell,29.72
sample08328,yes,cd4_t_cell,38.66
sample08329,yes,cd4_t_cell,32.4
sample08330,yes,cd4_t_cell,39.18
sample08337,yes,cd4_t_cell,35.31
sample08338,yes,cd4_t_cell,27.03
sample08339,yes,cd4_t_cell,27.43
sample08349,yes,cd4_t_cell,33.19
sample08350,yes,cd4_t_cell,31.85
sample08351,yes,cd4_t_cell,26.24
sample08352,yes,cd4_t_cell,31.77
sample08353,yes,cd4_t_cell,49.03
sample08354,yes,cd4_t_cell,27.08
sample08361,yes,cd4_t_cell,37.64
sample08362,yes,cd4_t_cell,27.56
sample08363,yes,cd4_t_cell,36.23
sample08388,yes,cd4_t_cell,33.11
sample08389,yes,cd4_t_cell,31.65
sample08390,yes,cd4_t_cell,34.57
sample08403,yes,cd4_t_cell,25.6
sample08404,yes,cd4_t_cell,30.0
sample08405,yes,cd4_t_cell,31.98
sample08442,yes,cd4_t_cell,28.82
sample08443,yes,cd4_t_cell,27.96
sample08444,yes,cd4_t_cell,28.02
sample08466,yes,cd4_t_cell,37.9
sample08467,yes,cd4_t_cell,33.95
sample08468,yes,cd4_t_cell,28.86
sample08481,yes,cd4_t_cell,20.89
sample08482,yes,cd4_t_cell,33.74
sample08483,yes,cd4_t_cell,35.59
sample08568,yes,cd4_t_cell,24.03
sample08569,yes,cd4_t_cell,35.47
sample08570,yes,cd4_t_cell,32.28
sample08583,yes,cd4_t_cell,28.11
sample08584,yes,cd4_t_cell,31.81
sample08585,yes,cd4_t_cell,32.18
sample08595,yes,cd4_t_cell,24.01
sample08596,yes,cd4_t_cell,26.73
sample08597,yes,cd4_t_cell,25.08
sample08610,yes,cd4_t_cell,36.6
sample08611,yes,cd4_t_cell,30.99
sample08612,yes,cd4_t_cell,35.11
sample08655,yes,cd4_t_cell,28.74
sample08656,yes,cd4_t_cell,29.32
sample08657,yes,cd4_t_cell,33.14
sample08685,yes,cd4_t_cell,23.17
sample08686,yes,cd4_t_cell,30.02
sample08687,yes,cd4_t_cell,26.0
sample08706,yes,cd4_t_cell,34.97
sample08707,yes,cd4_t_cell,32.13
sample08708,yes,cd4_t_cell,29.8
sample08718,yes,cd4_t_cell,35.19
sample08719,yes,cd4_t_cell,40.17
sample08720,yes,cd4_t_cell,45.4
sample08724,yes,cd4_t_cell,23.93
sample08725,yes,cd4_t_cell,29.05
sample08726,yes,cd4_t_cell,32.75
sample08769,yes,cd4_t_cell,33.57
sample08770,yes,cd4_t_cell,32.46
sample08771,yes,cd4_t_cell,33.28
sample08781,yes,cd4_t_cell,36.38
sample08782,yes,cd4_t_cell,32.47
sample08783,yes,cd4_t_cell,32.38
sample08829,yes,cd4_t_cell,24.75
sample08830,yes,cd4_t_cell,32.83
sample08831,yes,cd4_t_cell,30.69
sample08832,yes,cd4_t_cell,22.73
sample08833,yes,cd4_t_cell,36.93
sample08834,yes,cd4_t_cell,30.12
sample08853,yes,cd4_t_cell,15.91
sample08854,yes,cd4_t_cell,32.04
sample08855,yes,cd4_t_cell,32.49
sample08856,yes,cd4_t_cell,27.48
sample08857,yes,cd4_t_cell,34.5
sample08858,yes,cd4_t_cell,36.62
sample08895,yes,cd4_t_cell,24.81
sample08896,yes,cd4_t_cell,23.81
sample08897,yes,cd4_t_cell,39.52
sample08913,yes,cd4_t_cell,31.29
sample08914,yes,cd4_t_cell,26.59
sample08915,yes,cd4_t_cell,31.92
sample08925,yes,cd4_t_cell,25.49
sample08926,yes,cd4_t_cell,27.73
sample08927,yes,cd4_t_cell,39.09
sample08943,yes,cd4_t_cell,32.47
sample08944,yes,cd4_t_cell,25.94
sample08945,yes,cd4_t_cell,33.84
sample08946,yes,cd4_t_cell,31.13
sample08947,yes,cd4_t_cell,23.5
sample08948,yes,cd4_t_cell,30.82
sample08970,yes,cd4_t_cell,28.85
sample08971,yes,cd4_t_cell,39.71
sample08972,yes,cd4_t_cell,33.45
sample08979,yes,cd4_t_cell,29.47
sample08980,yes,cd4_t_cell,35.18
sample08981,yes,cd4_t_cell,28.82
sample09009,yes,cd4_t_cell,28.88
sample09010,yes,cd4_t_cell,34.26
sample09011,yes,cd4_t_cell,36.08
sample09018,yes,cd4_t_cell,30.18
sample09019,yes,cd4_t_cell,31.21
sample09020,yes,cd4_t_cell,28.57
sample09024,yes,cd4_t_cell,32.09
sample09025,yes,cd4_t_cell,39.74
sample09026,yes,cd4_t_cell,27.37
sample09072,yes,cd4_t_cell,33.96
sample09073,yes,cd4_t_cell,31.62
sample09074,yes,cd4_t_cell,33.62
sample09081,yes,cd4_t_cell,34.75
sample09082,yes,cd4_t_cell,34.73
sample09083,yes,cd4_t_cell,26.43
sample09087,yes,cd4_t_cell,33.98
sample09088,yes,cd4_t_cell,31.67
sample09089,yes,cd4_t_cell,23.25
sample09102,yes,cd4_t_cell,32.25
sample09103,yes,cd4_t_cell,28.03
sample09104,yes,cd4_t_cell,31.16
sample09114,yes,cd4_t_cell,31.23
sample09115,yes,cd4_t_cell,45.48
sample09116,yes,cd4_t_cell,26.8
sample09129,yes,cd4_t_cell,28.4
sample09130,yes,cd4_t_cell,35.1
sample09131,yes,cd4_t_cell,36.28
sample09144,yes,cd4_t_cell,21.25
sample09145,yes,cd4_t_cell,29.07
sample09146,yes,cd4_t_cell,28.88
sample09162,yes,cd4_t_cell,22.69
sample09163,yes,cd4_t_cell,31.58
sample09164,yes,cd4_t_cell,37.69
sample09171,yes,cd4_t_cell,33.91
sample09172,yes,cd4_t_cell,21.22
sample09173,yes,cd4_t_cell,29.43
sample09180,yes,cd4_t_cell,33.34
sample09181,yes,cd4_t_cell,27.51
sample09182,yes,cd4_t_cell,41.75
sample09198,yes,cd4_t_cell,29.74
sample09199,yes,cd4_t_cell,22.7
sample09200,yes,cd4_t_cell,28.69
sample09243,yes,cd4_t_cell,26.45
sample09244,yes,cd4_t_cell,33.09
sample09245,yes,cd4_t_cell,35.54
sample09300,yes,cd4_t_cell,28.57
sample09301,yes,cd4_t_cell,36.17
sample09302,yes,cd4_t_cell,37.41
sample09390,yes,cd4_t_cell,28.38
sample09391,yes,cd4_t_cell,22.04
sample09392,yes,cd4_t_cell,28.42
sample09393,yes,cd4_t_cell,24.68
sample09394,yes,cd4_t_cell,26.25
sample09395,yes,cd4_t_cell,29.66
sample09441,yes,cd4_t_cell,25.18
sample09442,yes,cd4_t_cell,30.89
sample09443,yes,cd4_t_cell,28.9
sample09450,yes,cd4_t_cell,37.78
sample09451,yes,cd4_t_cell,28.34
sample09452,yes,cd4_t_cell,44.06
sample09459,yes,cd4_t_cell,28.68
sample09460,yes,cd4_t_cell,29.0
sample09461,yes,cd4_t_cell,25.64
sample09468,yes,cd4_t_cell,33.47
sample09469,yes,cd4_t_cell,27.58
sample09470,yes,cd4_t_cell,33.27
sample09486,yes,cd4_t_cell,29.31
sample09487,yes,cd4_t_cell,42.13
sample09488,yes,cd4_t_cell,27.05
sample09489,yes,cd4_t_cell,34.2
sample09490,yes,cd4_t_cell,27.87
sample09491,yes,cd4_t_cell,34.67
sample09495,yes,cd4_t_cell,23.51
sample09496,yes,cd4_t_cell,29.56
sample09497,yes,cd4_t_cell,34.57
sample09513,yes,cd4_t_cell,23.03
sample09514,yes,cd4_t_cell,29.33
sample09515,yes,cd4_t_cell,32.46
sample09519,yes,cd4_t_cell,26.36
sample09520,yes,cd4_t_cell,35.79
sample09521,yes,cd4_t_cell,27.33
sample09546,yes,cd4_t_cell,30.09
sample09547,yes,cd4_t_cell,23.67
sample09548,yes,cd4_t_cell,30.62
sample09573,yes,cd4_t_cell,30.02
sample09574,yes,cd4_t_cell,27.01
sample09575,yes,cd4_t_cell,26.78
sample09579,yes,cd4_t_cell,29.23
sample09580,yes,cd4_t_cell,25.21
sample09581,yes,cd4_t_cell,39.79
sample09582,yes,cd4_t_cell,26.8
sample09583,yes,cd4_t_cell,30.45
sample09584,yes,cd4_t_cell,31.26
sample09591,yes,cd4_t_cell,26.66
sample09592,yes,cd4_t_cell,24.76
sample09593,yes,cd4_t_cell,29.2
sample09597,yes,cd4_t_cell,22.45
sample09598,yes,cd4_t_cell,29.62
sample09599,yes,cd4_t_cell,37.88
sample09606,yes,cd4_t_cell,25.35
sample09607,yes,cd4_t_cell,29.68
sample09608,yes,cd4_t_cell,31.66
sample09612,yes,cd4_t_cell,37.83
sample09613,yes,cd4_t_cell,42.57
sample09614,yes,cd4_t_cell,31.52
sample09615,yes,cd4_t_cell,27.28
sample09616,yes,cd4_t_cell,35.01
sample09617,yes,cd4_t_cell,27.18
sample09666,yes,cd4_t_cell,32.86
sample09667,yes,cd4_t_cell,34.18
sample09668,yes,cd4_t_cell,23.35
sample09690,yes,cd4_t_cell,29.63
sample09691,yes,cd4_t_cell,31.69
sample09692,yes,cd4_t_cell,28.84
sample09699,yes,cd4_t_cell,21.78
sample09700,yes,cd4_t_cell,30.55
sample09701,yes,cd4_t_cell,32.95
sample09705,yes,cd4_t_cell,31.99
sample09706,yes,cd4_t_cell,34.02
sample09707,yes,cd4_t_cell,28.93
sample09720,yes,cd4_t_cell,26.0
sample09721,yes,cd4_t_cell,35.95
sample09722,yes,cd4_t_cell,32.38
sample09783,yes,cd4_t_cell,27.33
sample09784,yes,cd4_t_cell,31.72
sample09785,yes,cd4_t_cell,31.06
sample09798,yes,cd4_t_cell,24.68
sample09799,yes,cd4_t_cell,37.63
sample09800,yes,cd4_t_cell,28.64
sample09909,yes,cd4_t_cell,32.08
sample09910,yes,cd4_t_cell,43.22
sample09911,yes,cd4_t_cell,26.45
sample09924,yes,cd4_t_cell,33.96
sample09925,yes,cd4_t_cell,33.8
sample09926,yes,cd4_t_cell,29.14
sample09963,yes,cd4_t_cell,26.39
sample09964,yes,cd4_t_cell,29.61
sample09965,yes,cd4_t_cell,29.15
sample09978,yes,cd4_t_cell,22.3
sample09979,yes,cd4_t_cell,34.29
sample09980,yes,cd4_t_cell,27.47
sample09990,yes,cd4_t_cell,33.96
sample09991,yes,cd4_t_cell,46.61
sample09992,yes,cd4_t_cell,27.31
sample09996,yes,cd4_t_cell,30.31
sample09997,yes,cd4_t_cell,40.8
sample09998,yes,cd4_t_cell,35.81
sample10038,yes,cd4_t_cell,32.98
sample10039,yes,cd4_t_cell,30.21
sample10040,yes,cd4_t_cell,26.66
sample10041,yes,cd4_t_cell,27.41
sample10042,yes,cd4_t_cell,33.57
sample10043,yes,cd4_t_cell,26.18
sample10095,yes,cd4_t_cell,35.96
sample10096,yes,cd4_t_cell,22.76
sample10097,yes,cd4_t_cell,22.27
sample10116,yes,cd4_t_cell,35.28
sample10117,yes,cd4_t_cell,38.77
sample10118,yes,cd4_t_cell,31.4
sample10125,yes,cd4_t_cell,27.84
sample10126,yes,cd4_t_cell,28.83
sample10127,yes,cd4_t_cell,33.96
sample10128,yes,cd4_t_cell,31.03
sample10129,yes,cd4_t_cell,29.1
sample10130,yes,cd4_t_cell,30.91
sample10131,yes,cd4_t_cell,32.1
sample10132,yes,cd4_t_cell,31.23
sample10133,yes,cd4_t_cell,30.25
sample10140,yes,cd4_t_cell,29.16
sample10141,yes,cd4_t_cell,22.96
sample10142,yes,cd4_t_cell,32.66
sample10179,yes,cd4_t_cell,35.76
sample10180,yes,cd4_t_cell,34.08
sample10181,yes,cd4_t_cell,32.89
sample10197,yes,cd4_t_cell,22.31
sample10198,yes,cd4_t_cell,34.62
sample10199,yes,cd4_t_cell,31.84
sample10233,yes,cd4_t_cell,23.2
sample10234,yes,cd4_t_cell,36.42
sample10235,yes,cd4_t_cell,26.38
sample10248,yes,cd4_t_cell,29.9
sample10249,yes,cd4_t_cell,36.75
sample10250,yes,cd4_t_cell,43.47
sample10323,yes,cd4_t_cell,31.33
sample10324,yes,cd4_t_cell,27.95
sample10325,yes,cd4_t_cell,27.88
sample10335,yes,cd4_t_cell,30.1
sample10336,yes,cd4_t_cell,40.32
sample10337,yes,cd4_t_cell,19.36
sample10341,yes,cd4_t_cell,38.54
sample10342,yes,cd4_t_cell,31.54
sample10343,yes,cd4_t_cell,28.39
sample10347,yes,cd4_t_cell,33.32
sample10348,yes,cd4_t_cell,26.23
sample10349,yes,cd4_t_cell,35.04
sample10356,yes,cd4_t_cell,28.88
sample10357,yes,cd4_t_cell,31.28
sample10358,yes,cd4_t_cell,32.9
sample10383,yes,cd4_t_cell,19.59
sample10384,yes,cd4_t_cell,36.86
sample10385,yes,cd4_t_cell,25.34
sample10386,yes,cd4_t_cell,32.8
sample10387,yes,cd4_t_cell,29.56
sample10388,yes,cd4_t_cell,36.34
sample10392,yes,cd4_t_cell,32.18
sample10393,yes,cd4_t_cell,25.18
sample10394,yes,cd4_t_cell,36.43
sample10410,yes,cd4_t_cell,29.7
sample10411,yes,cd4_t_cell,32.85
sample10412,yes,cd4_t_cell,29.1
sample10443,yes,cd4_t_cell,36.87
sample10444,yes,cd4_t_cell,36.1
sample10445,yes,cd4_t_cell,24.62
sample10491,yes,cd4_t_cell,33.25
sample10492,yes,cd4_t_cell,21.75
sample10493,yes,cd4_t_cell,30.56
sample00000,no,cd8_t_cell,26.22
sample00001,no,cd8_t_cell,19.25
sample00002,no,cd8_t_cell,24.71
sample00006,no,cd8_t_cell,31.37
sample00007,no,cd8_t_cell,13.72
sample00008,no,cd8_t_cell,29.01
sample00009,no,cd8_t_cell,34.79
sample00010,no,cd8_t_cell,19.84
sample00011,no,cd8_t_cell,22.03
sample00072,no,cd8_t_cell,28.31
sample00073,no,cd8_t_cell,27.59
sample00074,no,cd8_t_cell,20.18
sample00081,no,cd8_t_cell,20.3
sample00082,no,cd8_t_cell,30.17
sample00083,no,cd8_t_cell,26.3
sample00123,no,cd8_t_cell,26.26
sample00124,no,cd8_t_cell,25.93
sample00125,no,cd8_t_cell,31.86
sample00153,no,cd8_t_cell,26.08
sample00154,no,cd8_t_cell,29.92
sample00155,no,cd8_t_cell,31.67
sample00174,no,cd8_t_cell,22.63
sample00175,no,cd8_t_cell,21.36
sample00176,no,cd8_t_cell,19.02
sample00186,no,cd8_t_cell,32.26
sample00187,no,cd8_t_cell,23.5
sample00188,no,cd8_t_cell,22.41
sample00189,no,cd8_t_cell,27.74
sample00190,no,cd8_t_cell,28.34
sample00191,no,cd8_t_cell,31.19
sample00213,no,cd8_t_cell,23.71
sample00214,no,cd8_t_cell,25.96
sample00215,no,cd8_t_cell,26.64
sample00243,no,cd8_t_cell,23.3
sample00244,no,cd8_t_cell,26.02
sample00245,no,cd8_t_cell,20.39
sample00249,no,cd8_t_cell,26.43
sample00250,no,cd8_t_cell,24.47
sample00251,no,cd8_t_cell,21.78
sample00285,no,cd8_t_cell,20.22
sample00286,no,cd8_t_cell,21.83
sample00287,no,cd8_t_cell,34.06
sample00402,no,cd8_t_cell,26.49
sample00403,no,cd8_t_cell,22.42
sample00404,no,cd8_t_cell,17.91
sample00411,no,cd8_t_cell,11.17
sample00412,no,cd8_t_cell,26.71
sample00413,no,cd8_t_cell,24.6
sample00414,no,cd8_t_cell,21.6
sample00415,no,cd8_t_cell,25.65
sample00416,no,cd8_t_cell,21.24
sample00435,no,cd8_t_cell,29.09
sample00436,no,cd8_t_cell,22.26
sample00437,no,cd8_t_cell,30.26
sample00459,no,cd8_t_cell,24.39
sample00460,no,cd8_t_cell,24.81
sample00461,no,cd8_t_cell,24.21
sample00465,no,cd8_t_cell,28.64
sample00466,no,cd8_t_cell,23.45
sample00467,no,cd8_t_cell,24.38
sample00471,no,cd8_t_cell,23.16
sample00472,no,cd8_t_cell,27.36
sample00473,no,cd8_t_cell,17.64
sample00480,no,cd8_t_cell,17.6
sample00481,no,cd8_t_cell,29.0
sample00482,no,cd8_t_cell,22.97
sample00492,no,cd8_t_cell,26.77
sample00493,no,cd8_t_cell,27.4
sample00494,no,cd8_t_cell,28.32
sample00513,no,cd8_t_cell,21.62
sample00514,no,cd8_t_cell,29.85
sample00515,no,cd8_t_cell,23.25
sample00516,no,cd8_t_cell,29.07
sample00517,no,cd8_t_cell,25.02
sample00518,no,cd8_t_cell,20.67
sample00522,no,cd8_t_cell,22.81
sample00523,no,cd8_t_cell,20.45
sample00524,no,cd8_t_cell,20.32
sample00534,no,cd8_t_cell,24.78
sample00535,no,cd8_t_cell,29.65
sample00536,no,cd8_t_cell,24.93
sample00585,no,cd8_t_cell,31.24
sample00586,no,cd8_t_cell,25.13
sample00587,no,cd8_t_cell,28.65
sample00588,no,cd8_t_cell,27.43
sample00589,no,cd8_t_cell,27.9
sample00590,no,cd8_t_cell,19.97
sample00624,no,cd8_t_cell,27.44
sample00625,no,cd8_t_cell,29.51
sample00626,no,cd8_t_cell,25.27
sample00639,no,cd8_t_cell,25.31
sample00640,no,cd8_t_cell,21.3
sample00641,no,cd8_t_cell,31.12
sample00693,no,cd8_t_cell,27.19
sample00694,no,cd8_t_cell,17.74
sample00695,no,cd8_t_cell,34.17
sample00696,no,cd8_t_cell,30.3
sample00697,no,cd8_t_cell,18.24
sample00698,no,cd8_t_cell,29.07
sample00717,no,cd8_t_cell,24.72
sample00718,no,cd8_t_cell,31.72
sample00719,no,cd8_t_cell,22.38
sample00726,no,cd8_t_cell,22.89
sample00727,no,cd8_t_cell,15.24
sample00728,no,cd8_t_cell,25.55
sample00756,no,cd8_t_cell,21.62
sample00757,no,cd8_t_cell,22.89
sample00758,no,cd8_t_cell,35.76
sample00798,no,cd8_t_cell,38.06
sample00799,no,cd8_t_cell,24.49
sample00800,no,cd8_t_cell,38.03
sample00807,no,cd8_t_cell,22.93
sample00808,no,cd8_t_cell,21.42
sample00809,no,cd8_t_cell,25.11
sample00849,no,cd8_t_cell,18.53
sample00850,no,cd8_t_cell,17.74
sample00851,no,cd8_t_cell,22.95
sample00867,no,cd8_t_cell,19.82
sample00868,no,cd8_t_cell,22.71
sample00869,no,cd8_t_cell,24.73
sample00918,no,cd8_t_cell,30.99
sample00919,no,cd8_t_cell,19.32
sample00920,no,cd8_t_cell,22.05
sample00966,no,cd8_t_cell,18.55
sample00967,no,cd8_t_cell,33.0
sample00968,no,cd8_t_cell,23.7
sample00987,no,cd8_t_cell,35.66
sample00988,no,cd8_t_cell,20.71
sample00989,no,cd8_t_cell,30.5
sample01011,no,cd8_t_cell,33.32
sample01012,no,cd8_t_cell,23.79
sample01013,no,cd8_t_cell,22.04
sample01023,no,cd8_t_cell,27.58
sample01024,no,cd8_t_cell,20.55
sample01025,no,cd8_t_cell,33.16
sample01041,no,cd8_t_cell,27.27
sample01042,no,cd8_t_cell,31.07
sample01043,no,cd8_t_cell,17.62
sample01053,no,cd8_t_cell,23.02
sample01054,no,cd8_t_cell,22.86
sample01055,no,cd8_t_cell,33.59
sample01062,no,cd8_t_cell,21.81
sample01063,no,cd8_t_cell,26.29
sample01064,no,cd8_t_cell,22.39
sample01110,no,cd8_t_cell,21.52
sample01111,no,cd8_t_cell,30.28
sample01112,no,cd8_t_cell,28.1
sample01134,no,cd8_t_cell,27.93
sample01135,no,cd8_t_cell,19.3
sample01136,no,cd8_t_cell,24.66
sample01137,no,cd8_t_cell,19.36
sample01138,no,cd8_t_cell,30.55
sample01139,no,cd8_t_cell,26.01
sample01143,no,cd8_t_cell,30.02
sample01144,no,cd8_t_cell,29.93
sample01145,no,cd8_t_cell,21.55
sample01152,no,cd8_t_cell,19.13
sample01153,no,cd8_t_cell,23.92
sample01154,no,cd8_t_cell,22.94
sample01161,no,cd8_t_cell,27.09
sample01162,no,cd8_t_cell,29.71
sample01163,no,cd8_t_cell,21.54
sample01218,no,cd8_t_cell,27.06
sample01219,no,cd8_t_cell,28.92
sample01220,no,cd8_t_cell,25.17
sample01227,no,cd8_t_cell,22.43
sample01228,no,cd8_t_cell,24.94
sample01229,no,cd8_t_cell,18.25
sample01230,no,cd8_t_cell,20.69
sample01231,no,cd8_t_cell,28.53
sample01232,no,cd8_t_cell,31.43
sample01242,no,cd8_t_cell,23.88
sample01243,no,cd8_t_cell,29.79
sample01244,no,cd8_t_cell,20.4
sample01314,no,cd8_t_cell,23.72
sample01315,no,cd8_t_cell,24.44
sample01316,no,cd8_t_cell,24.7
sample01344,no,cd8_t_cell,19.43
sample01345,no,cd8_t_cell,26.77
sample01346,no,cd8_t_cell,29.04
sample01386,no,cd8_t_cell,22.37
sample01387,no,cd8_t_cell,31.28
sample01388,no,cd8_t_cell,28.63
sample01395,no,cd8_t_cell,22.39
sample01396,no,cd8_t_cell,23.03
sample01397,no,cd8_t_cell,27.64
sample01413,no,cd8_t_cell,24.23
sample01414,no,cd8_t_cell,18.28
sample01415,no,cd8_t_cell,21.6
sample01431,no,cd8_t_cell,34.13
sample01432,no,cd8_t_cell,25.9
sample01433,no,cd8_t_cell,23.01
sample01542,no,cd8_t_cell,24.69
sample01543,no,cd8_t_cell,28.46
sample01544,no,cd8_t_cell,22.51
sample01554,no,cd8_t_cell,24.43
sample01555,no,cd8_t_cell,20.68
sample01556,no,cd8_t_cell,28.46
sample01587,no,cd8_t_cell,26.9
sample01588,no,cd8_t_cell,20.78
sample01589,no,cd8_t_cell,19.87
sample01611,no,cd8_t_cell,25.96
sample01612,no,cd8_t_cell,18.35
sample01613,no,cd8_t_cell,35.32
sample01674,no,cd8_t_cell,25.95
sample01675,no,cd8_t_cell,27.69
sample01676,no,cd8_t_cell,34.24
sample01680,no,cd8_t_cell,23.06
sample01681,no,cd8_t_cell,28.58
sample01682,no,cd8_t_cell,32.49
sample01686,no,cd8_t_cell,15.6
sample01687,no,cd8_t_cell,30.78
sample01688,no,cd8_t_cell,19.26
sample01701,no,cd8_t_cell,26.32
sample01702,no,cd8_t_cell,27.58
sample01703,no,cd8_t_cell,20.05
sample01722,no,cd8_t_cell,23.18
sample01723,no,cd8_t_cell,21.08
sample01724,no,cd8_t_cell,32.69
sample01752,no,cd8_t_cell,31.78
sample01753,no,cd8_t_cell,27.78
sample01754,no,cd8_t_cell,21.97
sample01767,no,cd8_t_cell,29.1
sample01768,no,cd8_t_cell,20.57
sample01769,no,cd8_t_cell,19.54
sample01803,no,cd8_t_cell,34.33
sample01804,no,cd8_t_cell,28.73
sample01805,no,cd8_t_cell,20.64
sample01809,no,cd8_t_cell,24.81
sample01810,no,cd8_t_cell,25.06
sample01811,no,cd8_t_cell,19.07
sample01812,no,cd8_t_cell,26.58
sample01813,no,cd8_t_cell,23.17
sample01814,no,cd8_t_cell,26.4
sample01848,no,cd8_t_cell,27.41
sample01849,no,cd8_t_cell,27.23
sample01850,no,cd8_t_cell,31.18
sample01866,no,cd8_t_cell,30.09
sample01867,no,cd8_t_cell,18.4
sample01868,no,cd8_t_cell,26.12
sample01875,no,cd8_t_cell,18.37
sample01876,no,cd8_t_cell,33.15
sample01877,no,cd8_t_cell,23.1
sample01884,no,cd8_t_cell,18.76
sample01885,no,cd8_t_cell,22.95
sample01886,no,cd8_t_cell,23.09
sample01893,no,cd8_t_cell,23.18
sample01894,no,cd8_t_cell,17.82
sample01895,no,cd8_t_cell,20.66
sample01914,no,cd8_t_cell,20.04
sample01915,no,cd8_t_cell,25.28
sample01916,no,cd8_t_cell,16.32
sample01926,no,cd8_t_cell,20.11
sample01927,no,cd8_t_cell,24.44
sample01928,no,cd8_t_cell,24.88
sample01932,no,cd8_t_cell,26.14
sample01933,no,cd8_t_cell,26.23
sample01934,no,cd8_t_cell,25.69
sample01968,no,cd8_t_cell,21.26
sample01969,no,cd8_t_cell,23.92
sample01970,no,cd8_t_cell,33.77
sample01986,no,cd8_t_cell,23.33
sample01987,no,cd8_t_cell,15.63
sample01988,no,cd8_t_cell,20.71
sample01992,no,cd8_t_cell,29.34
sample01993,no,cd8_t_cell,26.92
sample01994,no,cd8_t_cell,22.27
sample02010,no,cd8_t_cell,22.88
sample02011,no,cd8_t_cell,19.84
sample02012,no,cd8_t_cell,30.25
sample02016,no,cd8_t_cell,29.92
sample02017,no,cd8_t_cell,29.15
sample02018,no,cd8_t_cell,24.24
sample02040,no,cd8_t_cell,22.58
sample02041,no,cd8_t_cell,20.18
sample02042,no,cd8_t_cell,24.36
sample02046,no,cd8_t_cell,28.58
sample02047,no,cd8_t_cell,26.14
sample02048,no,cd8_t_cell,20.11
sample02061,no,cd8_t_cell,23.11
sample02062,no,cd8_t_cell,26.59
sample02063,no,cd8_t_cell,19.87
sample02109,no,cd8_t_cell,23.19
sample02110,no,cd8_t_cell,20.54
sample02111,no,cd8_t_cell,35.72
sample02148,no,cd8_t_cell,25.45
sample02149,no,cd8_t_cell,20.66
sample02150,no,cd8_t_cell,15.64
sample02169,no,cd8_t_cell,30.97
sample02170,no,cd8_t_cell,26.89
sample02171,no,cd8_t_cell,22.73
sample02205,no,cd8_t_cell,21.39
sample02206,no,cd8_t_cell,17.94
sample02207,no,cd8_t_cell,20.51
sample02214,no,cd8_t_cell,26.36
sample02215,no,cd8_t_cell,20.91
sample02216,no,cd8_t_cell,28.68
sample02232,no,cd8_t_cell,23.39
sample02233,no,cd8_t_cell,31.31
sample02234,no,cd8_t_cell,26.14
sample02253,no,cd8_t_cell,36.9
sample02254,no,cd8_t_cell,20.19
sample02255,no,cd8_t_cell,25.59
sample02286,no,cd8_t_cell,22.99
sample02287,no,cd8_t_cell,29.12
sample02288,no,cd8_t_cell,21.76
sample02289,no,cd8_t_cell,20.75
sample02290,no,cd8_t_cell,23.51
sample02291,no,cd8_t_cell,26.07
sample02319,no,cd8_t_cell,29.66
sample02320,no,cd8_t_cell,24.89
sample02321,no,cd8_t_cell,15.93
sample02334,no,cd8_t_cell,27.96
sample02335,no,cd8_t_cell,27.22
sample02336,no,cd8_t_cell,33.07
sample02355,no,cd8_t_cell,27.95
sample02356,no,cd8_t_cell,22.48
sample02357,no,cd8_t_cell,25.29
sample02364,no,cd8_t_cell,24.36
sample02365,no,cd8_t_cell,18.29
sample02366,no,cd8_t_cell,27.0
sample02412,no,cd8_t_cell,18.07
sample02413,no,cd8_t_cell,28.59
sample02414,no,cd8_t_cell,24.05
sample02430,no,cd8_t_cell,25.3
sample02431,no,cd8_t_cell,29.38
sample02432,no,cd8_t_cell,24.94
sample02436,no,cd8_t_cell,23.91
sample02437,no,cd8_t_cell,30.12
sample02438,no,cd8_t_cell,16.22
sample02478,no,cd8_t_cell,15.63
sample02479,no,cd8_t_cell,22.74
sample02480,no,cd8_t_cell,21.07
sample02541,no,cd8_t_cell,22.21
sample02542,no,cd8_t_cell,26.0
sample02543,no,cd8_t_cell,20.58
sample02583,no,cd8_t_cell,23.4
sample02584,no,cd8_t_cell,22.96
sample02585,no,cd8_t_cell,27.5
sample02592,no,cd8_t_cell,23.78
sample02593,no,cd8_t_cell,36.77
sample02594,no,cd8_t_cell,23.42
sample02619,no,cd8_t_cell,27.77
sample02620,no,cd8_t_cell,21.93
sample02621,no,cd8_t_cell,28.57
sample02646,no,cd8_t_cell,25.21
sample02647,no,cd8_t_cell,20.17
sample02648,no,cd8_t_cell,30.31
sample02661,no,cd8_t_cell,24.0
sample02662,no,cd8_t_cell,27.58
sample02663,no,cd8_t_cell,15.87
sample02664,no,cd8_t_cell,30.7
sample02665,no,cd8_t_cell,18.33
sample02666,no,cd8_t_cell,26.95
sample02667,no,cd8_t_cell,24.84
sample02668,no,cd8_t_cell,21.54
sample02669,no,cd8_t_cell,22.8
sample02682,no,cd8_t_cell,14.01
sample02683,no,cd8_t_cell,24.17
sample02684,no,cd8_t_cell,29.42
sample02700,no,cd8_t_cell,22.8
sample02701,no,cd8_t_cell,20.74
sample02702,no,cd8_t_cell,34.03
sample02706,no,cd8_t_cell,23.38
sample02707,no,cd8_t_cell,26.14
sample02708,no,cd8_t_cell,22.3
sample02718,no,cd8_t_cell,26.94
sample02719,no,cd8_t_cell,19.63
sample02720,no,cd8_t_cell,19.33
sample02742,no,cd8_t_cell,19.36
sample02743,no,cd8_t_cell,31.95
sample02744,no,cd8_t_cell,29.81
sample02775,no,cd8_t_cell,29.1
sample02776,no,cd8_t_cell,22.7
sample02777,no,cd8_t_cell,36.66
sample02799,no,cd8_t_cell,17.72
sample02800,no,cd8_t_cell,20.35
sample02801,no,cd8_t_cell,22.09
sample02811,no,cd8_t_cell,23.29
sample02812,no,cd8_t_cell,16.64
sample02813,no,cd8_t_cell,19.4
sample02829,no,cd8_t_cell,20.96
sample02830,no,cd8_t_cell,31.09
sample02831,no,cd8_t_cell,21.45
sample02886,no,cd8_t_cell,25.51
sample02887,no,cd8_t_cell,26.83
sample02888,no,cd8_t_cell,29.65
sample02889,no,cd8_t_cell,30.6
sample02890,no,cd8_t_cell,31.59
sample02891,no,cd8_t_cell,32.12
sample02901,no,cd8_t_cell,23.47
sample02902,no,cd8_t_cell,27.68
sample02903,no,cd8_t_cell,21.22
sample02961,no,cd8_t_cell,25.17
sample02962,no,cd8_t_cell,24.15
sample02963,no,cd8_t_cell,21.91
sample02970,no,cd8_t_cell,24.22
sample02971,no,cd8_t_cell,24.35
sample02972,no,cd8_t_cell,29.53
sample03006,no,cd8_t_cell,24.87
sample03007,no,cd8_t_cell,28.81
sample03008,no,cd8_t_cell,21.98
sample03030,no,cd8_t_cell,33.93
sample03031,no,cd8_t_cell,31.08
sample03032,no,cd8_t_cell,34.14
sample03051,no,cd8_t_cell,27.73
sample03052,no,cd8_t_cell,24.03
sample03053,no,cd8_t_cell,24.71
sample03096,no,cd8_t_cell,29.64
sample03097,no,cd8_t_cell,26.67
sample03098,no,cd8_t_cell,19.91
sample03108,no,cd8_t_cell,20.59
sample03109,no,cd8_t_cell,31.72
sample03110,no,cd8_t_cell,26.68
sample03132,no,cd8_t_cell,30.36
sample03133,no,cd8_t_cell,25.87
sample03134,no,cd8_t_cell,25.34
sample03186,no,cd8_t_cell,25.0
sample03187,no,cd8_t_cell,23.2
sample03188,no,cd8_t_cell,25.5
sample03198,no,cd8_t_cell,19.74
sample03199,no,cd8_t_cell,30.19
sample03200,no,cd8_t_cell,26.59
sample03213,no,cd8_t_cell,20.86
sample03214,no,cd8_t_cell,22.53
sample03215,no,cd8_t_cell,24.71
sample03252,no,cd8_t_cell,18.93
sample03253,no,cd8_t_cell,23.52
sample03254,no,cd8_t_cell,29.81
sample03258,no,cd8_t_cell,31.34
sample03259,no,cd8_t_cell,24.28
sample03260,no,cd8_t_cell,30.27
sample03318,no,cd8_t_cell,26.36
sample03319,no,cd8_t_cell,17.24
sample03320,no,cd8_t_cell,30.13
sample03321,no,cd8_t_cell,21.36
sample03322,no,cd8_t_cell,21.39
sample03323,no,cd8_t_cell,23.97
sample03333,no,cd8_t_cell,21.09
sample03334,no,cd8_t_cell,15.33
sample03335,no,cd8_t_cell,21.59
sample03363,no,cd8_t_cell,23.64
sample03364,no,cd8_t_cell,30.15
sample03365,no,cd8_t_cell,29.84
sample03384,no,cd8_t_cell,28.31
sample03385,no,cd8_t_cell,21.18
sample03386,no,cd8_t_cell,21.81
sample03390,no,cd8_t_cell,23.96
sample03391,no,cd8_t_cell,18.15
sample03392,no,cd8_t_cell,20.04
sample03402,no,cd8_t_cell,22.74
sample03403,no,cd8_t_cell,21.05
sample03404,no,cd8_t_cell,26.01
sample03414,no,cd8_t_cell,26.42
sample03415,no,cd8_t_cell,23.12
sample03416,no,cd8_t_cell,21.66
sample03420,no,cd8_t_cell,25.91
sample03421,no,cd8_t_cell,16.75
sample03422,no,cd8_t_cell,21.94
sample03432,no,cd8_t_cell,24.92
sample03433,no,cd8_t_cell,25.95
sample03434,no,cd8_t_cell,28.66
sample03474,no,cd8_t_cell,29.95
sample03475,no,cd8_t_cell,21.28
sample03476,no,cd8_t_cell,31.64
sample03489,no,cd8_t_cell,18.67
sample03490,no,cd8_t_cell,31.88
sample03491,no,cd8_t_cell,26.27
sample03552,no,cd8_t_cell,23.95
sample03553,no,cd8_t_cell,28.22
sample03554,no,cd8_t_cell,16.85
sample03579,no,cd8_t_cell,32.91
sample03580,no,cd8_t_cell,29.15
sample03581,no,cd8_t_cell,25.49
sample03615,no,cd8_t_cell,21.44
sample03616,no,cd8_t_cell,24.33
sample03617,no,cd8_t_cell,20.67
sample03633,no,cd8_t_cell,23.62
sample03634,no,cd8_t_cell,27.26
sample03635,no,cd8_t_cell,20.66
sample03666,no,cd8_t_cell,25.92
sample03667,no,cd8_t_cell,27.48
sample03668,no,cd8_t_cell,22.41
sample03681,no,cd8_t_cell,33.95
sample03682,no,cd8_t_cell,19.03
sample03683,no,cd8_t_cell,25.72
sample03684,no,cd8_t_cell,25.7
sample03685,no,cd8_t_cell,23.95
sample03686,no,cd8_t_cell,36.01
sample03699,no,cd8_t_cell,31.86
sample03700,no,cd8_t_cell,32.2
sample03701,no,cd8_t_cell,21.39
sample03717,no,cd8_t_cell,25.18
sample03718,no,cd8_t_cell,24.55
sample03719,no,cd8_t_cell,22.61
sample03720,no,cd8_t_cell,26.21
sample03721,no,cd8_t_cell,27.85
sample03722,no,cd8_t_cell,31.15
sample03738,no,cd8_t_cell,30.29
sample03739,no,cd8_t_cell,21.38
sample03740,no,cd8_t_cell,24.82
sample03768,no,cd8_t_cell,26.67
sample03769,no,cd8_t_cell,24.04
sample03770,no,cd8_t_cell,28.29
sample03774,no,cd8_t_cell,23.83
sample03775,no,cd8_t_cell,19.04
sample03776,no,cd8_t_cell,24.82
sample03816,no,cd8_t_cell,22.82
sample03817,no,cd8_t_cell,22.58
sample03818,no,cd8_t_cell,25.29
sample03891,no,cd8_t_cell,26.81
sample03892,no,cd8_t_cell,18.34
sample03893,no,cd8_t_cell,24.4
sample03939,no,cd8_t_cell,21.82
sample03940,no,cd8_t_cell,21.54
sample03941,no,cd8_t_cell,23.84
sample03972,no,cd8_t_cell,15.77
sample03973,no,cd8_t_cell,19.89
sample03974,no,cd8_t_cell,15.57
sample04062,no,cd8_t_cell,20.42
sample04063,no,cd8_t_cell,19.18
sample04064,no,cd8_t_cell,21.07
sample04074,no,cd8_t_cell,29.83
sample04075,no,cd8_t_cell,18.77
sample04076,no,cd8_t_cell,28.75
sample04095,no,cd8_t_cell,21.97
sample04096,no,cd8_t_cell,27.49
sample04097,no,cd8_t_cell,20.05
sample04134,no,cd8_t_cell,25.05
sample04135,no,cd8_t_cell,26.72
sample04136,no,cd8_t_cell,21.32
sample04143,no,cd8_t_cell,22.88
sample04144,no,cd8_t_cell,23.49
sample04145,no,cd8_t_cell,24.31
sample04182,no,cd8_t_cell,22.96
sample04183,no,cd8_t_cell,23.4
sample04184,no,cd8_t_cell,24.51
sample04191,no,cd8_t_cell,22.44
sample04192,no,cd8_t_cell,24.56
sample04193,no,cd8_t_cell,30.48
sample04200,no,cd8_t_cell,24.17
sample04201,no,cd8_t_cell,24.42
sample04202,no,cd8_t_cell,29.56
sample04206,no,cd8_t_cell,18.78
sample04207,no,cd8_t_cell,27.44
sample04208,no,cd8_t_cell,30.61
sample04209,no,cd8_t_cell,29.52
sample04210,no,cd8_t_cell,32.2
sample04211,no,cd8_t_cell,22.56
sample04278,no,cd8_t_cell,22.96
sample04279,no,cd8_t_cell,25.74
sample04280,no,cd8_t_cell,23.46
sample04308,no,cd8_t_cell,24.26
sample04309,no,cd8_t_cell,29.97
sample04310,no,cd8_t_cell,16.86
sample04338,no,cd8_t_cell,27.0
sample04339,no,cd8_t_cell,26.22
sample04340,no,cd8_t_cell,28.31
sample04419,no,cd8_t_cell,24.35
sample04420,no,cd8_t_cell,28.59
sample04421,no,cd8_t_cell,22.16
sample04428,no,cd8_t_cell,31.72
sample04429,no,cd8_t_cell,25.47
sample04430,no,cd8_t_cell,23.6
sample04449,no,cd8_t_cell,31.62
sample04450,no,cd8_t_cell,18.87
sample04451,no,cd8_t_cell,18.92
sample07503,no,cd8_t_cell,25.71
sample07504,no,cd8_t_cell,23.59
sample07505,no,cd8_t_cell,16.71
sample07515,no,cd8_t_cell,32.06
sample07516,no,cd8_t_cell,24.02
sample07517,no,cd8_t_cell,28.28
sample07542,no,cd8_t_cell,23.83
sample07543,no,cd8_t_cell,16.63
sample07544,no,cd8_t_cell,27.71
sample07620,no,cd8_t_cell,20.79
sample07621,no,cd8_t_cell,29.95
sample07622,no,cd8_t_cell,26.07
sample07632,no,cd8_t_cell,30.16
sample07633,no,cd8_t_cell,24.81
sample07634,no,cd8_t_cell,37.8
sample07644,no,cd8_t_cell,26.93
sample07645,no,cd8_t_cell,28.7
sample07646,no,cd8_t_cell,24.41
sample07653,no,cd8_t_cell,24.18
sample07654,no,cd8_t_cell,23.34
sample07655,no,cd8_t_cell,23.46
sample07674,no,cd8_t_cell,20.08
sample07675,no,cd8_t_cell,21.81
sample07676,no,cd8_t_cell,29.45
sample07698,no,cd8_t_cell,28.22
sample07699,no,cd8_t_cell,28.15
sample07700,no,cd8_t_cell,32.13
sample07710,no,cd8_t_cell,26.29
sample07711,no,cd8_t_cell,20.65
sample07712,no,cd8_t_cell,29.26
sample07722,no,cd8_t_cell,25.39
sample07723,no,cd8_t_cell,32.54
sample07724,no,cd8_t_cell,26.03
sample07734,no,cd8_t_cell,23.63
sample07735,no,cd8_t_cell,31.07
sample07736,no,cd8_t_cell,22.13
sample07746,no,cd8_t_cell,21.68
sample07747,no,cd8_t_cell,31.63
sample07748,no,cd8_t_cell,27.67
sample07809,no,cd8_t_cell,28.15
sample07810,no,cd8_t_cell,32.27
sample07811,no,cd8_t_cell,28.12
sample07815,no,cd8_t_cell,19.05
sample07816,no,cd8_t_cell,27.87
sample07817,no,cd8_t_cell,26.0
sample07818,no,cd8_t_cell,25.76
sample07819,no,cd8_t_cell,22.42
sample07820,no,cd8_t_cell,22.68
sample07833,no,cd8_t_cell,36.86
sample07834,no,cd8_t_cell,29.09
sample07835,no,cd8_t_cell,15.55
sample07872,no,cd8_t_cell,26.3
sample07873,no,cd8_t_cell,25.83
sample07874,no,cd8_t_cell,23.23
sample07899,no,cd8_t_cell,34.63
sample07900,no,cd8_t_cell,22.89
sample07901,no,cd8_t_cell,21.69
sample07926,no,cd8_t_cell,26.65
sample07927,no,cd8_t_cell,25.54
sample07928,no,cd8_t_cell,28.18
sample07929,no,cd8_t_cell,26.64
sample07930,no,cd8_t_cell,27.4
sample07931,no,cd8_t_cell,36.28
sample07932,no,cd8_t_cell,24.9
sample07933,no,cd8_t_cell,24.5
sample07934,no,cd8_t_cell,19.29
sample07941,no,cd8_t_cell,20.16
sample07942,no,cd8_t_cell,24.05
sample07943,no,cd8_t_cell,33.56
sample07959,no,cd8_t_cell,22.18
sample07960,no,cd8_t_cell,16.75
sample07961,no,cd8_t_cell,23.29
sample08004,no,cd8_t_cell,29.94
sample08005,no,cd8_t_cell,18.48
sample08006,no,cd8_t_cell,21.85
sample08013,no,cd8_t_cell,30.59
sample08014,no,cd8_t_cell,27.0
sample08015,no,cd8_t_cell,20.69
sample08028,no,cd8_t_cell,24.22
sample08029,no,cd8_t_cell,26.37
sample08030,no,cd8_t_cell,24.79
sample08049,no,cd8_t_cell,24.6
sample08050,no,cd8_t_cell,28.46
sample08051,no,cd8_t_cell,24.86
sample08064,no,cd8_t_cell,33.77
sample08065,no,cd8_t_cell,27.2
sample08066,no,cd8_t_cell,25.5
sample08076,no,cd8_t_cell,24.24
sample08077,no,cd8_t_cell,21.15
sample08078,no,cd8_t_cell,20.91
sample08118,no,cd8_t_cell,29.69
sample08119,no,cd8_t_cell,24.21
sample08120,no,cd8_t_cell,23.2
sample08133,no,cd8_t_cell,24.63
sample08134,no,cd8_t_cell,25.91
sample08135,no,cd8_t_cell,23.07
sample08142,no,cd8_t_cell,25.73
sample08143,no,cd8_t_cell,29.33
sample08144,no,cd8_t_cell,24.96
sample08160,no,cd8_t_cell,27.62
sample08161,no,cd8_t_cell,22.13
sample08162,no,cd8_t_cell,24.28
sample08184,no,cd8_t_cell,21.68
sample08185,no,cd8_t_cell,23.45
sample08186,no,cd8_t_cell,18.3
sample08214,no,cd8_t_cell,26.8
sample08215,no,cd8_t_cell,25.91
sample08216,no,cd8_t_cell,25.53
sample08277,no,cd8_t_cell,21.67
sample08278,no,cd8_t_cell,25.73
sample08279,no,cd8_t_cell,25.46
sample08304,no,cd8_t_cell,19.75
sample08305,no,cd8_t_cell,24.06
sample08306,no,cd8_t_cell,25.29
sample08313,no,cd8_t_cell,18.17
sample08314,no,cd8_t_cell,31.76
sample08315,no,cd8_t_cell,21.87
sample08325,no,cd8_t_cell,27.44
sample08326,no,cd8_t_cell,31.48
sample08327,no,cd8_t_cell,21.98
sample08331,no,cd8_t_cell,19.81
sample08332,no,cd8_t_cell,16.42
sample08333,no,cd8_t_cell,22.17
sample08334,no,cd8_t_cell,23.9
sample08335,no,cd8_t_cell,26.73
sample08336,no,cd8_t_cell,20.99
sample08367,no,cd8_t_cell,30.6
sample08368,no,cd8_t_cell,24.77
sample08369,no,cd8_t_cell,25.61
sample08397,no,cd8_t_cell,22.14
sample08398,no,cd8_t_cell,26.23
sample08399,no,cd8_t_cell,33.15
sample08412,no,cd8_t_cell,20.09
sample08413,no,cd8_t_cell,20.31
sample08414,no,cd8_t_cell,34.71
sample08415,no,cd8_t_cell,24.08
sample08416,no,cd8_t_cell,20.27
sample08417,no,cd8_t_cell,31.91
sample08421,no,cd8_t_cell,22.97
sample08422,no,cd8_t_cell,21.89
sample08423,no,cd8_t_cell,26.09
sample08433,no,cd8_t_cell,25.31
sample08434,no,cd8_t_cell,20.92
sample08435,no,cd8_t_cell,22.89
sample08436,no,cd8_t_cell,21.01
sample08437,no,cd8_t_cell,27.11
sample08438,no,cd8_t_cell,22.65
sample08439,no,cd8_t_cell,29.91
sample08440,no,cd8_t_cell,22.68
sample08441,no,cd8_t_cell,27.53
sample08460,no,cd8_t_cell,12.04
sample08461,no,cd8_t_cell,27.33
sample08462,no,cd8_t_cell,24.69
sample08472,no,cd8_t_cell,28.28
sample08473,no,cd8_t_cell,23.28
sample08474,no,cd8_t_cell,23.47
sample08493,no,cd8_t_cell,21.58
sample08494,no,cd8_t_cell,18.77
sample08495,no,cd8_t_cell,26.14
sample08502,no,cd8_t_cell,24.29
sample08503,no,cd8_t_cell,33.47
sample08504,no,cd8_t_cell,21.89
sample08520,no,cd8_t_cell,21.93
sample08521,no,cd8_t_cell,20.84
sample08522,no,cd8_t_cell,29.22
sample08526,no,cd8_t_cell,24.75
sample08527,no,cd8_t_cell,23.15
sample08528,no,cd8_t_cell,24.14
sample08541,no,cd8_t_cell,25.62
sample08542,no,cd8_t_cell,26.96
sample08543,no,cd8_t_cell,29.93
sample08556,no,cd8_t_cell,22.02
sample08557,no,cd8_t_cell,23.15
sample08558,no,cd8_t_cell,24.24
sample08559,no,cd8_t_cell,22.85
sample08560,no,cd8_t_cell,25.73
sample08561,no,cd8_t_cell,20.92
sample08589,no,cd8_t_cell,21.19
sample08590,no,cd8_t_cell,20.98
sample08591,no,cd8_t_cell,24.56
sample08637,no,cd8_t_cell,16.32
sample08638,no,cd8_t_cell,24.75
sample08639,no,cd8_t_cell,27.01
sample08661,no,cd8_t_cell,22.95
sample08662,no,cd8_t_cell,31.88
sample08663,no,cd8_t_cell,30.61
sample08664,no,cd8_t_cell,24.87
sample08665,no,cd8_t_cell,21.19
sample08666,no,cd8_t_cell,16.58
sample08712,no,cd8_t_cell,30.98
sample08713,no,cd8_t_cell,27.13
sample08714,no,cd8_t_cell,25.77
sample08730,no,cd8_t_cell,22.61
sample08731,no,cd8_t_cell,30.04
sample08732,no,cd8_t_cell,24.99
sample08751,no,cd8_t_cell,26.42
sample08752,no,cd8_t_cell,23.28
sample08753,no,cd8_t_cell,31.57
sample08763,no,cd8_t_cell,21.59
sample08764,no,cd8_t_cell,26.26
sample08765,no,cd8_t_cell,27.59
sample08805,no,cd8_t_cell,28.84
sample08806,no,cd8_t_cell,20.88
sample08807,no,cd8_t_cell,21.26
sample08874,no,cd8_t_cell,26.87
sample08875,no,cd8_t_cell,22.78
sample08876,no,cd8_t_cell,23.78
sample08919,no,cd8_t_cell,22.1
sample08920,no,cd8_t_cell,28.89
sample08921,no,cd8_t_cell,18.31
sample08952,no,cd8_t_cell,21.96
sample08953,no,cd8_t_cell,24.16
sample08954,no,cd8_t_cell,21.81
sample08958,no,cd8_t_cell,24.24
sample08959,no,cd8_t_cell,28.61
sample08960,no,cd8_t_cell,21.92
sample08967,no,cd8_t_cell,24.79
sample08968,no,cd8_t_cell,32.5
sample08969,no,cd8_t_cell,21.2
sample08976,no,cd8_t_cell,19.78
sample08977,no,cd8_t_cell,29.69
sample08978,no,cd8_t_cell,30.63
sample09003,no,cd8_t_cell,30.24
sample09004,no,cd8_t_cell,29.97
sample09005,no,cd8_t_cell,29.11
sample09030,no,cd8_t_cell,25.04
sample09031,no,cd8_t_cell,23.54
sample09032,no,cd8_t_cell,22.95
sample09036,no,cd8_t_cell,29.93
sample09037,no,cd8_t_cell,31.17
sample09038,no,cd8_t_cell,20.62
sample09039,no,cd8_t_cell,24.57
sample09040,no,cd8_t_cell,21.67
sample09041,no,cd8_t_cell,24.96
sample09048,no,cd8_t_cell,26.51
sample09049,no,cd8_t_cell,30.68
sample09050,no,cd8_t_cell,22.14
sample09060,no,cd8_t_cell,21.33
sample09061,no,cd8_t_cell,28.03
sample09062,no,cd8_t_cell,18.49
sample09066,no,cd8_t_cell,23.51
sample09067,no,cd8_t_cell,25.67
sample09068,no,cd8_t_cell,27.93
sample09150,no,cd8_t_cell,26.57
sample09151,no,cd8_t_cell,25.44
sample09152,no,cd8_t_cell,37.46
sample09159,no,cd8_t_cell,32.39
sample09160,no,cd8_t_cell,24.25
sample09161,no,cd8_t_cell,28.26
sample09183,no,cd8_t_cell,28.84
sample09184,no,cd8_t_cell,24.56
sample09185,no,cd8_t_cell,25.8
sample09213,no,cd8_t_cell,27.28
sample09214,no,cd8_t_cell,27.99
sample09215,no,cd8_t_cell,19.68
sample09246,no,cd8_t_cell,19.7
sample09247,no,cd8_t_cell,17.57
sample09248,no,cd8_t_cell,21.46
sample09249,no,cd8_t_cell,23.96
sample09250,no,cd8_t_cell,31.17
sample09251,no,cd8_t_cell,29.61
sample09288,no,cd8_t_cell,27.51
sample09289,no,cd8_t_cell,30.96
sample09290,no,cd8_t_cell,22.09
sample09294,no,cd8_t_cell,24.6
sample09295,no,cd8_t_cell,23.74
sample09296,no,cd8_t_cell,24.04
sample09303,no,cd8_t_cell,24.16
sample09304,no,cd8_t_cell,25.38
sample09305,no,cd8_t_cell,15.76
sample09354,no,cd8_t_cell,22.44
sample09355,no,cd8_t_cell,34.73
sample09356,no,cd8_t_cell,15.65
sample09363,no,cd8_t_cell,31.88
sample09364,no,cd8_t_cell,17.91
sample09365,no,cd8_t_cell,13.71
sample09378,no,cd8_t_cell,23.3
sample09379,no,cd8_t_cell,20.81
sample09380,no,cd8_t_cell,27.09
sample09384,no,cd8_t_cell,30.93
sample09385,no,cd8_t_cell,24.67
sample09386,no,cd8_t_cell,24.08
sample09387,no,cd8_t_cell,19.98
sample09388,no,cd8_t_cell,25.86
sample09389,no,cd8_t_cell,22.63
sample09414,no,cd8_t_cell,24.69
sample09415,no,cd8_t_cell,23.02
sample09416,no,cd8_t_cell,20.08
sample09420,no,cd8_t_cell,25.93
sample09421,no,cd8_t_cell,19.02
sample09422,no,cd8_t_cell,20.35
sample09429,no,cd8_t_cell,21.87
sample09430,no,cd8_t_cell,24.59
sample09431,no,cd8_t_cell,23.35
sample09432,no,cd8_t_cell,23.14
sample09433,no,cd8_t_cell,21.8
sample09434,no,cd8_t_cell,25.45
sample09477,no,cd8_t_cell,25.88
sample09478,no,cd8_t_cell,24.55
sample09479,no,cd8_t_cell,27.35
sample09483,no,cd8_t_cell,23.96
sample09484,no,cd8_t_cell,30.23
sample09485,no,cd8_t_cell,28.59
sample09492,no,cd8_t_cell,30.77
sample09493,no,cd8_t_cell,27.83
sample09494,no,cd8_t_cell,23.79
sample09555,no,cd8_t_cell,26.98
sample09556,no,cd8_t_cell,24.79
sample09557,no,cd8_t_cell,22.6
sample09567,no,cd8_t_cell,21.3
sample09568,no,cd8_t_cell,24.49
sample09569,no,cd8_t_cell,25.01
sample09585,no,cd8_t_cell,23.44
sample09586,no,cd8_t_cell,21.63
sample09587,no,cd8_t_cell,26.74
sample09588,no,cd8_t_cell,24.89
sample09589,no,cd8_t_cell,21.33
sample09590,no,cd8_t_cell,20.33
sample09627,no,cd8_t_cell,21.15
sample09628,no,cd8_t_cell,21.14
sample09629,no,cd8_t_cell,24.82
sample09657,no,cd8_t_cell,16.73
sample09658,no,cd8_t_cell,29.72
sample09659,no,cd8_t_cell,23.09
sample09672,no,cd8_t_cell,18.4
sample09673,no,cd8_t_cell,26.28
sample09674,no,cd8_t_cell,27.61
sample09744,no,cd8_t_cell,31.13
sample09745,no,cd8_t_cell,28.36
sample09746,no,cd8_t_cell,14.84
sample09756,no,cd8_t_cell,20.68
sample09757,no,cd8_t_cell,26.87
sample09758,no,cd8_t_cell,25.03
sample09762,no,cd8_t_cell,31.98
sample09763,no,cd8_t_cell,27.85
sample09764,no,cd8_t_cell,20.44
sample09813,no,cd8_t_cell,31.8
sample09814,no,cd8_t_cell,20.61
sample09815,no,cd8_t_cell,25.71
sample09816,no,cd8_t_cell,25.4
sample09817,no,cd8_t_cell,31.45
sample09818,no,cd8_t_cell,20.57
sample09870,no,cd8_t_cell,23.11
sample09871,no,cd8_t_cell,21.91
sample09872,no,cd8_t_cell,28.42
sample09873,no,cd8_t_cell,24.02
sample09874,no,cd8_t_cell,21.71
sample09875,no,cd8_t_cell,25.8
sample09894,no,cd8_t_cell,23.81
sample09895,no,cd8_t_cell,23.96
sample09896,no,cd8_t_cell,33.73
sample09900,no,cd8_t_cell,29.54
sample09901,no,cd8_t_cell,30.57
sample09902,no,cd8_t_cell,25.76
sample09903,no,cd8_t_cell,25.0
sample09904,no,cd8_t_cell,26.66
sample09905,no,cd8_t_cell,23.86
sample09912,no,cd8_t_cell,30.84
sample09913,no,cd8_t_cell,24.14
sample09914,no,cd8_t_cell,15.69
sample09918,no,cd8_t_cell,20.5
sample09919,no,cd8_t_cell,24.56
sample09920,no,cd8_t_cell,25.96
sample09987,no,cd8_t_cell,35.33
sample09988,no,cd8_t_cell,25.66
sample09989,no,cd8_t_cell,30.06
sample09999,no,cd8_t_cell,23.55
sample10000,no,cd8_t_cell,24.93
sample10001,no,cd8_t_cell,27.79
sample10068,no,cd8_t_cell,29.86
sample10069,no,cd8_t_cell,25.22
sample10070,no,cd8_t_cell,23.95
sample10089,no,cd8_t_cell,28.02
sample10090,no,cd8_t_cell,28.01
sample10091,no,cd8_t_cell,24.21
sample10191,no,cd8_t_cell,26.58
sample10192,no,cd8_t_cell,17.78
sample10193,no,cd8_t_cell,21.46
sample10230,no,cd8_t_cell,22.39
sample10231,no,cd8_t_cell,23.29
sample10232,no,cd8_t_cell,20.16
sample10251,no,cd8_t_cell,21.11
sample10252,no,cd8_t_cell,26.22
sample10253,no,cd8_t_cell,22.46
sample10266,no,cd8_t_cell,25.18
sample10267,no,cd8_t_cell,25.39
sample10268,no,cd8_t_cell,21.61
sample10305,no,cd8_t_cell,20.5
sample10306,no,cd8_t_cell,31.46
sample10307,no,cd8_t_cell,25.5
sample10320,no,cd8_t_cell,21.49
sample10321,no,cd8_t_cell,28.9
sample10322,no,cd8_t_cell,33.09
sample10395,no,cd8_t_cell,28.13
sample10396,no,cd8_t_cell,24.05
sample10397,no,cd8_t_cell,26.29
sample10416,no,cd8_t_cell,22.0
sample10417,no,cd8_t_cell,17.38
sample10418,no,cd8_t_cell,33.47
sample10455,no,cd8_t_cell,22.77
sample10456,no,cd8_t_cell,28.77
sample10457,no,cd8_t_cell,28.8
sample10470,no,cd8_t_cell,22.75
sample10471,no,cd8_t_cell,22.78
sample10472,no,cd8_t_cell,30.51
sample10473,no,cd8_t_cell,21.3
sample10474,no,cd8_t_cell,26.16
sample10475,no,cd8_t_cell,24.03
sample00024,yes,cd8_t_cell,27.83
sample00025,yes,cd8_t_cell,22.41
sample00026,yes,cd8_t_cell,24.83
sample00060,yes,cd8_t_cell,20.68
sample00061,yes,cd8_t_cell,31.14
sample00062,yes,cd8_t_cell,21.1
sample00066,yes,cd8_t_cell,32.92
sample00067,yes,cd8_t_cell,22.41
sample00068,yes,cd8_t_cell,30.66
sample00075,yes,cd8_t_cell,25.27
sample00076,yes,cd8_t_cell,21.58
sample00077,yes,cd8_t_cell,17.78
sample00141,yes,cd8_t_cell,27.62
sample00142,yes,cd8_t_cell,27.14
sample00143,yes,cd8_t_cell,34.04
sample00165,yes,cd8_t_cell,17.26
sample00166,yes,cd8_t_cell,19.18
sample00167,yes,cd8_t_cell,37.02
sample00168,yes,cd8_t_cell,32.17
sample00169,yes,cd8_t_cell,24.74
sample00170,yes,cd8_t_cell,25.56
sample00261,yes,cd8_t_cell,33.47
sample00262,yes,cd8_t_cell,26.87
sample00263,yes,cd8_t_cell,25.08
sample00324,yes,cd8_t_cell,23.67
sample00325,yes,cd8_t_cell,25.04
sample00326,yes,cd8_t_cell,14.61
sample00327,yes,cd8_t_cell,22.48
sample00328,yes,cd8_t_cell,25.87
sample00329,yes,cd8_t_cell,21.45
sample00333,yes,cd8_t_cell,21.71
sample00334,yes,cd8_t_cell,15.94
sample00335,yes,cd8_t_cell,18.9
sample00369,yes,cd8_t_cell,34.62
sample00370,yes,cd8_t_cell,24.12
sample00371,yes,cd8_t_cell,22.26
sample00378,yes,cd8_t_cell,23.66
sample00379,yes,cd8_t_cell,30.17
sample00380,yes,cd8_t_cell,29.04
sample00426,yes,cd8_t_cell,27.22
sample00427,yes,cd8_t_cell,27.75
sample00428,yes,cd8_t_cell,27.67
sample00447,yes,cd8_t_cell,22.23
sample00448,yes,cd8_t_cell,23.18
sample00449,yes,cd8_t_cell,28.91
sample00483,yes,cd8_t_cell,18.83
sample00484,yes,cd8_t_cell,25.65
sample00485,yes,cd8_t_cell,25.15
sample00498,yes,cd8_t_cell,17.14
sample00499,yes,cd8_t_cell,23.77
sample00500,yes,cd8_t_cell,29.98
sample00510,yes,cd8_t_cell,21.55
sample00511,yes,cd8_t_cell,21.2
sample00512,yes,cd8_t_cell,30.61
sample00537,yes,cd8_t_cell,24.22
sample00538,yes,cd8_t_cell,18.38
sample00539,yes,cd8_t_cell,31.3
sample00543,yes,cd8_t_cell,27.43
sample00544,yes,cd8_t_cell,27.27
sample00545,yes,cd8_t_cell,24.43
sample00555,yes,cd8_t_cell,27.35
sample00556,yes,cd8_t_cell,26.58
sample00557,yes,cd8_t_cell,27.58
sample00564,yes,cd8_t_cell,19.39
sample00565,yes,cd8_t_cell,22.96
sample00566,yes,cd8_t_cell,19.74
sample00621,yes,cd8_t_cell,22.21
sample00622,yes,cd8_t_cell,34.8
sample00623,yes,cd8_t_cell,28.83
sample00630,yes,cd8_t_cell,23.92
sample00631,yes,cd8_t_cell,26.78
sample00632,yes,cd8_t_cell,24.73
sample00660,yes,cd8_t_cell,27.93
sample00661,yes,cd8_t_cell,18.0
sample00662,yes,cd8_t_cell,20.96
sample00675,yes,cd8_t_cell,14.61
sample00676,yes,cd8_t_cell,27.66
sample00677,yes,cd8_t_cell,26.89
sample00714,yes,cd8_t_cell,26.7
sample00715,yes,cd8_t_cell,27.7
sample00716,yes,cd8_t_cell,19.74
sample00753,yes,cd8_t_cell,32.48
sample00754,yes,cd8_t_cell,23.35
sample00755,yes,cd8_t_cell,26.22
sample00825,yes,cd8_t_cell,28.13
sample00826,yes,cd8_t_cell,22.03
sample00827,yes,cd8_t_cell,25.17
sample00840,yes,cd8_t_cell,20.23
sample00841,yes,cd8_t_cell,16.2
sample00842,yes,cd8_t_cell,22.36
sample00861,yes,cd8_t_cell,35.88
sample00862,yes,cd8_t_cell,21.37
sample00863,yes,cd8_t_cell,30.13
sample00873,yes,cd8_t_cell,30.3
sample00874,yes,cd8_t_cell,31.83
sample00875,yes,cd8_t_cell,26.92
sample00876,yes,cd8_t_cell,32.71
sample00877,yes,cd8_t_cell,21.11
sample00878,yes,cd8_t_cell,32.3
sample00888,yes,cd8_t_cell,16.96
sample00889,yes,cd8_t_cell,23.98
sample00890,yes,cd8_t_cell,20.28
sample00894,yes,cd8_t_cell,20.44
sample00895,yes,cd8_t_cell,22.66
sample00896,yes,cd8_t_cell,25.3
sample00912,yes,cd8_t_cell,22.15
sample00913,yes,cd8_t_cell,20.26
sample00914,yes,cd8_t_cell,18.98
sample00915,yes,cd8_t_cell,29.93
sample00916,yes,cd8_t_cell,22.36
sample00917,yes,cd8_t_cell,26.79
sample00939,yes,cd8_t_cell,29.45
sample00940,yes,cd8_t_cell,21.61
sample00941,yes,cd8_t_cell,19.99
sample01008,yes,cd8_t_cell,24.18
sample01009,yes,cd8_t_cell,26.93
sample01010,yes,cd8_t_cell,26.62
sample01017,yes,cd8_t_cell,20.95
sample01018,yes,cd8_t_cell,23.39
sample01019,yes,cd8_t_cell,27.88
sample01068,yes,cd8_t_cell,31.53
sample01069,yes,cd8_t_cell,28.59
sample01070,yes,cd8_t_cell,31.13
sample01074,yes,cd8_t_cell,27.02
sample01075,yes,cd8_t_cell,20.84
sample01076,yes,cd8_t_cell,22.31
sample01080,yes,cd8_t_cell,24.12
sample01081,yes,cd8_t_cell,29.49
sample01082,yes,cd8_t_cell,17.27
sample01092,yes,cd8_t_cell,23.64
sample01093,yes,cd8_t_cell,27.83
sample01094,yes,cd8_t_cell,27.43
sample01104,yes,cd8_t_cell,22.19
sample01105,yes,cd8_t_cell,19.29
sample01106,yes,cd8_t_cell,32.11
sample01128,yes,cd8_t_cell,29.29
sample01129,yes,cd8_t_cell,24.29
sample01130,yes,cd8_t_cell,33.56
sample01170,yes,cd8_t_cell,20.36
sample01171,yes,cd8_t_cell,23.88
sample01172,yes,cd8_t_cell,34.82
sample01245,yes,cd8_t_cell,21.77
sample01246,yes,cd8_t_cell,27.46
sample01247,yes,cd8_t_cell,25.54
sample01248,yes,cd8_t_cell,27.03
sample01249,yes,cd8_t_cell,14.96
sample01250,yes,cd8_t_cell,33.01
sample01260,yes,cd8_t_cell,26.28
sample01261,yes,cd8_t_cell,23.24
sample01262,yes,cd8_t_cell,19.2
sample01266,yes,cd8_t_cell,23.63
sample01267,yes,cd8_t_cell,23.85
sample01268,yes,cd8_t_cell,28.44
sample01284,yes,cd8_t_cell,21.33
sample01285,yes,cd8_t_cell,27.35
sample01286,yes,cd8_t_cell,29.15
sample01311,yes,cd8_t_cell,20.49
sample01312,yes,cd8_t_cell,19.69
sample01313,yes,cd8_t_cell,23.48
sample01326,yes,cd8_t_cell,29.17
sample01327,yes,cd8_t_cell,26.6
sample01328,yes,cd8_t_cell,21.62
sample01329,yes,cd8_t_cell,26.02
sample01330,yes,cd8_t_cell,23.01
sample01331,yes,cd8_t_cell,17.85
sample01332,yes,cd8_t_cell,25.64
sample01333,yes,cd8_t_cell,38.52
sample01334,yes,cd8_t_cell,30.55
sample01359,yes,cd8_t_cell,22.44
sample01360,yes,cd8_t_cell,27.54
sample01361,yes,cd8_t_cell,35.14
sample01377,yes,cd8_t_cell,26.68
sample01378,yes,cd8_t_cell,23.59
sample01379,yes,cd8_t_cell,20.64
sample01419,yes,cd8_t_cell,30.17
sample01420,yes,cd8_t_cell,30.13
sample01421,yes,cd8_t_cell,27.86
sample01422,yes,cd8_t_cell,19.9
sample01423,yes,cd8_t_cell,15.5
sample01424,yes,cd8_t_cell,21.47
sample01440,yes,cd8_t_cell,15.76
sample01441,yes,cd8_t_cell,23.47
sample01442,yes,cd8_t_cell,19.77
sample01458,yes,cd8_t_cell,19.57
sample01459,yes,cd8_t_cell,19.38
sample01460,yes,cd8_t_cell,19.79
sample01491,yes,cd8_t_cell,17.93
sample01492,yes,cd8_t_cell,18.3
sample01493,yes,cd8_t_cell,24.2
sample01497,yes,cd8_t_cell,27.72
sample01498,yes,cd8_t_cell,30.84
sample01499,yes,cd8_t_cell,21.64
sample01533,yes,cd8_t_cell,25.66
sample01534,yes,cd8_t_cell,22.04
sample01535,yes,cd8_t_cell,21.59
sample01536,yes,cd8_t_cell,30.16
sample01537,yes,cd8_t_cell,23.24
sample01538,yes,cd8_t_cell,23.1
sample01545,yes,cd8_t_cell,20.08
sample01546,yes,cd8_t_cell,31.74
sample01547,yes,cd8_t_cell,23.07
sample01602,yes,cd8_t_cell,25.95
sample01603,yes,cd8_t_cell,27.95
sample01604,yes,cd8_t_cell,27.89
sample01620,yes,cd8_t_cell,26.29
sample01621,yes,cd8_t_cell,29.78
sample01622,yes,cd8_t_cell,25.43
sample01635,yes,cd8_t_cell,19.44
sample01636,yes,cd8_t_cell,23.4
sample01637,yes,cd8_t_cell,29.72
sample01638,yes,cd8_t_cell,15.75
sample01639,yes,cd8_t_cell,31.24
sample01640,yes,cd8_t_cell,24.51
sample01665,yes,cd8_t_cell,14.51
sample01666,yes,cd8_t_cell,32.64
sample01667,yes,cd8_t_cell,31.51
sample01683,yes,cd8_t_cell,35.67
sample01684,yes,cd8_t_cell,25.86
sample01685,yes,cd8_t_cell,25.26
sample01692,yes,cd8_t_cell,26.38
sample01693,yes,cd8_t_cell,20.06
sample01694,yes,cd8_t_cell,24.31
sample01719,yes,cd8_t_cell,17.98
sample01720,yes,cd8_t_cell,18.82
sample01721,yes,cd8_t_cell,23.71
sample01728,yes,cd8_t_cell,18.09
sample01729,yes,cd8_t_cell,29.28
sample01730,yes,cd8_t_cell,28.02
sample01755,yes,cd8_t_cell,33.3
sample01756,yes,cd8_t_cell,26.7
sample01757,yes,cd8_t_cell,26.62
sample01785,yes,cd8_t_cell,20.09
sample01786,yes,cd8_t_cell,23.09
sample01787,yes,cd8_t_cell,22.37
sample01815,yes,cd8_t_cell,28.31
sample01816,yes,cd8_t_cell,29.66
sample01817,yes,cd8_t_cell,27.76
sample01824,yes,cd8_t_cell,22.43
sample01825,yes,cd8_t_cell,21.8
sample01826,yes,cd8_t_cell,19.52
sample01830,yes,cd8_t_cell,25.99
sample01831,yes,cd8_t_cell,28.14
sample01832,yes,cd8_t_cell,21.03
sample01833,yes,cd8_t_cell,22.18
sample01834,yes,cd8_t_cell,21.8
sample01835,yes,cd8_t_cell,23.06
sample01881,yes,cd8_t_cell,20.84
sample01882,yes,cd8_t_cell,20.29
sample01883,yes,cd8_t_cell,17.43
sample01899,yes,cd8_t_cell,14.73
sample01900,yes,cd8_t_cell,28.67
sample01901,yes,cd8_t_cell,24.27
sample01962,yes,cd8_t_cell,27.99
sample01963,yes,cd8_t_cell,19.69
sample01964,yes,cd8_t_cell,30.18
sample02037,yes,cd8_t_cell,28.81
sample02038,yes,cd8_t_cell,23.02
sample02039,yes,cd8_t_cell,26.85
sample02055,yes,cd8_t_cell,30.34
sample02056,yes,cd8_t_cell,26.12
sample02057,yes,cd8_t_cell,18.11
sample02064,yes,cd8_t_cell,14.7
sample02065,yes,cd8_t_cell,19.53
sample02066,yes,cd8_t_cell,23.39
sample02178,yes,cd8_t_cell,22.91
sample02179,yes,cd8_t_cell,17.32
sample02180,yes,cd8_t_cell,20.83
sample02196,yes,cd8_t_cell,33.26
sample02197,yes,cd8_t_cell,26.63
sample02198,yes,cd8_t_cell,39.58
sample02235,yes,cd8_t_cell,23.08
sample02236,yes,cd8_t_cell,31.02
sample02237,yes,cd8_t_cell,25.83
sample02244,yes,cd8_t_cell,19.11
sample02245,yes,cd8_t_cell,21.67
sample02246,yes,cd8_t_cell,28.21
sample02262,yes,cd8_t_cell,20.78
sample02263,yes,cd8_t_cell,28.04
sample02264,yes,cd8_t_cell,39.35
sample02340,yes,cd8_t_cell,28.87
sample02341,yes,cd8_t_cell,21.09
sample02342,yes,cd8_t_cell,26.99
sample02388,yes,cd8_t_cell,31.46
sample02389,yes,cd8_t_cell,20.43
sample02390,yes,cd8_t_cell,20.95
sample02439,yes,cd8_t_cell,24.62
sample02440,yes,cd8_t_cell,30.08
sample02441,yes,cd8_t_cell,20.89
sample02454,yes,cd8_t_cell,23.88
sample02455,yes,cd8_t_cell,26.2
sample02456,yes,cd8_t_cell,26.99
sample02466,yes,cd8_t_cell,27.42
sample02467,yes,cd8_t_cell,23.31
sample02468,yes,cd8_t_cell,21.39
sample02481,yes,cd8_t_cell,17.76
sample02482,yes,cd8_t_cell,25.93
sample02483,yes,cd8_t_cell,22.92
sample02490,yes,cd8_t_cell,26.2
sample02491,yes,cd8_t_cell,22.51
sample02492,yes,cd8_t_cell,30.34
sample02499,yes,cd8_t_cell,21.0
sample02500,yes,cd8_t_cell,23.22
sample02501,yes,cd8_t_cell,26.55
sample02517,yes,cd8_t_cell,21.37
sample02518,yes,cd8_t_cell,27.53
sample02519,yes,cd8_t_cell,21.99
sample02562,yes,cd8_t_cell,20.85
sample02563,yes,cd8_t_cell,27.33
sample02564,yes,cd8_t_cell,20.91
sample02574,yes,cd8_t_cell,23.54
sample02575,yes,cd8_t_cell,25.87
sample02576,yes,cd8_t_cell,28.07
sample02586,yes,cd8_t_cell,19.54
sample02587,yes,cd8_t_cell,30.72
sample02588,yes,cd8_t_cell,27.2
sample02589,yes,cd8_t_cell,26.2
sample02590,yes,cd8_t_cell,35.71
sample02591,yes,cd8_t_cell,20.29
sample02625,yes,cd8_t_cell,19.96
sample02626,yes,cd8_t_cell,23.0
sample02627,yes,cd8_t_cell,20.24
sample02640,yes,cd8_t_cell,14.69
sample02641,yes,cd8_t_cell,28.11
sample02642,yes,cd8_t_cell,21.95
sample02655,yes,cd8_t_cell,28.79
sample02656,yes,cd8_t_cell,25.19
sample02657,yes,cd8_t_cell,25.86
sample02673,yes,cd8_t_cell,21.89
sample02674,yes,cd8_t_cell,19.72
sample02675,yes,cd8_t_cell,27.93
sample02736,yes,cd8_t_cell,34.21
sample02737,yes,cd8_t_cell,23.56
sample02738,yes,cd8_t_cell,27.95
sample02754,yes,cd8_t_cell,17.1
sample02755,yes,cd8_t_cell,25.17
sample02756,yes,cd8_t_cell,16.52
sample02760,yes,cd8_t_cell,20.56
sample02761,yes,cd8_t_cell,18.78
sample02762,yes,cd8_t_cell,18.06
sample02766,yes,cd8_t_cell,28.63
sample02767,yes,cd8_t_cell,22.44
sample02768,yes,cd8_t_cell,31.27
sample02772,yes,cd8_t_cell,18.26
sample02773,yes,cd8_t_cell,17.36
sample02774,yes,cd8_t_cell,28.86
sample02781,yes,cd8_t_cell,31.96
sample02782,yes,cd8_t_cell,23.86
sample02783,yes,cd8_t_cell,26.39
sample02808,yes,cd8_t_cell,18.79
sample02809,yes,cd8_t_cell,22.23
sample02810,yes,cd8_t_cell,32.58
sample02823,yes,cd8_t_cell,11.29
sample02824,yes,cd8_t_cell,28.57
sample02825,yes,cd8_t_cell,26.36
sample02838,yes,cd8_t_cell,25.49
sample02839,yes,cd8_t_cell,20.47
sample02840,yes,cd8_t_cell,28.16
sample02847,yes,cd8_t_cell,24.11
sample02848,yes,cd8_t_cell,20.07
sample02849,yes,cd8_t_cell,20.12
sample02856,yes,cd8_t_cell,24.02
sample02857,yes,cd8_t_cell,29.2
sample02858,yes,cd8_t_cell,17.56
sample02874,yes,cd8_t_cell,37.3
sample02875,yes,cd8_t_cell,35.09
sample02876,yes,cd8_t_cell,20.65
sample02910,yes,cd8_t_cell,32.33
sample02911,yes,cd8_t_cell,22.68
sample02912,yes,cd8_t_cell,24.62
sample02916,yes,cd8_t_cell,24.7
sample02917,yes,cd8_t_cell,18.39
sample02918,yes,cd8_t_cell,29.28
sample02925,yes,cd8_t_cell,27.37
sample02926,yes,cd8_t_cell,29.59
sample02927,yes,cd8_t_cell,26.64
sample02928,yes,cd8_t_cell,25.44
sample02929,yes,cd8_t_cell,30.63
sample02930,yes,cd8_t_cell,20.57
sample02976,yes,cd8_t_cell,28.83
sample02977,yes,cd8_t_cell,20.97
sample02978,yes,cd8_t_cell,13.82
sample02991,yes,cd8_t_cell,21.71
sample02992,yes,cd8_t_cell,28.08
sample02993,yes,cd8_t_cell,19.19
sample02997,yes,cd8_t_cell,26.07
sample02998,yes,cd8_t_cell,31.82
sample02999,yes,cd8_t_cell,20.01
sample03000,yes,cd8_t_cell,21.98
sample03001,yes,cd8_t_cell,24.95
sample03002,yes,cd8_t_cell,21.81
sample03021,yes,cd8_t_cell,28.2
sample03022,yes,cd8_t_cell,24.83
sample03023,yes,cd8_t_cell,25.94
sample03024,yes,cd8_t_cell,23.06
sample03025,yes,cd8_t_cell,28.6
sample03026,yes,cd8_t_cell,29.62
sample03039,yes,cd8_t_cell,28.14
sample03040,yes,cd8_t_cell,17.33
sample03041,yes,cd8_t_cell,22.82
sample03066,yes,cd8_t_cell,26.6
sample03067,yes,cd8_t_cell,18.65
sample03068,yes,cd8_t_cell,29.51
sample03093,yes,cd8_t_cell,27.55
sample03094,yes,cd8_t_cell,27.28
sample03095,yes,cd8_t_cell,25.14
sample03120,yes,cd8_t_cell,32.81
sample03121,yes,cd8_t_cell,34.23
sample03122,yes,cd8_t_cell,24.24
sample03159,yes,cd8_t_cell,21.76
sample03160,yes,cd8_t_cell,27.8
sample03161,yes,cd8_t_cell,23.72
sample03183,yes,cd8_t_cell,24.33
sample03184,yes,cd8_t_cell,24.7
sample03185,yes,cd8_t_cell,20.03
sample03195,yes,cd8_t_cell,24.4
sample03196,yes,cd8_t_cell,23.13
sample03197,yes,cd8_t_cell,25.66
sample03246,yes,cd8_t_cell,28.36
sample03247,yes,cd8_t_cell,20.27
sample03248,yes,cd8_t_cell,29.89
sample03264,yes,cd8_t_cell,14.2
sample03265,yes,cd8_t_cell,22.29
sample03266,yes,cd8_t_cell,26.33
sample03267,yes,cd8_t_cell,25.29
sample03268,yes,cd8_t_cell,32.69
sample03269,yes,cd8_t_cell,36.15
sample03273,yes,cd8_t_cell,23.16
sample03274,yes,cd8_t_cell,25.83
sample03275,yes,cd8_t_cell,17.68
sample03285,yes,cd8_t_cell,19.79
sample03286,yes,cd8_t_cell,25.61
sample03287,yes,cd8_t_cell,25.36
sample03297,yes,cd8_t_cell,25.63
sample03298,yes,cd8_t_cell,39.85
sample03299,yes,cd8_t_cell,18.87
sample03303,yes,cd8_t_cell,23.18
sample03304,yes,cd8_t_cell,23.96
sample03305,yes,cd8_t_cell,17.9
sample03375,yes,cd8_t_cell,21.27
sample03376,yes,cd8_t_cell,24.88
sample03377,yes,cd8_t_cell,29.88
sample03381,yes,cd8_t_cell,23.24
sample03382,yes,cd8_t_cell,24.63
sample03383,yes,cd8_t_cell,20.26
sample03405,yes,cd8_t_cell,29.51
sample03406,yes,cd8_t_cell,19.0
sample03407,yes,cd8_t_cell,28.93
sample03453,yes,cd8_t_cell,23.74
sample03454,yes,cd8_t_cell,25.89
sample03455,yes,cd8_t_cell,24.0
sample03465,yes,cd8_t_cell,31.49
sample03466,yes,cd8_t_cell,33.22
sample03467,yes,cd8_t_cell,18.32
sample03486,yes,cd8_t_cell,23.23
sample03487,yes,cd8_t_cell,29.56
sample03488,yes,cd8_t_cell,19.66
sample03492,yes,cd8_t_cell,25.79
sample03493,yes,cd8_t_cell,22.8
sample03494,yes,cd8_t_cell,24.07
sample03531,yes,cd8_t_cell,21.71
sample03532,yes,cd8_t_cell,19.18
sample03533,yes,cd8_t_cell,19.68
sample03576,yes,cd8_t_cell,22.31
sample03577,yes,cd8_t_cell,15.33
sample03578,yes,cd8_t_cell,26.92
sample03588,yes,cd8_t_cell,24.93
sample03589,yes,cd8_t_cell,32.47
sample03590,yes,cd8_t_cell,29.92
sample03591,yes,cd8_t_cell,17.54
sample03592,yes,cd8_t_cell,27.92
sample03593,yes,cd8_t_cell,24.78
sample03621,yes,cd8_t_cell,20.41
sample03622,yes,cd8_t_cell,29.35
sample03623,yes,cd8_t_cell,17.38
sample03624,yes,cd8_t_cell,16.6
sample03625,yes,cd8_t_cell,22.27
sample03626,yes,cd8_t_cell,27.18
sample03747,yes,cd8_t_cell,30.53
sample03748,yes,cd8_t_cell,20.85
sample03749,yes,cd8_t_cell,20.95
sample03765,yes,cd8_t_cell,28.44
sample03766,yes,cd8_t_cell,25.49
sample03767,yes,cd8_t_cell,27.19
sample03789,yes,cd8_t_cell,27.91
sample03790,yes,cd8_t_cell,28.17
sample03791,yes,cd8_t_cell,25.31
sample03804,yes,cd8_t_cell,22.71
sample03805,yes,cd8_t_cell,30.9
sample03806,yes,cd8_t_cell,23.39
sample03819,yes,cd8_t_cell,26.03
sample03820,yes,cd8_t_cell,12.26
sample03821,yes,cd8_t_cell,24.62
sample03846,yes,cd8_t_cell,28.41
sample03847,yes,cd8_t_cell,25.93
sample03848,yes,cd8_t_cell,24.89
sample03852,yes,cd8_t_cell,26.52
sample03853,yes,cd8_t_cell,28.39
sample03854,yes,cd8_t_cell,20.85
sample03861,yes,cd8_t_cell,33.21
sample03862,yes,cd8_t_cell,20.73
sample03863,yes,cd8_t_cell,34.83
sample03885,yes,cd8_t_cell,20.43
sample03886,yes,cd8_t_cell,29.46
sample03887,yes,cd8_t_cell,26.34
sample03936,yes,cd8_t_cell,19.28
sample03937,yes,cd8_t_cell,22.02
sample03938,yes,cd8_t_cell,26.38
sample03942,yes,cd8_t_cell,34.3
sample03943,yes,cd8_t_cell,27.15
sample03944,yes,cd8_t_cell,22.6
sample03951,yes,cd8_t_cell,19.84
sample03952,yes,cd8_t_cell,29.19
sample03953,yes,cd8_t_cell,22.89
sample03963,yes,cd8_t_cell,23.11
sample03964,yes,cd8_t_cell,24.16
sample03965,yes,cd8_t_cell,23.55
sample03981,yes,cd8_t_cell,26.51
sample03982,yes,cd8_t_cell,29.74
sample03983,yes,cd8_t_cell,22.63
sample04014,yes,cd8_t_cell,38.26
sample04015,yes,cd8_t_cell,25.63
sample04016,yes,cd8_t_cell,30.7
sample04035,yes,cd8_t_cell,39.4
sample04036,yes,cd8_t_cell,23.89
sample04037,yes,cd8_t_cell,22.72
sample04047,yes,cd8_t_cell,24.4
sample04048,yes,cd8_t_cell,30.06
sample04049,yes,cd8_t_cell,28.37
sample04068,yes,cd8_t_cell,23.02
sample04069,yes,cd8_t_cell,29.39
sample04070,yes,cd8_t_cell,27.9
sample04128,yes,cd8_t_cell,26.4
sample04129,yes,cd8_t_cell,24.93
sample04130,yes,cd8_t_cell,26.36
sample04155,yes,cd8_t_cell,27.22
sample04156,yes,cd8_t_cell,22.07
sample04157,yes,cd8_t_cell,31.58
sample04170,yes,cd8_t_cell,34.86
sample04171,yes,cd8_t_cell,20.7
sample04172,yes,cd8_t_cell,26.71
sample04173,yes,cd8_t_cell,22.56
sample04174,yes,cd8_t_cell,21.88
sample04175,yes,cd8_t_cell,20.91
sample04188,yes,cd8_t_cell,27.55
sample04189,yes,cd8_t_cell,31.13
sample04190,yes,cd8_t_cell,18.87
sample04203,yes,cd8_t_cell,18.82
sample04204,yes,cd8_t_cell,35.95
sample04205,yes,cd8_t_cell,21.17
sample04224,yes,cd8_t_cell,22.04
sample04225,yes,cd8_t_cell,27.93
sample04226,yes,cd8_t_cell,35.97
sample04266,yes,cd8_t_cell,21.85
sample04267,yes,cd8_t_cell,29.91
sample04268,yes,cd8_t_cell,20.04
sample04284,yes,cd8_t_cell,34.07
sample04285,yes,cd8_t_cell,29.8
sample04286,yes,cd8_t_cell,28.47
sample04293,yes,cd8_t_cell,23.12
sample04294,yes,cd8_t_cell,22.84
sample04295,yes,cd8_t_cell,25.88
sample04296,yes,cd8_t_cell,29.62
sample04297,yes,cd8_t_cell,12.49
sample04298,yes,cd8_t_cell,20.79
sample04302,yes,cd8_t_cell,21.15
sample04303,yes,cd8_t_cell,26.08
sample04304,yes,cd8_t_cell,23.63
sample04347,yes,cd8_t_cell,24.19
sample04348,yes,cd8_t_cell,20.9
sample04349,yes,cd8_t_cell,18.26
sample04368,yes,cd8_t_cell,20.73
sample04369,yes,cd8_t_cell,28.28
sample04370,yes,cd8_t_cell,27.71
sample04377,yes,cd8_t_cell,27.43
sample04378,yes,cd8_t_cell,21.45
sample04379,yes,cd8_t_cell,18.31
sample04434,yes,cd8_t_cell,29.48
sample04435,yes,cd8_t_cell,22.06
sample04436,yes,cd8_t_cell,23.88
sample04461,yes,cd8_t_cell,20.96
sample04462,yes,cd8_t_cell,15.97
sample04463,yes,cd8_t_cell,34.47
sample04491,yes,cd8_t_cell,24.68
sample04492,yes,cd8_t_cell,28.86
sample04493,yes,cd8_t_cell,22.55
sample07506,yes,cd8_t_cell,23.71
sample07507,yes,cd8_t_cell,26.22
sample07508,yes,cd8_t_cell,27.72
sample07527,yes,cd8_t_cell,23.56
sample07528,yes,cd8_t_cell,24.9
sample07529,yes,cd8_t_cell,30.28
sample07551,yes,cd8_t_cell,22.2
sample07552,yes,cd8_t_cell,30.95
sample07553,yes,cd8_t_cell,20.33
sample07560,yes,cd8_t_cell,30.69
sample07561,yes,cd8_t_cell,30.67
sample07562,yes,cd8_t_cell,36.13
sample07575,yes,cd8_t_cell,18.74
sample07576,yes,cd8_t_cell,23.84
sample07577,yes,cd8_t_cell,27.61
sample07587,yes,cd8_t_cell,26.56
sample07588,yes,cd8_t_cell,31.54
sample07589,yes,cd8_t_cell,21.97
sample07593,yes,cd8_t_cell,24.33
sample07594,yes,cd8_t_cell,17.03
sample07595,yes,cd8_t_cell,16.6
sample07614,yes,cd8_t_cell,27.3
sample07615,yes,cd8_t_cell,16.22
sample07616,yes,cd8_t_cell,26.37
sample07647,yes,cd8_t_cell,21.36
sample07648,yes,cd8_t_cell,25.1
sample07649,yes,cd8_t_cell,18.91
sample07665,yes,cd8_t_cell,32.04
sample07666,yes,cd8_t_cell,33.29
sample07667,yes,cd8_t_cell,23.12
sample07725,yes,cd8_t_cell,11.65
sample07726,yes,cd8_t_cell,25.67
sample07727,yes,cd8_t_cell,23.1
sample07761,yes,cd8_t_cell,21.44
sample07762,yes,cd8_t_cell,28.82
sample07763,yes,cd8_t_cell,25.26
sample07800,yes,cd8_t_cell,18.77
sample07801,yes,cd8_t_cell,24.32
sample07802,yes,cd8_t_cell,28.44
sample07821,yes,cd8_t_cell,27.59
sample07822,yes,cd8_t_cell,16.53
sample07823,yes,cd8_t_cell,26.05
sample07824,yes,cd8_t_cell,21.7
sample07825,yes,cd8_t_cell,33.46
sample07826,yes,cd8_t_cell,27.2
sample07827,yes,cd8_t_cell,31.78
sample07828,yes,cd8_t_cell,12.64
sample07829,yes,cd8_t_cell,22.5
sample07836,yes,cd8_t_cell,24.15
sample07837,yes,cd8_t_cell,29.93
sample07838,yes,cd8_t_cell,20.61
sample07905,yes,cd8_t_cell,19.63
sample07906,yes,cd8_t_cell,26.42
sample07907,yes,cd8_t_cell,24.94
sample07968,yes,cd8_t_cell,34.35
sample07969,yes,cd8_t_cell,24.9
sample07970,yes,cd8_t_cell,23.55
sample08040,yes,cd8_t_cell,28.47
sample08041,yes,cd8_t_cell,18.01
sample08042,yes,cd8_t_cell,18.28
sample08055,yes,cd8_t_cell,21.44
sample08056,yes,cd8_t_cell,21.04
sample08057,yes,cd8_t_cell,25.61
sample08085,yes,cd8_t_cell,23.9
sample08086,yes,cd8_t_cell,20.63
sample08087,yes,cd8_t_cell,25.59
sample08121,yes,cd8_t_cell,35.67
sample08122,yes,cd8_t_cell,17.07
sample08123,yes,cd8_t_cell,30.5
sample08127,yes,cd8_t_cell,25.61
sample08128,yes,cd8_t_cell,25.83
sample08129,yes,cd8_t_cell,25.87
sample08151,yes,cd8_t_cell,30.48
sample08152,yes,cd8_t_cell,29.55
sample08153,yes,cd8_t_cell,23.88
sample08166,yes,cd8_t_cell,22.61
sample08167,yes,cd8_t_cell,23.64
sample08168,yes,cd8_t_cell,35.1
sample08178,yes,cd8_t_cell,30.63
sample08179,yes,cd8_t_cell,19.79
sample08180,yes,cd8_t_cell,32.91
sample08199,yes,cd8_t_cell,24.54
sample08200,yes,cd8_t_cell,29.05
sample08201,yes,cd8_t_cell,22.69
sample08247,yes,cd8_t_cell,20.8
sample08248,yes,cd8_t_cell,17.31
sample08249,yes,cd8_t_cell,25.42
sample08274,yes,cd8_t_cell,25.8
sample08275,yes,cd8_t_cell,17.49
sample08276,yes,cd8_t_cell,26.23
sample08289,yes,cd8_t_cell,31.84
sample08290,yes,cd8_t_cell,19.28
sample08291,yes,cd8_t_cell,13.44
sample08298,yes,cd8_t_cell,34.55
sample08299,yes,cd8_t_cell,31.6
sample08300,yes,cd8_t_cell,26.34
sample08328,yes,cd8_t_cell,20.82
sample08329,yes,cd8_t_cell,28.44
sample08330,yes,cd8_t_cell,25.19
sample08337,yes,cd8_t_cell,29.43
sample08338,yes,cd8_t_cell,28.58
sample08339,yes,cd8_t_cell,27.8
sample08349,yes,cd8_t_cell,32.76
sample08350,yes,cd8_t_cell,31.2
sample08351,yes,cd8_t_cell,31.94
sample08352,yes,cd8_t_cell,17.58
sample08353,yes,cd8_t_cell,21.95
sample08354,yes,cd8_t_cell,27.54
sample08361,yes,cd8_t_cell,16.87
sample08362,yes,cd8_t_cell,25.9
sample08363,yes,cd8_t_cell,17.64
sample08388,yes,cd8_t_cell,20.53
sample08389,yes,cd8_t_cell,21.53
sample08390,yes,cd8_t_cell,22.48
sample08403,yes,cd8_t_cell,24.11
sample08404,yes,cd8_t_cell,19.15
sample08405,yes,cd8_t_cell,19.85
sample08442,yes,cd8_t_cell,28.09
sample08443,yes,cd8_t_cell,23.18
sample08444,yes,cd8_t_cell,26.51
sample08466,yes,cd8_t_cell,24.24
sample08467,yes,cd8_t_cell,20.67
sample08468,yes,cd8_t_cell,22.52
sample08481,yes,cd8_t_cell,30.56
sample08482,yes,cd8_t_cell,16.38
sample08483,yes,cd8_t_cell,22.02
sample08568,yes,cd8_t_cell,19.92
sample08569,yes,cd8_t_cell,18.71
sample08570,yes,cd8_t_cell,34.18
sample08583,yes,cd8_t_cell,27.79
sample08584,yes,cd8_t_cell,18.45
sample08585,yes,cd8_t_cell,28.52
sample08595,yes,cd8_t_cell,24.72
sample08596,yes,cd8_t_cell,24.28
sample08597,yes,cd8_t_cell,31.3
sample08610,yes,cd8_t_cell,21.54
sample08611,yes,cd8_t_cell,19.6
sample08612,yes,cd8_t_cell,32.05
sample08655,yes,cd8_t_cell,19.49
sample08656,yes,cd8_t_cell,31.0
sample08657,yes,cd8_t_cell,18.07
sample08685,yes,cd8_t_cell,27.43
sample08686,yes,cd8_t_cell,31.91
sample08687,yes,cd8_t_cell,35.46
sample08706,yes,cd8_t_cell,25.29
sample08707,yes,cd8_t_cell,22.24
sample08708,yes,cd8_t_cell,27.37
sample08718,yes,cd8_t_cell,23.13
sample08719,yes,cd8_t_cell,30.31
sample08720,yes,cd8_t_cell,18.59
sample08724,yes,cd8_t_cell,22.15
sample08725,yes,cd8_t_cell,26.88
sample08726,yes,cd8_t_cell,26.4
sample08769,yes,cd8_t_cell,20.29
sample08770,yes,cd8_t_cell,26.35
sample08771,yes,cd8_t_cell,19.45
sample08781,yes,cd8_t_cell,30.11
sample08782,yes,cd8_t_cell,29.71
sample08783,yes,cd8_t_cell,28.01
sample08829,yes,cd8_t_cell,20.98
sample08830,yes,cd8_t_cell,16.56
sample08831,yes,cd8_t_cell,25.12
sample08832,yes,cd8_t_cell,28.41
sample08833,yes,cd8_t_cell,20.25
sample08834,yes,cd8_t_cell,27.03
sample08853,yes,cd8_t_cell,32.26
sample08854,yes,cd8_t_cell,28.29
sample08855,yes,cd8_t_cell,26.9
sample08856,yes,cd8_t_cell,23.03
sample08857,yes,cd8_t_cell,28.94
sample08858,yes,cd8_t_cell,30.03
sample08895,yes,cd8_t_cell,27.44
sample08896,yes,cd8_t_cell,30.06
sample08897,yes,cd8_t_cell,20.95
sample08913,yes,cd8_t_cell,29.54
sample08914,yes,cd8_t_cell,27.06
sample08915,yes,cd8_t_cell,23.26
sample08925,yes,cd8_t_cell,17.36
sample08926,yes,cd8_t_cell,34.78
sample08927,yes,cd8_t_cell,25.65
sample08943,yes,cd8_t_cell,26.59
sample08944,yes,cd8_t_cell,18.35
sample08945,yes,cd8_t_cell,24.4
sample08946,yes,cd8_t_cell,24.33
sample08947,yes,cd8_t_cell,32.3
sample08948,yes,cd8_t_cell,25.45
sample08970,yes,cd8_t_cell,24.53
sample08971,yes,cd8_t_cell,21.03
sample08972,yes,cd8_t_cell,26.41
sample08979,yes,cd8_t_cell,27.7
sample08980,yes,cd8_t_cell,22.79
sample08981,yes,cd8_t_cell,23.24
sample09009,yes,cd8_t_cell,27.69
sample09010,yes,cd8_t_cell,19.73
sample09011,yes,cd8_t_cell,26.94
sample09018,yes,cd8_t_cell,20.43
sample09019,yes,cd8_t_cell,25.79
sample09020,yes,cd8_t_cell,37.51
sample09024,yes,cd8_t_cell,20.1
sample09025,yes,cd8_t_cell,21.42
sample09026,yes,cd8_t_cell,20.07
sample09072,yes,cd8_t_cell,19.85
sample09073,yes,cd8_t_cell,24.14
sample09074,yes,cd8_t_cell,22.4
sample09081,yes,cd8_t_cell,27.38
sample09082,yes,cd8_t_cell,26.25
sample09083,yes,cd8_t_cell,20.2
sample09087,yes,cd8_t_cell,26.25
sample09088,yes,cd8_t_cell,27.6
sample09089,yes,cd8_t_cell,21.22
sample09102,yes,cd8_t_cell,28.1
sample09103,yes,cd8_t_cell,39.41
sample09104,yes,cd8_t_cell,27.37
sample09114,yes,cd8_t_cell,23.89
sample09115,yes,cd8_t_cell,21.48
sample09116,yes,cd8_t_cell,26.29
sample09129,yes,cd8_t_cell,13.52
sample09130,yes,cd8_t_cell,19.76
sample09131,yes,cd8_t_cell,25.61
sample09144,yes,cd8_t_cell,29.73
sample09145,yes,cd8_t_cell,26.48
sample09146,yes,cd8_t_cell,35.2
sample09162,yes,cd8_t_cell,26.82
sample09163,yes,cd8_t_cell,24.75
sample09164,yes,cd8_t_cell,16.69
sample09171,yes,cd8_t_cell,27.7
sample09172,yes,cd8_t_cell,33.38
sample09173,yes,cd8_t_cell,25.06
sample09180,yes,cd8_t_cell,24.88
sample09181,yes,cd8_t_cell,18.32
sample09182,yes,cd8_t_cell,18.27
sample09198,yes,cd8_t_cell,28.61
sample09199,yes,cd8_t_cell,26.71
sample09200,yes,cd8_t_cell,22.91
sample09243,yes,cd8_t_cell,27.03
sample09244,yes,cd8_t_cell,23.28
sample09245,yes,cd8_t_cell,24.79
sample09300,yes,cd8_t_cell,33.6
sample09301,yes,cd8_t_cell,21.58
sample09302,yes,cd8_t_cell,28.55
sample09390,yes,cd8_t_cell,20.78
sample09391,yes,cd8_t_cell,24.12
sample09392,yes,cd8_t_cell,31.06
sample09393,yes,cd8_t_cell,25.58
sample09394,yes,cd8_t_cell,21.88
sample09395,yes,cd8_t_cell,29.0
sample09441,yes,cd8_t_cell,30.5
sample09442,yes,cd8_t_cell,30.68
sample09443,yes,cd8_t_cell,25.44
sample09450,yes,cd8_t_cell,28.13
sample09451,yes,cd8_t_cell,24.44
sample09452,yes,cd8_t_cell,16.27
sample09459,yes,cd8_t_cell,25.44
sample09460,yes,cd8_t_cell,19.92
sample09461,yes,cd8_t_cell,28.97
sample09468,yes,cd8_t_cell,19.62
sample09469,yes,cd8_t_cell,24.21
sample09470,yes,cd8_t_cell,18.31
sample09486,yes,cd8_t_cell,19.46
sample09487,yes,cd8_t_cell,22.08
sample09488,yes,cd8_t_cell,27.63
sample09489,yes,cd8_t_cell,27.33
sample09490,yes,cd8_t_cell,26.86
sample09491,yes,cd8_t_cell,25.57
sample09495,yes,cd8_t_cell,26.11
sample09496,yes,cd8_t_cell,18.85
sample09497,yes,cd8_t_cell,24.92
sample09513,yes,cd8_t_cell,27.36
sample09514,yes,cd8_t_cell,26.7
sample09515,yes,cd8_t_cell,29.62
sample09519,yes,cd8_t_cell,28.48
sample09520,yes,cd8_t_cell,19.3
sample09521,yes,cd8_t_cell,26.61
sample09546,yes,cd8_t_cell,22.93
sample09547,yes,cd8_t_cell,27.67
sample09548,yes,cd8_t_cell,24.15
sample09573,yes,cd8_t_cell,25.92
sample09574,yes,cd8_t_cell,25.43
sample09575,yes,cd8_t_cell,27.92
sample09579,yes,cd8_t_cell,22.31
sample09580,yes,cd8_t_cell,24.68
sample09581,yes,cd8_t_cell,23.96
sample09582,yes,cd8_t_cell,28.08
sample09583,yes,cd8_t_cell,19.33
sample09584,yes,cd8_t_cell,23.82
sample09591,yes,cd8_t_cell,28.1
sample09592,yes,cd8_t_cell,28.7
sample09593,yes,cd8_t_cell,17.8
sample09597,yes,cd8_t_cell,18.96
sample09598,yes,cd8_t_cell,24.92
sample09599,yes,cd8_t_cell,22.5
sample09606,yes,cd8_t_cell,15.81
sample09607,yes,cd8_t_cell,36.01
sample09608,yes,cd8_t_cell,29.82
sample09612,yes,cd8_t_cell,23.66
sample09613,yes,cd8_t_cell,24.12
sample09614,yes,cd8_t_cell,21.77
sample09615,yes,cd8_t_cell,31.82
sample09616,yes,cd8_t_cell,22.24
sample09617,yes,cd8_t_cell,27.7
sample09666,yes,cd8_t_cell,24.81
sample09667,yes,cd8_t_cell,24.29
sample09668,yes,cd8_t_cell,22.74
sample09690,yes,cd8_t_cell,34.78
sample09691,yes,cd8_t_cell,17.94
sample09692,yes,cd8_t_cell,25.19
sample09699,yes,cd8_t_cell,32.42
sample09700,yes,cd8_t_cell,27.02
sample09701,yes,cd8_t_cell,30.5
sample09705,yes,cd8_t_cell,24.94
sample09706,yes,cd8_t_cell,30.31
sample09707,yes,cd8_t_cell,25.2
sample09720,yes,cd8_t_cell,22.26
sample09721,yes,cd8_t_cell,25.26
sample09722,yes,cd8_t_cell,24.93
sample09783,yes,cd8_t_cell,21.33
sample09784,yes,cd8_t_cell,22.91
sample09785,yes,cd8_t_cell,21.51
sample09798,yes,cd8_t_cell,31.9
sample09799,yes,cd8_t_cell,22.9
sample09800,yes,cd8_t_cell,26.14
sample09909,yes,cd8_t_cell,15.79
sample09910,yes,cd8_t_cell,20.62
sample09911,yes,cd8_t_cell,22.83
sample09924,yes,cd8_t_cell,21.44
sample09925,yes,cd8_t_cell,29.67
sample09926,yes,cd8_t_cell,19.53
sample09963,yes,cd8_t_cell,22.11
sample09964,yes,cd8_t_cell,29.98
sample09965,yes,cd8_t_cell,24.76
sample09978,yes,cd8_t_cell,27.64
sample09979,yes,cd8_t_cell,24.26
sample09980,yes,cd8_t_cell,24.23
sample09990,yes,cd8_t_cell,17.03
sample09991,yes,cd8_t_cell,18.11
sample09992,yes,cd8_t_cell,28.63
sample09996,yes,cd8_t_cell,25.82
sample09997,yes,cd8_t_cell,26.85
sample09998,yes,cd8_t_cell,21.39
sample10038,yes,cd8_t_cell,21.23
sample10039,yes,cd8_t_cell,24.63
sample10040,yes,cd8_t_cell,34.02
sample10041,yes,cd8_t_cell,24.41
sample10042,yes,cd8_t_cell,16.2
sample10043,yes,cd8_t_cell,19.41
sample10095,yes,cd8_t_cell,19.05
sample10096,yes,cd8_t_cell,27.84
sample10097,yes,cd8_t_cell,30.32
sample10116,yes,cd8_t_cell,26.03
sample10117,yes,cd8_t_cell,17.12
sample10118,yes,cd8_t_cell,40.17
sample10125,yes,cd8_t_cell,17.61
sample10126,yes,cd8_t_cell,22.73
sample10127,yes,cd8_t_cell,19.51
sample10128,yes,cd8_t_cell,30.89
sample10129,yes,cd8_t_cell,28.76
sample10130,yes,cd8_t_cell,22.95
sample10131,yes,cd8_t_cell,23.92
sample10132,yes,cd8_t_cell,18.55
sample10133,yes,cd8_t_cell,27.12
sample10140,yes,cd8_t_cell,19.62
sample10141,yes,cd8_t_cell,23.67
sample10142,yes,cd8_t_cell,19.33
sample10179,yes,cd8_t_cell,21.56
sample10180,yes,cd8_t_cell,25.52
sample10181,yes,cd8_t_cell,28.89
sample10197,yes,cd8_t_cell,39.81
sample10198,yes,cd8_t_cell,22.84
sample10199,yes,cd8_t_cell,20.24
sample10233,yes,cd8_t_cell,33.79
sample10234,yes,cd8_t_cell,20.76
sample10235,yes,cd8_t_cell,33.32
sample10248,yes,cd8_t_cell,23.81
sample10249,yes,cd8_t_cell,26.58
sample10250,yes,cd8_t_cell,24.02
sample10323,yes,cd8_t_cell,22.09
sample10324,yes,cd8_t_cell,17.27
sample10325,yes,cd8_t_cell,22.68
sample10335,yes,cd8_t_cell,31.72
sample10336,yes,cd8_t_cell,24.75
sample10337,yes,cd8_t_cell,23.59
sample10341,yes,cd8_t_cell,26.32
sample10342,yes,cd8_t_cell,29.14
sample10343,yes,cd8_t_cell,20.68
sample10347,yes,cd8_t_cell,19.36
sample10348,yes,cd8_t_cell,27.72
sample10349,yes,cd8_t_cell,20.38
sample10356,yes,cd8_t_cell,24.41
sample10357,yes,cd8_t_cell,19.31
sample10358,yes,cd8_t_cell,30.01
sample10383,yes,cd8_t_cell,34.67
sample10384,yes,cd8_t_cell,30.96
sample10385,yes,cd8_t_cell,19.84
sample10386,yes,cd8_t_cell,22.27
sample10387,yes,cd8_t_cell,32.31
sample10388,yes,cd8_t_cell,22.79
sample10392,yes,cd8_t_cell,16.77
sample10393,yes,cd8_t_cell,24.49
sample10394,yes,cd8_t_cell,21.42
sample10410,yes,cd8_t_cell,21.58
sample10411,yes,cd8_t_cell,28.03
sample10412,yes,cd8_t_cell,18.76
sample10443,yes,cd8_t_cell,23.28
sample10444,yes,cd8_t_cell,27.05
sample10445,yes,cd8_t_cell,24.42
sample10491,yes,cd8_t_cell,21.43
sample10492,yes,cd8_t_cell,27.96
sample10493,yes,cd8_t_cell,25.67
sample00000,no,monocyte,25.22
sample00001,no,monocyte,22.82
sample00002,no,monocyte,19.75
sample00006,no,monocyte,21.65
sample00007,no,monocyte,18.32
sample00008,no,monocyte,18.13
sample00009,no,monocyte,16.36
sample00010,no,monocyte,29.68
sample00011,no,monocyte,18.37
sample00072,no,monocyte,20.62
sample00073,no,monocyte,18.65
sample00074,no,monocyte,12.14
sample00081,no,monocyte,20.29
sample00082,no,monocyte,17.1
sample00083,no,monocyte,19.86
sample00123,no,monocyte,18.88
sample00124,no,monocyte,21.48
sample00125,no,monocyte,14.1
sample00153,no,monocyte,15.98
sample00154,no,monocyte,15.01
sample00155,no,monocyte,13.82
sample00174,no,monocyte,14.83
sample00175,no,monocyte,21.33
sample00176,no,monocyte,27.33
sample00186,no,monocyte,19.16
sample00187,no,monocyte,22.67
sample00188,no,monocyte,20.48
sample00189,no,monocyte,19.48
sample00190,no,monocyte,25.31
sample00191,no,monocyte,18.95
sample00213,no,monocyte,15.22
sample00214,no,monocyte,24.46
sample00215,no,monocyte,21.23
sample00243,no,monocyte,21.25
sample00244,no,monocyte,17.52
sample00245,no,monocyte,24.21
sample00249,no,monocyte,19.64
sample00250,no,monocyte,22.81
sample00251,no,monocyte,25.1
sample00285,no,monocyte,17.04
sample00286,no,monocyte,24.87
sample00287,no,monocyte,17.62
sample00402,no,monocyte,27.25
sample00403,no,monocyte,24.75
sample00404,no,monocyte,18.44
sample00411,no,monocyte,22.18
sample00412,no,monocyte,21.58
sample00413,no,monocyte,17.67
sample00414,no,monocyte,25.61
sample00415,no,monocyte,26.21
sample00416,no,monocyte,21.11
sample00435,no,monocyte,19.17
sample00436,no,monocyte,23.98
sample00437,no,monocyte,20.76
sample00459,no,monocyte,17.97
sample00460,no,monocyte,18.81
sample00461,no,monocyte,16.6
sample00465,no,monocyte,17.79
sample00466,no,monocyte,21.58
sample00467,no,monocyte,24.98
sample00471,no,monocyte,20.71
sample00472,no,monocyte,20.13
sample00473,no,monocyte,18.83
sample00480,no,monocyte,20.77
sample00481,no,monocyte,18.09
sample00482,no,monocyte,23.49
sample00492,no,monocyte,17.5
sample00493,no,monocyte,27.69
sample00494,no,monocyte,22.31
sample00513,no,monocyte,15.13
sample00514,no,monocyte,10.32
sample00515,no,monocyte,18.6
sample00516,no,monocyte,19.66
sample00517,no,monocyte,18.52
sample00518,no,monocyte,15.2
sample00522,no,monocyte,19.51
sample00523,no,monocyte,23.65
sample00524,no,monocyte,17.09
sample00534,no,monocyte,21.46
sample00535,no,monocyte,14.3
sample00536,no,monocyte,22.28
sample00585,no,monocyte,14.22
sample00586,no,monocyte,22.36
sample00587,no,monocyte,21.14
sample00588,no,monocyte,20.72
sample00589,no,monocyte,22.34
sample00590,no,monocyte,19.74
sample00624,no,monocyte,13.68
sample00625,no,monocyte,20.24
sample00626,no,monocyte,19.15
sample00639,no,monocyte,22.48
sample00640,no,monocyte,20.28
sample00641,no,monocyte,23.8
sample00693,no,monocyte,14.12
sample00694,no,monocyte,26.86
sample00695,no,monocyte,21.0
sample00696,no,monocyte,20.93
sample00697,no,monocyte,20.22
sample00698,no,monocyte,23.77
sample00717,no,monocyte,23.67
sample00718,no,monocyte,12.23
sample00719,no,monocyte,22.21
sample00726,no,monocyte,19.34
sample00727,no,monocyte,24.63
sample00728,no,monocyte,21.65
sample00756,no,monocyte,26.57
sample00757,no,monocyte,22.04
sample00758,no,monocyte,15.83
sample00798,no,monocyte,16.88
sample00799,no,monocyte,16.57
sample00800,no,monocyte,20.33
sample00807,no,monocyte,16.02
sample00808,no,monocyte,21.92
sample00809,no,monocyte,15.06
sample00849,no,monocyte,23.6
sample00850,no,monocyte,18.09
sample00851,no,monocyte,19.23
sample00867,no,monocyte,21.07
sample00868,no,monocyte,20.33
sample00869,no,monocyte,17.15
sample00918,no,monocyte,18.9
sample00919,no,monocyte,15.44
sample00920,no,monocyte,26.66
sample00966,no,monocyte,27.71
sample00967,no,monocyte,11.66
sample00968,no,monocyte,17.89
sample00987,no,monocyte,22.25
sample00988,no,monocyte,20.96
sample00989,no,monocyte,17.78
sample01011,no,monocyte,17.08
sample01012,no,monocyte,13.28
sample01013,no,monocyte,20.85
sample01023,no,monocyte,21.25
sample01024,no,monocyte,20.88
sample01025,no,monocyte,18.95
sample01041,no,monocyte,15.32
sample01042,no,monocyte,16.2
sample01043,no,monocyte,21.33
sample01053,no,monocyte,19.17
sample01054,no,monocyte,19.1
sample01055,no,monocyte,18.56
sample01062,no,monocyte,25.12
sample01063,no,monocyte,15.32
sample01064,no,monocyte,30.5
sample01110,no,monocyte,27.5
sample01111,no,monocyte,15.1
sample01112,no,monocyte,18.77
sample01134,no,monocyte,20.79
sample01135,no,monocyte,19.87
sample01136,no,monocyte,25.05
sample01137,no,monocyte,18.05
sample01138,no,monocyte,20.03
sample01139,no,monocyte,16.45
sample01143,no,monocyte,22.62
sample01144,no,monocyte,11.43
sample01145,no,monocyte,22.04
sample01152,no,monocyte,23.61
sample01153,no,monocyte,17.22
sample01154,no,monocyte,17.04
sample01161,no,monocyte,20.15
sample01162,no,monocyte,18.27
sample01163,no,monocyte,23.6
sample01218,no,monocyte,14.17
sample01219,no,monocyte,16.75
sample01220,no,monocyte,15.99
sample01227,no,monocyte,15.34
sample01228,no,monocyte,27.73
sample01229,no,monocyte,23.98
sample01230,no,monocyte,23.89
sample01231,no,monocyte,16.82
sample01232,no,monocyte,16.15
sample01242,no,monocyte,23.61
sample01243,no,monocyte,15.23
sample01244,no,monocyte,27.6
sample01314,no,monocyte,23.77
sample01315,no,monocyte,23.25
sample01316,no,monocyte,16.83
sample01344,no,monocyte,23.05
sample01345,no,monocyte,16.62
sample01346,no,monocyte,20.86
sample01386,no,monocyte,15.8
sample01387,no,monocyte,23.09
sample01388,no,monocyte,17.93
sample01395,no,monocyte,15.44
sample01396,no,monocyte,19.2
sample01397,no,monocyte,26.68
sample01413,no,monocyte,18.45
sample01414,no,monocyte,26.62
sample01415,no,monocyte,18.38
sample01431,no,monocyte,16.46
sample01432,no,monocyte,30.88
sample01433,no,monocyte,23.71
sample01542,no,monocyte,20.46
sample01543,no,monocyte,26.46
sample01544,no,monocyte,19.45
sample01554,no,monocyte,20.19
sample01555,no,monocyte,13.82
sample01556,no,monocyte,23.34
sample01587,no,monocyte,21.04
sample01588,no,monocyte,27.53
sample01589,no,monocyte,25.45
sample01611,no,monocyte,24.63
sample01612,no,monocyte,15.16
sample01613,no,monocyte,21.66
sample01674,no,monocyte,19.88
sample01675,no,monocyte,17.15
sample01676,no,monocyte,14.57
sample01680,no,monocyte,22.87
sample01681,no,monocyte,17.87
sample01682,no,monocyte,15.71
sample01686,no,monocyte,15.62
sample01687,no,monocyte,13.68
sample01688,no,monocyte,17.42
sample01701,no,monocyte,21.69
sample01702,no,monocyte,20.08
sample01703,no,monocyte,20.17
sample01722,no,monocyte,17.09
sample01723,no,monocyte,16.82
sample01724,no,monocyte,14.74
sample01752,no,monocyte,18.33
sample01753,no,monocyte,19.63
sample01754,no,monocyte,19.56
sample01767,no,monocyte,15.64
sample01768,no,monocyte,23.42
sample01769,no,monocyte,12.21
sample01803,no,monocyte,18.04
sample01804,no,monocyte,16.93
sample01805,no,monocyte,17.12
sample01809,no,monocyte,15.66
sample01810,no,monocyte,20.53
sample01811,no,monocyte,17.16
sample01812,no,monocyte,23.82
sample01813,no,monocyte,29.76
sample01814,no,monocyte,16.66
sample01848,no,monocyte,24.54
sample01849,no,monocyte,15.76
sample01850,no,monocyte,21.69
sample01866,no,monocyte,19.23
sample01867,no,monocyte,24.19
sample01868,no,monocyte,17.65
sample01875,no,monocyte,25.03
sample01876,no,monocyte,19.47
sample01877,no,monocyte,23.62
sample01884,no,monocyte,16.49
sample01885,no,monocyte,14.79
sample01886,no,monocyte,16.78
sample01893,no,monocyte,21.28
sample01894,no,monocyte,24.89
sample01895,no,monocyte,16.7
sample01914,no,monocyte,19.07
sample01915,no,monocyte,12.29
sample01916,no,monocyte,22.04
sample01926,no,monocyte,19.1
sample01927,no,monocyte,21.83
sample01928,no,monocyte,18.12
sample01932,no,monocyte,19.34
sample01933,no,monocyte,19.88
sample01934,no,monocyte,15.38
sample01968,no,monocyte,22.7
sample01969,no,monocyte,20.55
sample01970,no,monocyte,12.45
sample01986,no,monocyte,26.19
sample01987,no,monocyte,23.38
sample01988,no,monocyte,18.94
sample01992,no,monocyte,19.94
sample01993,no,monocyte,21.71
sample01994,no,monocyte,18.47
sample02010,no,monocyte,20.09
sample02011,no,monocyte,26.55
sample02012,no,monocyte,24.65
sample02016,no,monocyte,22.2
sample02017,no,monocyte,17.39
sample02018,no,monocyte,22.85
sample02040,no,monocyte,26.08
sample02041,no,monocyte,24.39
sample02042,no,monocyte,22.15
sample02046,no,monocyte,21.08
sample02047,no,monocyte,19.86
sample02048,no,monocyte,26.19
sample02061,no,monocyte,25.39
sample02062,no,monocyte,18.5
sample02063,no,monocyte,19.75
sample02109,no,monocyte,17.85
sample02110,no,monocyte,22.95
sample02111,no,monocyte,20.9
sample02148,no,monocyte,20.92
sample02149,no,monocyte,13.54
sample02150,no,monocyte,27.5
sample02169,no,monocyte,22.72
sample02170,no,monocyte,22.94
sample02171,no,monocyte,28.36
sample02205,no,monocyte,19.59
sample02206,no,monocyte,22.57
sample02207,no,monocyte,24.53
sample02214,no,monocyte,16.51
sample02215,no,monocyte,17.57
sample02216,no,monocyte,23.68
sample02232,no,monocyte,21.72
sample02233,no,monocyte,17.21
sample02234,no,monocyte,23.21
sample02253,no,monocyte,16.45
sample02254,no,monocyte,20.57
sample02255,no,monocyte,14.35
sample02286,no,monocyte,19.6
sample02287,no,monocyte,24.74
sample02288,no,monocyte,19.73
sample02289,no,monocyte,24.07
sample02290,no,monocyte,23.28
sample02291,no,monocyte,19.94
sample02319,no,monocyte,15.72
sample02320,no,monocyte,17.39
sample02321,no,monocyte,24.02
sample02334,no,monocyte,13.79
sample02335,no,monocyte,22.44
sample02336,no,monocyte,17.62
sample02355,no,monocyte,18.68
sample02356,no,monocyte,28.14
sample02357,no,monocyte,23.39
sample02364,no,monocyte,20.78
sample02365,no,monocyte,17.19
sample02366,no,monocyte,20.42
sample02412,no,monocyte,21.98
sample02413,no,monocyte,24.74
sample02414,no,monocyte,15.39
sample02430,no,monocyte,16.35
sample02431,no,monocyte,18.26
sample02432,no,monocyte,26.02
sample02436,no,monocyte,16.77
sample02437,no,monocyte,21.76
sample02438,no,monocyte,24.24
sample02478,no,monocyte,21.53
sample02479,no,monocyte,18.41
sample02480,no,monocyte,18.51
sample02541,no,monocyte,22.52
sample02542,no,monocyte,21.0
sample02543,no,monocyte,26.05
sample02583,no,monocyte,14.33
sample02584,no,monocyte,16.66
sample02585,no,monocyte,19.37
sample02592,no,monocyte,22.38
sample02593,no,monocyte,21.05
sample02594,no,monocyte,27.66
sample02619,no,monocyte,23.28
sample02620,no,monocyte,26.28
sample02621,no,monocyte,21.81
sample02646,no,monocyte,20.58
sample02647,no,monocyte,19.31
sample02648,no,monocyte,22.93
sample02661,no,monocyte,18.15
sample02662,no,monocyte,22.2
sample02663,no,monocyte,19.77
sample02664,no,monocyte,18.41
sample02665,no,monocyte,22.21
sample02666,no,monocyte,22.94
sample02667,no,monocyte,21.51
sample02668,no,monocyte,19.86
sample02669,no,monocyte,24.74
sample02682,no,monocyte,22.07
sample02683,no,monocyte,25.91
sample02684,no,monocyte,18.63
sample02700,no,monocyte,14.42
sample02701,no,monocyte,26.2
sample02702,no,monocyte,21.95
sample02706,no,monocyte,23.47
sample02707,no,monocyte,26.83
sample02708,no,monocyte,23.52
sample02718,no,monocyte,21.07
sample02719,no,monocyte,19.98
sample02720,no,monocyte,23.39
sample02742,no,monocyte,20.95
sample02743,no,monocyte,20.22
sample02744,no,monocyte,21.51
sample02775,no,monocyte,14.51
sample02776,no,monocyte,20.97
sample02777,no,monocyte,13.41
sample02799,no,monocyte,21.12
sample02800,no,monocyte,16.39
sample02801,no,monocyte,10.27
sample02811,no,monocyte,21.45
sample02812,no,monocyte,25.58
sample02813,no,monocyte,21.23
sample02829,no,monocyte,18.55
sample02830,no,monocyte,19.67
sample02831,no,monocyte,29.44
sample02886,no,monocyte,22.92
sample02887,no,monocyte,23.51
sample02888,no,monocyte,19.03
sample02889,no,monocyte,17.43
sample02890,no,monocyte,19.76
sample02891,no,monocyte,18.28
sample02901,no,monocyte,21.34
sample02902,no,monocyte,15.14
sample02903,no,monocyte,19.78
sample02961,no,monocyte,17.36
sample02962,no,monocyte,14.78
sample02963,no,monocyte,23.07
sample02970,no,monocyte,27.05
sample02971,no,monocyte,18.8
sample02972,no,monocyte,15.32
sample03006,no,monocyte,21.81
sample03007,no,monocyte,24.78
sample03008,no,monocyte,14.38
sample03030,no,monocyte,16.68
sample03031,no,monocyte,21.66
sample03032,no,monocyte,14.04
sample03051,no,monocyte,16.64
sample03052,no,monocyte,20.25
sample03053,no,monocyte,17.99
sample03096,no,monocyte,24.35
sample03097,no,monocyte,20.0
sample03098,no,monocyte,16.56
sample03108,no,monocyte,21.03
sample03109,no,monocyte,18.3
sample03110,no,monocyte,19.34
sample03132,no,monocyte,24.42
sample03133,no,monocyte,17.55
sample03134,no,monocyte,17.34
sample03186,no,monocyte,18.29
sample03187,no,monocyte,16.62
sample03188,no,monocyte,23.58
sample03198,no,monocyte,27.59
sample03199,no,monocyte,16.02
sample03200,no,monocyte,22.3
sample03213,no,monocyte,14.77
sample03214,no,monocyte,15.96
sample03215,no,monocyte,17.86
sample03252,no,monocyte,17.4
sample03253,no,monocyte,20.18
sample03254,no,monocyte,20.21
sample03258,no,monocyte,19.6
sample03259,no,monocyte,19.53
sample03260,no,monocyte,26.78
sample03318,no,monocyte,14.5
sample03319,no,monocyte,26.23
sample03320,no,monocyte,16.57
sample03321,no,monocyte,14.42
sample03322,no,monocyte,20.0
sample03323,no,monocyte,28.33
sample03333,no,monocyte,17.35
sample03334,no,monocyte,15.94
sample03335,no,monocyte,25.29
sample03363,no,monocyte,16.77
sample03364,no,monocyte,16.89
sample03365,no,monocyte,18.87
sample03384,no,monocyte,14.94
sample03385,no,monocyte,30.67
sample03386,no,monocyte,13.32
sample03390,no,monocyte,21.19
sample03391,no,monocyte,19.14
sample03392,no,monocyte,22.82
sample03402,no,monocyte,12.93
sample03403,no,monocyte,17.84
sample03404,no,monocyte,18.77
sample03414,no,monocyte,18.21
sample03415,no,monocyte,21.39
sample03416,no,monocyte,22.29
sample03420,no,monocyte,22.08
sample03421,no,monocyte,17.36
sample03422,no,monocyte,21.71
sample03432,no,monocyte,17.24
sample03433,no,monocyte,16.12
sample03434,no,monocyte,21.72
sample03474,no,monocyte,25.77
sample03475,no,monocyte,26.3
sample03476,no,monocyte,17.79
sample03489,no,monocyte,17.7
sample03490,no,monocyte,17.87
sample03491,no,monocyte,19.73
sample03552,no,monocyte,16.86
sample03553,no,monocyte,21.67
sample03554,no,monocyte,22.03
sample03579,no,monocyte,14.76
sample03580,no,monocyte,17.4
sample03581,no,monocyte,19.81
sample03615,no,monocyte,12.85
sample03616,no,monocyte,23.33
sample03617,no,monocyte,25.63
sample03633,no,monocyte,20.51
sample03634,no,monocyte,27.25
sample03635,no,monocyte,22.41
sample03666,no,monocyte,20.52
sample03667,no,monocyte,20.16
sample03668,no,monocyte,13.62
sample03681,no,monocyte,24.58
sample03682,no,monocyte,23.54
sample03683,no,monocyte,23.6
sample03684,no,monocyte,17.76
sample03685,no,monocyte,16.27
sample03686,no,monocyte,15.39
sample03699,no,monocyte,15.87
sample03700,no,monocyte,23.04
sample03701,no,monocyte,23.17
sample03717,no,monocyte,20.84
sample03718,no,monocyte,20.07
sample03719,no,monocyte,17.61
sample03720,no,monocyte,17.87
sample03721,no,monocyte,15.82
sample03722,no,monocyte,23.03
sample03738,no,monocyte,17.0
sample03739,no,monocyte,23.23
sample03740,no,monocyte,21.53
sample03768,no,monocyte,11.13
sample03769,no,monocyte,21.93
sample03770,no,monocyte,17.29
sample03774,no,monocyte,18.12
sample03775,no,monocyte,19.02
sample03776,no,monocyte,16.85
sample03816,no,monocyte,20.87
sample03817,no,monocyte,26.4
sample03818,no,monocyte,16.99
sample03891,no,monocyte,12.44
sample03892,no,monocyte,31.68
sample03893,no,monocyte,14.93
sample03939,no,monocyte,26.92
sample03940,no,monocyte,23.24
sample03941,no,monocyte,15.06
sample03972,no,monocyte,25.84
sample03973,no,monocyte,20.62
sample03974,no,monocyte,18.59
sample04062,no,monocyte,25.09
sample04063,no,monocyte,19.0
sample04064,no,monocyte,16.82
sample04074,no,monocyte,14.72
sample04075,no,monocyte,17.46
sample04076,no,monocyte,20.64
sample04095,no,monocyte,19.88
sample04096,no,monocyte,22.25
sample04097,no,monocyte,23.69
sample04134,no,monocyte,24.64
sample04135,no,monocyte,14.12
sample04136,no,monocyte,22.2
sample04143,no,monocyte,21.78
sample04144,no,monocyte,15.46
sample04145,no,monocyte,20.05
sample04182,no,monocyte,22.23
sample04183,no,monocyte,19.4
sample04184,no,monocyte,15.55
sample04191,no,monocyte,13.22
sample04192,no,monocyte,20.93
sample04193,no,monocyte,16.31
sample04200,no,monocyte,22.58
sample04201,no,monocyte,19.07
sample04202,no,monocyte,12.6
sample04206,no,monocyte,22.49
sample04207,no,monocyte,22.01
sample04208,no,monocyte,15.49
sample04209,no,monocyte,24.37
sample04210,no,monocyte,18.06
sample04211,no,monocyte,21.82
sample04278,no,monocyte,21.19
sample04279,no,monocyte,18.22
sample04280,no,monocyte,23.32
sample04308,no,monocyte,23.57
sample04309,no,monocyte,18.31
sample04310,no,monocyte,18.64
sample04338,no,monocyte,20.62
sample04339,no,monocyte,21.01
sample04340,no,monocyte,17.38
sample04419,no,monocyte,26.27
sample04420,no,monocyte,13.5
sample04421,no,monocyte,15.44
sample04428,no,monocyte,17.12
sample04429,no,monocyte,21.59
sample04430,no,monocyte,22.48
sample04449,no,monocyte,17.47
sample04450,no,monocyte,26.09
sample04451,no,monocyte,14.24
sample07503,no,monocyte,20.85
sample07504,no,monocyte,16.04
sample07505,no,monocyte,16.85
sample07515,no,monocyte,19.19
sample07516,no,monocyte,19.85
sample07517,no,monocyte,19.86
sample07542,no,monocyte,22.23
sample07543,no,monocyte,26.17
sample07544,no,monocyte,24.47
sample07620,no,monocyte,21.59
sample07621,no,monocyte,14.73
sample07622,no,monocyte,13.26
sample07632,no,monocyte,18.34
sample07633,no,monocyte,21.4
sample07634,no,monocyte,11.97
sample07644,no,monocyte,19.92
sample07645,no,monocyte,21.57
sample07646,no,monocyte,18.65
sample07653,no,monocyte,22.88
sample07654,no,monocyte,18.87
sample07655,no,monocyte,13.87
sample07674,no,monocyte,20.75
sample07675,no,monocyte,20.62
sample07676,no,monocyte,20.38
sample07698,no,monocyte,12.27
sample07699,no,monocyte,21.17
sample07700,no,monocyte,17.24
sample07710,no,monocyte,13.46
sample07711,no,monocyte,23.05
sample07712,no,monocyte,15.4
sample07722,no,monocyte,23.21
sample07723,no,monocyte,18.54
sample07724,no,monocyte,27.69
sample07734,no,monocyte,29.61
sample07735,no,monocyte,12.48
sample07736,no,monocyte,24.79
sample07746,no,monocyte,19.4
sample07747,no,monocyte,27.0
sample07748,no,monocyte,24.76
sample07809,no,monocyte,21.04
sample07810,no,monocyte,16.8
sample07811,no,monocyte,16.58
sample07815,no,monocyte,21.28
sample07816,no,monocyte,26.06
sample07817,no,monocyte,10.38
sample07818,no,monocyte,17.12
sample07819,no,monocyte,18.46
sample07820,no,monocyte,24.49
sample07833,no,monocyte,22.56
sample07834,no,monocyte,9.56
sample07835,no,monocyte,19.94
sample07872,no,monocyte,15.5
sample07873,no,monocyte,13.43
sample07874,no,monocyte,19.37
sample07899,no,monocyte,22.59
sample07900,no,monocyte,24.68
sample07901,no,monocyte,22.03
sample07926,no,monocyte,18.45
sample07927,no,monocyte,15.06
sample07928,no,monocyte,15.77
sample07929,no,monocyte,20.86
sample07930,no,monocyte,25.05
sample07931,no,monocyte,16.97
sample07932,no,monocyte,21.6
sample07933,no,monocyte,24.17
sample07934,no,monocyte,21.14
sample07941,no,monocyte,17.96
sample07942,no,monocyte,17.17
sample07943,no,monocyte,16.97
sample07959,no,monocyte,24.38
sample07960,no,monocyte,25.35
sample07961,no,monocyte,13.03
sample08004,no,monocyte,17.47
sample08005,no,monocyte,22.67
sample08006,no,monocyte,23.55
sample08013,no,monocyte,17.94
sample08014,no,monocyte,13.62
sample08015,no,monocyte,24.08
sample08028,no,monocyte,21.95
sample08029,no,monocyte,22.23
sample08030,no,monocyte,19.85
sample08049,no,monocyte,16.44
sample08050,no,monocyte,19.31
sample08051,no,monocyte,16.31
sample08064,no,monocyte,15.77
sample08065,no,monocyte,20.16
sample08066,no,monocyte,17.86
sample08076,no,monocyte,20.06
sample08077,no,monocyte,23.64
sample08078,no,monocyte,21.98
sample08118,no,monocyte,22.8
sample08119,no,monocyte,23.13
sample08120,no,monocyte,17.61
sample08133,no,monocyte,29.61
sample08134,no,monocyte,20.93
sample08135,no,monocyte,19.47
sample08142,no,monocyte,27.57
sample08143,no,monocyte,14.32
sample08144,no,monocyte,17.26
sample08160,no,monocyte,16.65
sample08161,no,monocyte,18.38
sample08162,no,monocyte,17.21
sample08184,no,monocyte,23.6
sample08185,no,monocyte,27.87
sample08186,no,monocyte,18.61
sample08214,no,monocyte,21.32
sample08215,no,monocyte,18.75
sample08216,no,monocyte,13.97
sample08277,no,monocyte,26.73
sample08278,no,monocyte,17.14
sample08279,no,monocyte,20.59
sample08304,no,monocyte,16.8
sample08305,no,monocyte,19.81
sample08306,no,monocyte,25.85
sample08313,no,monocyte,25.67
sample08314,no,monocyte,16.16
sample08315,no,monocyte,20.44
sample08325,no,monocyte,24.31
sample08326,no,monocyte,18.97
sample08327,no,monocyte,18.59
sample08331,no,monocyte,27.01
sample08332,no,monocyte,18.1
sample08333,no,monocyte,18.52
sample08334,no,monocyte,23.34
sample08335,no,monocyte,15.41
sample08336,no,monocyte,19.43
sample08367,no,monocyte,14.77
sample08368,no,monocyte,19.08
sample08369,no,monocyte,15.66
sample08397,no,monocyte,20.54
sample08398,no,monocyte,13.78
sample08399,no,monocyte,13.31
sample08412,no,monocyte,19.4
sample08413,no,monocyte,21.18
sample08414,no,monocyte,26.34
sample08415,no,monocyte,19.22
sample08416,no,monocyte,23.58
sample08417,no,monocyte,19.11
sample08421,no,monocyte,21.3
sample08422,no,monocyte,20.3
sample08423,no,monocyte,21.39
sample08433,no,monocyte,17.82
sample08434,no,monocyte,18.79
sample08435,no,monocyte,14.68
sample08436,no,monocyte,24.57
sample08437,no,monocyte,21.42
sample08438,no,monocyte,10.33
sample08439,no,monocyte,17.06
sample08440,no,monocyte,23.51
sample08441,no,monocyte,12.95
sample08460,no,monocyte,20.81
sample08461,no,monocyte,20.96
sample08462,no,monocyte,24.6
sample08472,no,monocyte,21.58
sample08473,no,monocyte,20.08
sample08474,no,monocyte,23.98
sample08493,no,monocyte,18.47
sample08494,no,monocyte,25.65
sample08495,no,monocyte,22.58
sample08502,no,monocyte,15.94
sample08503,no,monocyte,18.69
sample08504,no,monocyte,18.98
sample08520,no,monocyte,17.29
sample08521,no,monocyte,20.07
sample08522,no,monocyte,18.41
sample08526,no,monocyte,28.93
sample08527,no,monocyte,19.06
sample08528,no,monocyte,20.43
sample08541,no,monocyte,25.46
sample08542,no,monocyte,16.98
sample08543,no,monocyte,14.11
sample08556,no,monocyte,19.45
sample08557,no,monocyte,18.77
sample08558,no,monocyte,20.51
sample08559,no,monocyte,17.89
sample08560,no,monocyte,20.81
sample08561,no,monocyte,22.13
sample08589,no,monocyte,22.16
sample08590,no,monocyte,20.67
sample08591,no,monocyte,23.29
sample08637,no,monocyte,18.37
sample08638,no,monocyte,17.84
sample08639,no,monocyte,16.37
sample08661,no,monocyte,24.64
sample08662,no,monocyte,16.84
sample08663,no,monocyte,14.74
sample08664,no,monocyte,16.79
sample08665,no,monocyte,21.64
sample08666,no,monocyte,23.26
sample08712,no,monocyte,16.39
sample08713,no,monocyte,16.35
sample08714,no,monocyte,14.21
sample08730,no,monocyte,19.3
sample08731,no,monocyte,17.97
sample08732,no,monocyte,15.31
sample08751,no,monocyte,22.19
sample08752,no,monocyte,23.1
sample08753,no,monocyte,13.24
sample08763,no,monocyte,22.05
sample08764,no,monocyte,17.86
sample08765,no,monocyte,16.94
sample08805,no,monocyte,22.56
sample08806,no,monocyte,25.3
sample08807,no,monocyte,20.99
sample08874,no,monocyte,21.68
sample08875,no,monocyte,16.97
sample08876,no,monocyte,30.01
sample08919,no,monocyte,21.03
sample08920,no,monocyte,20.65
sample08921,no,monocyte,19.2
sample08952,no,monocyte,15.93
sample08953,no,monocyte,14.27
sample08954,no,monocyte,17.85
sample08958,no,monocyte,19.18
sample08959,no,monocyte,25.89
sample08960,no,monocyte,15.69
sample08967,no,monocyte,17.32
sample08968,no,monocyte,20.45
sample08969,no,monocyte,20.8
sample08976,no,monocyte,14.82
sample08977,no,monocyte,23.79
sample08978,no,monocyte,19.77
sample09003,no,monocyte,21.12
sample09004,no,monocyte,24.27
sample09005,no,monocyte,23.23
sample09030,no,monocyte,13.69
sample09031,no,monocyte,18.63
sample09032,no,monocyte,22.71
sample09036,no,monocyte,20.43
sample09037,no,monocyte,20.8
sample09038,no,monocyte,26.16
sample09039,no,monocyte,19.8
sample09040,no,monocyte,19.83
sample09041,no,monocyte,22.49
sample09048,no,monocyte,18.51
sample09049,no,monocyte,19.45
sample09050,no,monocyte,16.67
sample09060,no,monocyte,19.71
sample09061,no,monocyte,19.44
sample09062,no,monocyte,22.67
sample09066,no,monocyte,20.34
sample09067,no,monocyte,19.73
sample09068,no,monocyte,20.8
sample09150,no,monocyte,23.71
sample09151,no,monocyte,20.73
sample09152,no,monocyte,15.28
sample09159,no,monocyte,21.79
sample09160,no,monocyte,21.53
sample09161,no,monocyte,22.95
sample09183,no,monocyte,15.01
sample09184,no,monocyte,25.36
sample09185,no,monocyte,27.07
sample09213,no,monocyte,28.83
sample09214,no,monocyte,17.28
sample09215,no,monocyte,17.42
sample09246,no,monocyte,31.99
sample09247,no,monocyte,14.65
sample09248,no,monocyte,28.83
sample09249,no,monocyte,25.14
sample09250,no,monocyte,18.22
sample09251,no,monocyte,14.78
sample09288,no,monocyte,26.44
sample09289,no,monocyte,16.41
sample09290,no,monocyte,15.75
sample09294,no,monocyte,22.02
sample09295,no,monocyte,20.71
sample09296,no,monocyte,20.58
sample09303,no,monocyte,24.06
sample09304,no,monocyte,23.76
sample09305,no,monocyte,26.44
sample09354,no,monocyte,21.35
sample09355,no,monocyte,17.98
sample09356,no,monocyte,21.76
sample09363,no,monocyte,17.42
sample09364,no,monocyte,23.66
sample09365,no,monocyte,24.56
sample09378,no,monocyte,23.81
sample09379,no,monocyte,20.41
sample09380,no,monocyte,16.33
sample09384,no,monocyte,22.83
sample09385,no,monocyte,18.79
sample09386,no,monocyte,29.39
sample09387,no,monocyte,18.4
sample09388,no,monocyte,22.69
sample09389,no,monocyte,10.08
sample09414,no,monocyte,19.53
sample09415,no,monocyte,24.56
sample09416,no,monocyte,23.15
sample09420,no,monocyte,17.49
sample09421,no,monocyte,23.25
sample09422,no,monocyte,13.31
sample09429,no,monocyte,29.79
sample09430,no,monocyte,24.54
sample09431,no,monocyte,12.51
sample09432,no,monocyte,20.51
sample09433,no,monocyte,18.16
sample09434,no,monocyte,28.31
sample09477,no,monocyte,24.7
sample09478,no,monocyte,15.83
sample09479,no,monocyte,18.9
sample09483,no,monocyte,18.05
sample09484,no,monocyte,15.53
sample09485,no,monocyte,20.94
sample09492,no,monocyte,18.22
sample09493,no,monocyte,30.56
sample09494,no,monocyte,20.18
sample09555,no,monocyte,22.92
sample09556,no,monocyte,13.7
sample09557,no,monocyte,23.04
sample09567,no,monocyte,18.53
sample09568,no,monocyte,20.35
sample09569,no,monocyte,25.19
sample09585,no,monocyte,14.77
sample09586,no,monocyte,16.17
sample09587,no,monocyte,16.52
sample09588,no,monocyte,24.72
sample09589,no,monocyte,29.69
sample09590,no,monocyte,21.32
sample09627,no,monocyte,31.58
sample09628,no,monocyte,22.46
sample09629,no,monocyte,21.73
sample09657,no,monocyte,26.83
sample09658,no,monocyte,18.62
sample09659,no,monocyte,11.75
sample09672,no,monocyte,19.48
sample09673,no,monocyte,20.84
sample09674,no,monocyte,17.91
sample09744,no,monocyte,24.19
sample09745,no,monocyte,15.66
sample09746,no,monocyte,19.14
sample09756,no,monocyte,16.74
sample09757,no,monocyte,14.19
sample09758,no,monocyte,19.36
sample09762,no,monocyte,18.17
sample09763,no,monocyte,12.29
sample09764,no,monocyte,22.82
sample09813,no,monocyte,17.55
sample09814,no,monocyte,24.14
sample09815,no,monocyte,17.38
sample09816,no,monocyte,19.95
sample09817,no,monocyte,15.85
sample09818,no,monocyte,14.43
sample09870,no,monocyte,16.6
sample09871,no,monocyte,16.03
sample09872,no,monocyte,13.01
sample09873,no,monocyte,13.84
sample09874,no,monocyte,18.69
sample09875,no,monocyte,16.31
sample09894,no,monocyte,24.29
sample09895,no,monocyte,22.86
sample09896,no,monocyte,17.58
sample09900,no,monocyte,18.47
sample09901,no,monocyte,18.81
sample09902,no,monocyte,24.45
sample09903,no,monocyte,18.32
sample09904,no,monocyte,18.74
sample09905,no,monocyte,21.14
sample09912,no,monocyte,14.63
sample09913,no,monocyte,15.02
sample09914,no,monocyte,27.46
sample09918,no,monocyte,18.65
sample09919,no,monocyte,27.79
sample09920,no,monocyte,27.32
sample09987,no,monocyte,11.58
sample09988,no,monocyte,27.19
sample09989,no,monocyte,24.79
sample09999,no,monocyte,23.95
sample10000,no,monocyte,17.69
sample10001,no,monocyte,20.34
sample10068,no,monocyte,18.41
sample10069,no,monocyte,17.52
sample10070,no,monocyte,23.86
sample10089,no,monocyte,14.53
sample10090,no,monocyte,22.73
sample10091,no,monocyte,34.15
sample10191,no,monocyte,15.25
sample10192,no,monocyte,23.9
sample10193,no,monocyte,24.78
sample10230,no,monocyte,27.38
sample10231,no,monocyte,17.5
sample10232,no,monocyte,21.51
sample10251,no,monocyte,25.38
sample10252,no,monocyte,14.69
sample10253,no,monocyte,16.33
sample10266,no,monocyte,25.26
sample10267,no,monocyte,19.93
sample10268,no,monocyte,16.96
sample10305,no,monocyte,23.48
sample10306,no,monocyte,17.36
sample10307,no,monocyte,22.08
sample10320,no,monocyte,20.76
sample10321,no,monocyte,21.96
sample10322,no,monocyte,12.95
sample10395,no,monocyte,18.07
sample10396,no,monocyte,16.83
sample10397,no,monocyte,22.24
sample10416,no,monocyte,24.47
sample10417,no,monocyte,24.13
sample10418,no,monocyte,24.77
sample10455,no,monocyte,20.28
sample10456,no,monocyte,20.38
sample10457,no,monocyte,15.95
sample10470,no,monocyte,27.29
sample10471,no,monocyte,19.86
sample10472,no,monocyte,12.82
sample10473,no,monocyte,21.19
sample10474,no,monocyte,20.69
sample10475,no,monocyte,14.33
sample00024,yes,monocyte,9.65
sample00025,yes,monocyte,12.34
sample00026,yes,monocyte,16.27
sample00060,yes,monocyte,17.11
sample00061,yes,monocyte,16.34
sample00062,yes,monocyte,27.35
sample00066,yes,monocyte,11.77
sample00067,yes,monocyte,19.27
sample00068,yes,monocyte,20.94
sample00075,yes,monocyte,14.94
sample00076,yes,monocyte,18.99
sample00077,yes,monocyte,17.03
sample00141,yes,monocyte,20.56
sample00142,yes,monocyte,17.48
sample00143,yes,monocyte,11.12
sample00165,yes,monocyte,19.25
sample00166,yes,monocyte,23.43
sample00167,yes,monocyte,17.7
sample00168,yes,monocyte,11.98
sample00169,yes,monocyte,15.55
sample00170,yes,monocyte,24.88
sample00261,yes,monocyte,20.28
sample00262,yes,monocyte,15.13
sample00263,yes,monocyte,11.32
sample00324,yes,monocyte,28.04
sample00325,yes,monocyte,22.57
sample00326,yes,monocyte,23.84
sample00327,yes,monocyte,18.74
sample00328,yes,monocyte,19.07
sample00329,yes,monocyte,18.09
sample00333,yes,monocyte,25.39
sample00334,yes,monocyte,25.4
sample00335,yes,monocyte,26.35
sample00369,yes,monocyte,18.81
sample00370,yes,monocyte,23.94
sample00371,yes,monocyte,25.2
sample00378,yes,monocyte,16.13
sample00379,yes,monocyte,18.48
sample00380,yes,monocyte,13.75
sample00426,yes,monocyte,19.83
sample00427,yes,monocyte,21.02
sample00428,yes,monocyte,14.29
sample00447,yes,monocyte,27.0
sample00448,yes,monocyte,28.07
sample00449,yes,monocyte,12.91
sample00483,yes,monocyte,22.21
sample00484,yes,monocyte,19.12
sample00485,yes,monocyte,19.46
sample00498,yes,monocyte,28.12
sample00499,yes,monocyte,23.5
sample00500,yes,monocyte,9.94
sample00510,yes,monocyte,23.51
sample00511,yes,monocyte,22.9
sample00512,yes,monocyte,16.11
sample00537,yes,monocyte,33.16
sample00538,yes,monocyte,23.82
sample00539,yes,monocyte,17.85
sample00543,yes,monocyte,24.06
sample00544,yes,monocyte,17.88
sample00545,yes,monocyte,19.38
sample00555,yes,monocyte,24.63
sample00556,yes,monocyte,18.68
sample00557,yes,monocyte,16.52
sample00564,yes,monocyte,22.97
sample00565,yes,monocyte,8.08
sample00566,yes,monocyte,16.45
sample00621,yes,monocyte,12.9
sample00622,yes,monocyte,19.17
sample00623,yes,monocyte,20.26
sample00630,yes,monocyte,13.82
sample00631,yes,monocyte,20.34
sample00632,yes,monocyte,11.5
sample00660,yes,monocyte,20.2
sample00661,yes,monocyte,20.89
sample00662,yes,monocyte,20.09
sample00675,yes,monocyte,12.26
sample00676,yes,monocyte,24.44
sample00677,yes,monocyte,27.72
sample00714,yes,monocyte,26.02
sample00715,yes,monocyte,16.47
sample00716,yes,monocyte,21.09
sample00753,yes,monocyte,14.84
sample00754,yes,monocyte,16.35
sample00755,yes,monocyte,22.0
sample00825,yes,monocyte,16.73
sample00826,yes,monocyte,15.49
sample00827,yes,monocyte,20.01
sample00840,yes,monocyte,16.6
sample00841,yes,monocyte,11.25
sample00842,yes,monocyte,23.89
sample00861,yes,monocyte,17.11
sample00862,yes,monocyte,21.29
sample00863,yes,monocyte,22.84
sample00873,yes,monocyte,23.64
sample00874,yes,monocyte,16.42
sample00875,yes,monocyte,13.29
sample00876,yes,monocyte,20.55
sample00877,yes,monocyte,24.3
sample00878,yes,monocyte,15.65
sample00888,yes,monocyte,22.41
sample00889,yes,monocyte,22.91
sample00890,yes,monocyte,22.47
sample00894,yes,monocyte,22.91
sample00895,yes,monocyte,22.49
sample00896,yes,monocyte,17.62
sample00912,yes,monocyte,32.41
sample00913,yes,monocyte,23.18
sample00914,yes,monocyte,15.16
sample00915,yes,monocyte,23.06
sample00916,yes,monocyte,26.29
sample00917,yes,monocyte,23.63
sample00939,yes,monocyte,19.23
sample00940,yes,monocyte,15.6
sample00941,yes,monocyte,25.82
sample01008,yes,monocyte,12.38
sample01009,yes,monocyte,20.91
sample01010,yes,monocyte,18.67
sample01017,yes,monocyte,21.02
sample01018,yes,monocyte,20.38
sample01019,yes,monocyte,11.64
sample01068,yes,monocyte,10.36
sample01069,yes,monocyte,17.71
sample01070,yes,monocyte,20.64
sample01074,yes,monocyte,15.81
sample01075,yes,monocyte,20.14
sample01076,yes,monocyte,16.23
sample01080,yes,monocyte,23.33
sample01081,yes,monocyte,17.99
sample01082,yes,monocyte,19.24
sample01092,yes,monocyte,19.88
sample01093,yes,monocyte,19.74
sample01094,yes,monocyte,16.98
sample01104,yes,monocyte,17.6
sample01105,yes,monocyte,23.92
sample01106,yes,monocyte,20.54
sample01128,yes,monocyte,16.28
sample01129,yes,monocyte,19.46
sample01130,yes,monocyte,17.38
sample01170,yes,monocyte,27.2
sample01171,yes,monocyte,23.25
sample01172,yes,monocyte,20.98
sample01245,yes,monocyte,23.76
sample01246,yes,monocyte,17.77
sample01247,yes,monocyte,19.46
sample01248,yes,monocyte,24.0
sample01249,yes,monocyte,18.56
sample01250,yes,monocyte,15.26
sample01260,yes,monocyte,17.53
sample01261,yes,monocyte,15.76
sample01262,yes,monocyte,19.19
sample01266,yes,monocyte,24.49
sample01267,yes,monocyte,21.48
sample01268,yes,monocyte,21.7
sample01284,yes,monocyte,14.43
sample01285,yes,monocyte,24.36
sample01286,yes,monocyte,11.7
sample01311,yes,monocyte,24.95
sample01312,yes,monocyte,21.42
sample01313,yes,monocyte,24.59
sample01326,yes,monocyte,18.83
sample01327,yes,monocyte,18.99
sample01328,yes,monocyte,24.69
sample01329,yes,monocyte,23.75
sample01330,yes,monocyte,19.95
sample01331,yes,monocyte,30.31
sample01332,yes,monocyte,11.46
sample01333,yes,monocyte,13.84
sample01334,yes,monocyte,23.91
sample01359,yes,monocyte,19.98
sample01360,yes,monocyte,13.98
sample01361,yes,monocyte,17.49
sample01377,yes,monocyte,19.33
sample01378,yes,monocyte,19.04
sample01379,yes,monocyte,17.56
sample01419,yes,monocyte,11.28
sample01420,yes,monocyte,27.23
sample01421,yes,monocyte,20.23
sample01422,yes,monocyte,24.74
sample01423,yes,monocyte,21.54
sample01424,yes,monocyte,29.31
sample01440,yes,monocyte,22.77
sample01441,yes,monocyte,18.53
sample01442,yes,monocyte,21.82
sample01458,yes,monocyte,20.99
sample01459,yes,monocyte,21.77
sample01460,yes,monocyte,16.42
sample01491,yes,monocyte,20.31
sample01492,yes,monocyte,20.33
sample01493,yes,monocyte,23.92
sample01497,yes,monocyte,18.19
sample01498,yes,monocyte,17.07
sample01499,yes,monocyte,20.62
sample01533,yes,monocyte,22.92
sample01534,yes,monocyte,19.07
sample01535,yes,monocyte,19.16
sample01536,yes,monocyte,22.91
sample01537,yes,monocyte,20.08
sample01538,yes,monocyte,20.92
sample01545,yes,monocyte,28.07
sample01546,yes,monocyte,17.38
sample01547,yes,monocyte,18.53
sample01602,yes,monocyte,27.27
sample01603,yes,monocyte,14.81
sample01604,yes,monocyte,17.27
sample01620,yes,monocyte,22.71
sample01621,yes,monocyte,15.67
sample01622,yes,monocyte,20.58
sample01635,yes,monocyte,25.18
sample01636,yes,monocyte,20.5
sample01637,yes,monocyte,15.79
sample01638,yes,monocyte,23.56
sample01639,yes,monocyte,14.72
sample01640,yes,monocyte,20.69
sample01665,yes,monocyte,10.86
sample01666,yes,monocyte,24.02
sample01667,yes,monocyte,20.2
sample01683,yes,monocyte,21.8
sample01684,yes,monocyte,18.4
sample01685,yes,monocyte,17.72
sample01692,yes,monocyte,19.19
sample01693,yes,monocyte,25.75
sample01694,yes,monocyte,14.71
sample01719,yes,monocyte,28.97
sample01720,yes,monocyte,17.27
sample01721,yes,monocyte,13.01
sample01728,yes,monocyte,19.17
sample01729,yes,monocyte,21.65
sample01730,yes,monocyte,20.67
sample01755,yes,monocyte,17.85
sample01756,yes,monocyte,18.25
sample01757,yes,monocyte,17.33
sample01785,yes,monocyte,26.4
sample01786,yes,monocyte,19.29
sample01787,yes,monocyte,11.81
sample01815,yes,monocyte,16.41
sample01816,yes,monocyte,15.31
sample01817,yes,monocyte,16.49
sample01824,yes,monocyte,19.98
sample01825,yes,monocyte,21.78
sample01826,yes,monocyte,22.33
sample01830,yes,monocyte,14.0
sample01831,yes,monocyte,18.1
sample01832,yes,monocyte,21.99
sample01833,yes,monocyte,18.73
sample01834,yes,monocyte,16.16
sample01835,yes,monocyte,14.82
sample01881,yes,monocyte,27.3
sample01882,yes,monocyte,21.95
sample01883,yes,monocyte,19.55
sample01899,yes,monocyte,22.23
sample01900,yes,monocyte,15.82
sample01901,yes,monocyte,18.23
sample01962,yes,monocyte,16.61
sample01963,yes,monocyte,16.54
sample01964,yes,monocyte,17.07
sample02037,yes,monocyte,14.99
sample02038,yes,monocyte,24.17
sample02039,yes,monocyte,22.49
sample02055,yes,monocyte,13.9
sample02056,yes,monocyte,16.5
sample02057,yes,monocyte,31.88
sample02064,yes,monocyte,22.15
sample02065,yes,monocyte,24.63
sample02066,yes,monocyte,20.77
sample02178,yes,monocyte,20.35
sample02179,yes,monocyte,19.56
sample02180,yes,monocyte,19.56
sample02196,yes,monocyte,11.57
sample02197,yes,monocyte,24.21
sample02198,yes,monocyte,19.03
sample02235,yes,monocyte,29.83
sample02236,yes,monocyte,19.35
sample02237,yes,monocyte,20.34
sample02244,yes,monocyte,21.67
sample02245,yes,monocyte,23.42
sample02246,yes,monocyte,21.33
sample02262,yes,monocyte,22.3
sample02263,yes,monocyte,18.03
sample02264,yes,monocyte,13.82
sample02340,yes,monocyte,19.69
sample02341,yes,monocyte,26.5
sample02342,yes,monocyte,20.13
sample02388,yes,monocyte,23.79
sample02389,yes,monocyte,18.07
sample02390,yes,monocyte,19.31
sample02439,yes,monocyte,23.09
sample02440,yes,monocyte,16.87
sample02441,yes,monocyte,34.85
sample02454,yes,monocyte,19.14
sample02455,yes,monocyte,14.77
sample02456,yes,monocyte,28.1
sample02466,yes,monocyte,23.84
sample02467,yes,monocyte,19.53
sample02468,yes,monocyte,27.42
sample02481,yes,monocyte,13.74
sample02482,yes,monocyte,21.71
sample02483,yes,monocyte,18.77
sample02490,yes,monocyte,19.16
sample02491,yes,monocyte,21.85
sample02492,yes,monocyte,15.38
sample02499,yes,monocyte,24.92
sample02500,yes,monocyte,19.53
sample02501,yes,monocyte,14.08
sample02517,yes,monocyte,12.65
sample02518,yes,monocyte,19.35
sample02519,yes,monocyte,17.99
sample02562,yes,monocyte,23.97
sample02563,yes,monocyte,19.9
sample02564,yes,monocyte,16.15
sample02574,yes,monocyte,19.15
sample02575,yes,monocyte,17.45
sample02576,yes,monocyte,15.73
sample02586,yes,monocyte,16.71
sample02587,yes,monocyte,15.23
sample02588,yes,monocyte,19.0
sample02589,yes,monocyte,19.43
sample02590,yes,monocyte,19.52
sample02591,yes,monocyte,12.66
sample02625,yes,monocyte,19.08
sample02626,yes,monocyte,21.92
sample02627,yes,monocyte,23.67
sample02640,yes,monocyte,17.82
sample02641,yes,monocyte,23.44
sample02642,yes,monocyte,20.49
sample02655,yes,monocyte,20.17
sample02656,yes,monocyte,17.95
sample02657,yes,monocyte,24.91
sample02673,yes,monocyte,25.12
sample02674,yes,monocyte,18.7
sample02675,yes,monocyte,28.11
sample02736,yes,monocyte,19.1
sample02737,yes,monocyte,26.24
sample02738,yes,monocyte,29.72
sample02754,yes,monocyte,11.88
sample02755,yes,monocyte,20.32
sample02756,yes,monocyte,20.98
sample02760,yes,monocyte,25.33
sample02761,yes,monocyte,21.43
sample02762,yes,monocyte,20.98
sample02766,yes,monocyte,18.63
sample02767,yes,monocyte,31.97
sample02768,yes,monocyte,24.66
sample02772,yes,monocyte,17.61
sample02773,yes,monocyte,21.37
sample02774,yes,monocyte,21.4
sample02781,yes,monocyte,15.41
sample02782,yes,monocyte,20.41
sample02783,yes,monocyte,21.78
sample02808,yes,monocyte,20.82
sample02809,yes,monocyte,20.54
sample02810,yes,monocyte,16.22
sample02823,yes,monocyte,23.74
sample02824,yes,monocyte,13.08
sample02825,yes,monocyte,14.91
sample02838,yes,monocyte,14.49
sample02839,yes,monocyte,15.57
sample02840,yes,monocyte,19.24
sample02847,yes,monocyte,18.43
sample02848,yes,monocyte,14.86
sample02849,yes,monocyte,25.89
sample02856,yes,monocyte,13.91
sample02857,yes,monocyte,17.44
sample02858,yes,monocyte,34.07
sample02874,yes,monocyte,20.37
sample02875,yes,monocyte,19.6
sample02876,yes,monocyte,17.06
sample02910,yes,monocyte,14.15
sample02911,yes,monocyte,23.07
sample02912,yes,monocyte,18.73
sample02916,yes,monocyte,19.98
sample02917,yes,monocyte,18.36
sample02918,yes,monocyte,13.17
sample02925,yes,monocyte,16.0
sample02926,yes,monocyte,15.45
sample02927,yes,monocyte,19.29
sample02928,yes,monocyte,20.27
sample02929,yes,monocyte,21.8
sample02930,yes,monocyte,19.52
sample02976,yes,monocyte,13.66
sample02977,yes,monocyte,16.87
sample02978,yes,monocyte,22.84
sample02991,yes,monocyte,22.73
sample02992,yes,monocyte,23.66
sample02993,yes,monocyte,19.16
sample02997,yes,monocyte,23.45
sample02998,yes,monocyte,21.39
sample02999,yes,monocyte,21.28
sample03000,yes,monocyte,19.21
sample03001,yes,monocyte,16.13
sample03002,yes,monocyte,21.86
sample03021,yes,monocyte,21.35
sample03022,yes,monocyte,22.45
sample03023,yes,monocyte,18.91
sample03024,yes,monocyte,25.78
sample03025,yes,monocyte,13.49
sample03026,yes,monocyte,19.76
sample03039,yes,monocyte,15.85
sample03040,yes,monocyte,26.22
sample03041,yes,monocyte,24.98
sample03066,yes,monocyte,19.67
sample03067,yes,monocyte,16.32
sample03068,yes,monocyte,15.39
sample03093,yes,monocyte,19.46
sample03094,yes,monocyte,15.27
sample03095,yes,monocyte,20.06
sample03120,yes,monocyte,20.66
sample03121,yes,monocyte,20.29
sample03122,yes,monocyte,26.44
sample03159,yes,monocyte,16.5
sample03160,yes,monocyte,15.13
sample03161,yes,monocyte,23.64
sample03183,yes,monocyte,20.02
sample03184,yes,monocyte,21.4
sample03185,yes,monocyte,22.73
sample03195,yes,monocyte,17.61
sample03196,yes,monocyte,29.05
sample03197,yes,monocyte,24.7
sample03246,yes,monocyte,15.82
sample03247,yes,monocyte,28.8
sample03248,yes,monocyte,26.74
sample03264,yes,monocyte,28.86
sample03265,yes,monocyte,11.06
sample03266,yes,monocyte,17.64
sample03267,yes,monocyte,18.59
sample03268,yes,monocyte,16.97
sample03269,yes,monocyte,15.44
sample03273,yes,monocyte,23.3
sample03274,yes,monocyte,28.5
sample03275,yes,monocyte,16.8
sample03285,yes,monocyte,15.68
sample03286,yes,monocyte,21.5
sample03287,yes,monocyte,18.95
sample03297,yes,monocyte,14.86
sample03298,yes,monocyte,19.43
sample03299,yes,monocyte,16.99
sample03303,yes,monocyte,24.77
sample03304,yes,monocyte,25.33
sample03305,yes,monocyte,22.82
sample03375,yes,monocyte,12.97
sample03376,yes,monocyte,20.59
sample03377,yes,monocyte,27.48
sample03381,yes,monocyte,14.83
sample03382,yes,monocyte,21.03
sample03383,yes,monocyte,20.24
sample03405,yes,monocyte,21.0
sample03406,yes,monocyte,23.19
sample03407,yes,monocyte,16.35
sample03453,yes,monocyte,23.91
sample03454,yes,monocyte,24.88
sample03455,yes,monocyte,23.03
sample03465,yes,monocyte,17.7
sample03466,yes,monocyte,11.54
sample03467,yes,monocyte,19.73
sample03486,yes,monocyte,17.97
sample03487,yes,monocyte,14.54
sample03488,yes,monocyte,21.59
sample03492,yes,monocyte,18.94
sample03493,yes,monocyte,24.18
sample03494,yes,monocyte,19.62
sample03531,yes,monocyte,27.25
sample03532,yes,monocyte,17.84
sample03533,yes,monocyte,21.67
sample03576,yes,monocyte,31.72
sample03577,yes,monocyte,27.97
sample03578,yes,monocyte,15.33
sample03588,yes,monocyte,19.79
sample03589,yes,monocyte,23.81
sample03590,yes,monocyte,19.29
sample03591,yes,monocyte,15.05
sample03592,yes,monocyte,26.78
sample03593,yes,monocyte,13.92
sample03621,yes,monocyte,24.9
sample03622,yes,monocyte,22.35
sample03623,yes,monocyte,14.13
sample03624,yes,monocyte,12.49
sample03625,yes,monocyte,27.09
sample03626,yes,monocyte,16.94
sample03747,yes,monocyte,22.57
sample03748,yes,monocyte,21.06
sample03749,yes,monocyte,22.03
sample03765,yes,monocyte,15.62
sample03766,yes,monocyte,20.64
sample03767,yes,monocyte,14.39
sample03789,yes,monocyte,21.66
sample03790,yes,monocyte,25.25
sample03791,yes,monocyte,24.17
sample03804,yes,monocyte,24.71
sample03805,yes,monocyte,17.58
sample03806,yes,monocyte,19.29
sample03819,yes,monocyte,16.78
sample03820,yes,monocyte,27.82
sample03821,yes,monocyte,33.69
sample03846,yes,monocyte,19.46
sample03847,yes,monocyte,16.38
sample03848,yes,monocyte,21.03
sample03852,yes,monocyte,19.74
sample03853,yes,monocyte,18.76
sample03854,yes,monocyte,24.29
sample03861,yes,monocyte,14.32
sample03862,yes,monocyte,16.38
sample03863,yes,monocyte,21.06
sample03885,yes,monocyte,22.66
sample03886,yes,monocyte,19.56
sample03887,yes,monocyte,13.7
sample03936,yes,monocyte,10.21
sample03937,yes,monocyte,23.67
sample03938,yes,monocyte,14.4
sample03942,yes,monocyte,22.46
sample03943,yes,monocyte,17.9
sample03944,yes,monocyte,30.7
sample03951,yes,monocyte,16.85
sample03952,yes,monocyte,18.6
sample03953,yes,monocyte,25.35
sample03963,yes,monocyte,18.32
sample03964,yes,monocyte,18.7
sample03965,yes,monocyte,32.55
sample03981,yes,monocyte,19.76
sample03982,yes,monocyte,16.34
sample03983,yes,monocyte,16.61
sample04014,yes,monocyte,14.02
sample04015,yes,monocyte,23.39
sample04016,yes,monocyte,9.26
sample04035,yes,monocyte,23.19
sample04036,yes,monocyte,14.68
sample04037,yes,monocyte,15.61
sample04047,yes,monocyte,24.62
sample04048,yes,monocyte,20.33
sample04049,yes,monocyte,16.82
sample04068,yes,monocyte,21.96
sample04069,yes,monocyte,16.78
sample04070,yes,monocyte,17.33
sample04128,yes,monocyte,18.71
sample04129,yes,monocyte,19.3
sample04130,yes,monocyte,22.2
sample04155,yes,monocyte,16.33
sample04156,yes,monocyte,17.84
sample04157,yes,monocyte,21.45
sample04170,yes,monocyte,16.56
sample04171,yes,monocyte,22.55
sample04172,yes,monocyte,18.49
sample04173,yes,monocyte,29.28
sample04174,yes,monocyte,27.94
sample04175,yes,monocyte,20.32
sample04188,yes,monocyte,17.74
sample04189,yes,monocyte,23.76
sample04190,yes,monocyte,27.6
sample04203,yes,monocyte,20.52
sample04204,yes,monocyte,18.79
sample04205,yes,monocyte,19.4
sample04224,yes,monocyte,21.56
sample04225,yes,monocyte,17.87
sample04226,yes,monocyte,19.27
sample04266,yes,monocyte,19.68
sample04267,yes,monocyte,22.81
sample04268,yes,monocyte,23.58
sample04284,yes,monocyte,17.09
sample04285,yes,monocyte,15.48
sample04286,yes,monocyte,34.09
sample04293,yes,monocyte,28.92
sample04294,yes,monocyte,21.55
sample04295,yes,monocyte,22.51
sample04296,yes,monocyte,15.94
sample04297,yes,monocyte,27.12
sample04298,yes,monocyte,16.0
sample04302,yes,monocyte,19.61
sample04303,yes,monocyte,18.54
sample04304,yes,monocyte,15.66
sample04347,yes,monocyte,18.22
sample04348,yes,monocyte,19.62
sample04349,yes,monocyte,26.29
sample04368,yes,monocyte,34.64
sample04369,yes,monocyte,24.86
sample04370,yes,monocyte,14.96
sample04377,yes,monocyte,21.29
sample04378,yes,monocyte,24.29
sample04379,yes,monocyte,25.02
sample04434,yes,monocyte,14.26
sample04435,yes,monocyte,20.77
sample04436,yes,monocyte,32.69
sample04461,yes,monocyte,30.38
sample04462,yes,monocyte,21.66
sample04463,yes,monocyte,14.82
sample04491,yes,monocyte,16.91
sample04492,yes,monocyte,20.16
sample04493,yes,monocyte,13.88
sample07506,yes,monocyte,15.73
sample07507,yes,monocyte,26.56
sample07508,yes,monocyte,14.83
sample07527,yes,monocyte,16.84
sample07528,yes,monocyte,16.72
sample07529,yes,monocyte,13.65
sample07551,yes,monocyte,27.24
sample07552,yes,monocyte,13.69
sample07553,yes,monocyte,22.4
sample07560,yes,monocyte,14.39
sample07561,yes,monocyte,16.01
sample07562,yes,monocyte,12.6
sample07575,yes,monocyte,23.2
sample07576,yes,monocyte,18.25
sample07577,yes,monocyte,17.01
sample07587,yes,monocyte,25.64
sample07588,yes,monocyte,15.08
sample07589,yes,monocyte,21.69
sample07593,yes,monocyte,24.04
sample07594,yes,monocyte,23.62
sample07595,yes,monocyte,23.64
sample07614,yes,monocyte,18.66
sample07615,yes,monocyte,20.03
sample07616,yes,monocyte,14.62
sample07647,yes,monocyte,15.19
sample07648,yes,monocyte,30.85
sample07649,yes,monocyte,35.53
sample07665,yes,monocyte,25.3
sample07666,yes,monocyte,23.83
sample07667,yes,monocyte,20.63
sample07725,yes,monocyte,20.58
sample07726,yes,monocyte,24.53
sample07727,yes,monocyte,20.78
sample07761,yes,monocyte,21.98
sample07762,yes,monocyte,24.44
sample07763,yes,monocyte,15.08
sample07800,yes,monocyte,13.85
sample07801,yes,monocyte,21.88
sample07802,yes,monocyte,21.98
sample07821,yes,monocyte,23.44
sample07822,yes,monocyte,20.34
sample07823,yes,monocyte,20.41
sample07824,yes,monocyte,27.65
sample07825,yes,monocyte,13.01
sample07826,yes,monocyte,16.59
sample07827,yes,monocyte,13.65
sample07828,yes,monocyte,28.03
sample07829,yes,monocyte,18.08
sample07836,yes,monocyte,22.39
sample07837,yes,monocyte,18.96
sample07838,yes,monocyte,23.82
sample07905,yes,monocyte,21.61
sample07906,yes,monocyte,19.84
sample07907,yes,monocyte,19.91
sample07968,yes,monocyte,23.74
sample07969,yes,monocyte,26.87
sample07970,yes,monocyte,21.69
sample08040,yes,monocyte,15.57
sample08041,yes,monocyte,16.31
sample08042,yes,monocyte,17.33
sample08055,yes,monocyte,15.39
sample08056,yes,monocyte,24.56
sample08057,yes,monocyte,21.46
sample08085,yes,monocyte,17.99
sample08086,yes,monocyte,19.79
sample08087,yes,monocyte,19.85
sample08121,yes,monocyte,13.31
sample08122,yes,monocyte,30.45
sample08123,yes,monocyte,20.05
sample08127,yes,monocyte,11.35
sample08128,yes,monocyte,19.85
sample08129,yes,monocyte,21.6
sample08151,yes,monocyte,17.22
sample08152,yes,monocyte,27.29
sample08153,yes,monocyte,21.77
sample08166,yes,monocyte,29.74
sample08167,yes,monocyte,24.15
sample08168,yes,monocyte,12.24
sample08178,yes,monocyte,8.63
sample08179,yes,monocyte,28.61
sample08180,yes,monocyte,13.73
sample08199,yes,monocyte,18.84
sample08200,yes,monocyte,14.99
sample08201,yes,monocyte,28.98
sample08247,yes,monocyte,20.69
sample08248,yes,monocyte,16.62
sample08249,yes,monocyte,12.58
sample08274,yes,monocyte,21.58
sample08275,yes,monocyte,30.51
sample08276,yes,monocyte,21.47
sample08289,yes,monocyte,19.12
sample08290,yes,monocyte,20.77
sample08291,yes,monocyte,26.93
sample08298,yes,monocyte,16.35
sample08299,yes,monocyte,18.24
sample08300,yes,monocyte,17.37
sample08328,yes,monocyte,26.39
sample08329,yes,monocyte,16.39
sample08330,yes,monocyte,12.71
sample08337,yes,monocyte,16.38
sample08338,yes,monocyte,26.57
sample08339,yes,monocyte,20.6
sample08349,yes,monocyte,10.4
sample08350,yes,monocyte,12.19
sample08351,yes,monocyte,19.96
sample08352,yes,monocyte,23.29
sample08353,yes,monocyte,15.77
sample08354,yes,monocyte,21.19
sample08361,yes,monocyte,12.92
sample08362,yes,monocyte,19.87
sample08363,yes,monocyte,20.44
sample08388,yes,monocyte,26.7
sample08389,yes,monocyte,19.46
sample08390,yes,monocyte,14.98
sample08403,yes,monocyte,22.59
sample08404,yes,monocyte,21.78
sample08405,yes,monocyte,19.1
sample08442,yes,monocyte,18.64
sample08443,yes,monocyte,19.7
sample08444,yes,monocyte,24.81
sample08466,yes,monocyte,16.74
sample08467,yes,monocyte,23.48
sample08468,yes,monocyte,19.91
sample08481,yes,monocyte,20.41
sample08482,yes,monocyte,27.3
sample08483,yes,monocyte,23.13
sample08568,yes,monocyte,21.79
sample08569,yes,monocyte,21.84
sample08570,yes,monocyte,15.26
sample08583,yes,monocyte,17.07
sample08584,yes,monocyte,32.79
sample08585,yes,monocyte,20.88
sample08595,yes,monocyte,19.91
sample08596,yes,monocyte,17.88
sample08597,yes,monocyte,21.2
sample08610,yes,monocyte,17.8
sample08611,yes,monocyte,24.94
sample08612,yes,monocyte,14.51
sample08655,yes,monocyte,27.06
sample08656,yes,monocyte,19.74
sample08657,yes,monocyte,21.43
sample08685,yes,monocyte,26.24
sample08686,yes,monocyte,19.9
sample08687,yes,monocyte,19.76
sample08706,yes,monocyte,15.57
sample08707,yes,monocyte,19.41
sample08708,yes,monocyte,19.12
sample08718,yes,monocyte,13.72
sample08719,yes,monocyte,16.45
sample08720,yes,monocyte,21.65
sample08724,yes,monocyte,27.25
sample08725,yes,monocyte,18.45
sample08726,yes,monocyte,25.09
sample08769,yes,monocyte,23.06
sample08770,yes,monocyte,26.97
sample08771,yes,monocyte,23.01
sample08781,yes,monocyte,18.87
sample08782,yes,monocyte,17.38
sample08783,yes,monocyte,16.71
sample08829,yes,monocyte,15.77
sample08830,yes,monocyte,26.23
sample08831,yes,monocyte,18.84
sample08832,yes,monocyte,26.31
sample08833,yes,monocyte,15.25
sample08834,yes,monocyte,17.82
sample08853,yes,monocyte,20.11
sample08854,yes,monocyte,15.1
sample08855,yes,monocyte,16.77
sample08856,yes,monocyte,23.94
sample08857,yes,monocyte,12.43
sample08858,yes,monocyte,14.97
sample08895,yes,monocyte,26.57
sample08896,yes,monocyte,26.42
sample08897,yes,monocyte,20.61
sample08913,yes,monocyte,15.75
sample08914,yes,monocyte,22.89
sample08915,yes,monocyte,18.28
sample08925,yes,monocyte,27.1
sample08926,yes,monocyte,18.6
sample08927,yes,monocyte,13.44
sample08943,yes,monocyte,20.32
sample08944,yes,monocyte,37.64
sample08945,yes,monocyte,18.53
sample08946,yes,monocyte,20.81
sample08947,yes,monocyte,21.23
sample08948,yes,monocyte,20.45
sample08970,yes,monocyte,17.01
sample08971,yes,monocyte,8.48
sample08972,yes,monocyte,14.57
sample08979,yes,monocyte,17.26
sample08980,yes,monocyte,20.36
sample08981,yes,monocyte,23.89
sample09009,yes,monocyte,21.16
sample09010,yes,monocyte,11.8
sample09011,yes,monocyte,19.03
sample09018,yes,monocyte,15.84
sample09019,yes,monocyte,16.37
sample09020,yes,monocyte,10.8
sample09024,yes,monocyte,15.99
sample09025,yes,monocyte,15.86
sample09026,yes,monocyte,22.82
sample09072,yes,monocyte,22.33
sample09073,yes,monocyte,14.01
sample09074,yes,monocyte,21.22
sample09081,yes,monocyte,15.03
sample09082,yes,monocyte,14.78
sample09083,yes,monocyte,27.52
sample09087,yes,monocyte,17.78
sample09088,yes,monocyte,15.39
sample09089,yes,monocyte,32.01
sample09102,yes,monocyte,9.21
sample09103,yes,monocyte,13.94
sample09104,yes,monocyte,19.99
sample09114,yes,monocyte,23.34
sample09115,yes,monocyte,12.34
sample09116,yes,monocyte,20.41
sample09129,yes,monocyte,23.99
sample09130,yes,monocyte,16.82
sample09131,yes,monocyte,18.02
sample09144,yes,monocyte,23.64
sample09145,yes,monocyte,16.03
sample09146,yes,monocyte,17.3
sample09162,yes,monocyte,22.07
sample09163,yes,monocyte,24.92
sample09164,yes,monocyte,21.17
sample09171,yes,monocyte,15.24
sample09172,yes,monocyte,16.81
sample09173,yes,monocyte,18.3
sample09180,yes,monocyte,19.51
sample09181,yes,monocyte,19.35
sample09182,yes,monocyte,17.42
sample09198,yes,monocyte,20.54
sample09199,yes,monocyte,17.9
sample09200,yes,monocyte,16.61
sample09243,yes,monocyte,17.27
sample09244,yes,monocyte,14.94
sample09245,yes,monocyte,16.74
sample09300,yes,monocyte,14.53
sample09301,yes,monocyte,20.73
sample09302,yes,monocyte,16.88
sample09390,yes,monocyte,20.92
sample09391,yes,monocyte,29.15
sample09392,yes,monocyte,20.07
sample09393,yes,monocyte,15.77
sample09394,yes,monocyte,25.84
sample09395,yes,monocyte,18.1
sample09441,yes,monocyte,16.08
sample09442,yes,monocyte,20.83
sample09443,yes,monocyte,13.62
sample09450,yes,monocyte,16.41
sample09451,yes,monocyte,28.59
sample09452,yes,monocyte,20.34
sample09459,yes,monocyte,19.7
sample09460,yes,monocyte,19.72
sample09461,yes,monocyte,14.26
sample09468,yes,monocyte,13.99
sample09469,yes,monocyte,17.25
sample09470,yes,monocyte,15.87
sample09486,yes,monocyte,29.55
sample09487,yes,monocyte,13.43
sample09488,yes,monocyte,28.01
sample09489,yes,monocyte,16.23
sample09490,yes,monocyte,27.77
sample09491,yes,monocyte,13.81
sample09495,yes,monocyte,15.65
sample09496,yes,monocyte,24.21
sample09497,yes,monocyte,14.78
sample09513,yes,monocyte,17.54
sample09514,yes,monocyte,21.03
sample09515,yes,monocyte,17.61
sample09519,yes,monocyte,22.73
sample09520,yes,monocyte,21.19
sample09521,yes,monocyte,22.67
sample09546,yes,monocyte,17.88
sample09547,yes,monocyte,25.48
sample09548,yes,monocyte,23.45
sample09573,yes,monocyte,14.1
sample09574,yes,monocyte,18.2
sample09575,yes,monocyte,12.75
sample09579,yes,monocyte,21.98
sample09580,yes,monocyte,21.67
sample09581,yes,monocyte,18.26
sample09582,yes,monocyte,19.17
sample09583,yes,monocyte,27.44
sample09584,yes,monocyte,26.08
sample09591,yes,monocyte,20.28
sample09592,yes,monocyte,18.84
sample09593,yes,monocyte,30.35
sample09597,yes,monocyte,27.25
sample09598,yes,monocyte,19.81
sample09599,yes,monocyte,17.91
sample09606,yes,monocyte,17.85
sample09607,yes,monocyte,18.32
sample09608,yes,monocyte,19.96
sample09612,yes,monocyte,17.67
sample09613,yes,monocyte,16.69
sample09614,yes,monocyte,17.66
sample09615,yes,monocyte,16.95
sample09616,yes,monocyte,17.99
sample09617,yes,monocyte,18.43
sample09666,yes,monocyte,22.48
sample09667,yes,monocyte,17.12
sample09668,yes,monocyte,16.68
sample09690,yes,monocyte,14.52
sample09691,yes,monocyte,22.14
sample09692,yes,monocyte,25.01
sample09699,yes,monocyte,17.79
sample09700,yes,monocyte,17.38
sample09701,yes,monocyte,17.0
sample09705,yes,monocyte,14.27
sample09706,yes,monocyte,17.6
sample09707,yes,monocyte,25.17
sample09720,yes,monocyte,30.02
sample09721,yes,monocyte,19.16
sample09722,yes,monocyte,15.91
sample09783,yes,monocyte,25.92
sample09784,yes,monocyte,19.42
sample09785,yes,monocyte,19.13
sample09798,yes,monocyte,21.97
sample09799,yes,monocyte,19.61
sample09800,yes,monocyte,26.36
sample09909,yes,monocyte,22.21
sample09910,yes,monocyte,15.78
sample09911,yes,monocyte,22.91
sample09924,yes,monocyte,20.5
sample09925,yes,monocyte,18.15
sample09926,yes,monocyte,25.08
sample09963,yes,monocyte,16.98
sample09964,yes,monocyte,15.03
sample09965,yes,monocyte,18.02
sample09978,yes,monocyte,18.5
sample09979,yes,monocyte,13.3
sample09980,yes,monocyte,22.62
sample09990,yes,monocyte,21.83
sample09991,yes,monocyte,15.65
sample09992,yes,monocyte,18.97
sample09996,yes,monocyte,17.04
sample09997,yes,monocyte,13.82
sample09998,yes,monocyte,19.82
sample10038,yes,monocyte,36.55
sample10039,yes,monocyte,17.9
sample10040,yes,monocyte,21.09
sample10041,yes,monocyte,18.8
sample10042,yes,monocyte,24.72
sample10043,yes,monocyte,19.73
sample10095,yes,monocyte,23.4
sample10096,yes,monocyte,22.06
sample10097,yes,monocyte,25.24
sample10116,yes,monocyte,17.91
sample10117,yes,monocyte,20.32
sample10118,yes,monocyte,10.97
sample10125,yes,monocyte,22.99
sample10126,yes,monocyte,20.4
sample10127,yes,monocyte,23.15
sample10128,yes,monocyte,16.62
sample10129,yes,monocyte,19.07
sample10130,yes,monocyte,26.39
sample10131,yes,monocyte,20.44
sample10132,yes,monocyte,20.05
sample10133,yes,monocyte,18.96
sample10140,yes,monocyte,24.41
sample10141,yes,monocyte,24.34
sample10142,yes,monocyte,22.68
sample10179,yes,monocyte,17.94
sample10180,yes,monocyte,15.31
sample10181,yes,monocyte,16.69
sample10197,yes,monocyte,17.81
sample10198,yes,monocyte,15.7
sample10199,yes,monocyte,22.23
sample10233,yes,monocyte,22.18
sample10234,yes,monocyte,19.34
sample10235,yes,monocyte,17.16
sample10248,yes,monocyte,15.84
sample10249,yes,monocyte,17.69
sample10250,yes,monocyte,10.36
sample10323,yes,monocyte,18.82
sample10324,yes,monocyte,27.66
sample10325,yes,monocyte,19.62
sample10335,yes,monocyte,23.87
sample10336,yes,monocyte,14.17
sample10337,yes,monocyte,33.18
sample10341,yes,monocyte,17.68
sample10342,yes,monocyte,9.33
sample10343,yes,monocyte,17.87
sample10347,yes,monocyte,17.1
sample10348,yes,monocyte,19.52
sample10349,yes,monocyte,20.48
sample10356,yes,monocyte,18.81
sample10357,yes,monocyte,20.01
sample10358,yes,monocyte,11.57
sample10383,yes,monocyte,17.84
sample10384,yes,monocyte,12.48
sample10385,yes,monocyte,19.84
sample10386,yes,monocyte,19.94
sample10387,yes,monocyte,19.21
sample10388,yes,monocyte,15.12
sample10392,yes,monocyte,26.63
sample10393,yes,monocyte,28.83
sample10394,yes,monocyte,24.32
sample10410,yes,monocyte,21.04
sample10411,yes,monocyte,21.73
sample10412,yes,monocyte,15.86
sample10443,yes,monocyte,19.23
sample10444,yes,monocyte,16.41
sample10445,yes,monocyte,20.34
sample10491,yes,monocyte,16.66
sample10492,yes,monocyte,20.41
sample10493,yes,monocyte,18.67
sample00000,no,nk_cell,14.87
sample00001,no,nk_cell,18.02
sample00002,no,nk_cell,18.83
sample00006,no,nk_cell,12.68
sample00007,no,nk_cell,22.98
sample00008,no,nk_cell,19.51
sample00009,no,nk_cell,18.85
sample00010,no,nk_cell,12.28
sample00011,no,nk_cell,15.05
sample00072,no,nk_cell,17.73
sample00073,no,nk_cell,18.54
sample00074,no,nk_cell,16.87
sample00081,no,nk_cell,15.63
sample00082,no,nk_cell,17.31
sample00083,no,nk_cell,18.63
sample00123,no,nk_cell,16.92
sample00124,no,nk_cell,13.54
sample00125,no,nk_cell,12.36
sample00153,no,nk_cell,17.37
sample00154,no,nk_cell,20.62
sample00155,no,nk_cell,15.25
sample00174,no,nk_cell,21.27
sample00175,no,nk_cell,12.67
sample00176,no,nk_cell,13.41
sample00186,no,nk_cell,14.92
sample00187,no,nk_cell,13.34
sample00188,no,nk_cell,13.79
sample00189,no,nk_cell,10.25
sample00190,no,nk_cell,12.94
sample00191,no,nk_cell,12.55
sample00213,no,nk_cell,15.35
sample00214,no,nk_cell,13.17
sample00215,no,nk_cell,11.39
sample00243,no,nk_cell,17.56
sample00244,no,nk_cell,16.31
sample00245,no,nk_cell,8.94
sample00249,no,nk_cell,15.67
sample00250,no,nk_cell,18.68
sample00251,no,nk_cell,13.97
sample00285,no,nk_cell,11.62
sample00286,no,nk_cell,15.67
sample00287,no,nk_cell,15.64
sample00402,no,nk_cell,10.06
sample00403,no,nk_cell,10.77
sample00404,no,nk_cell,25.8
sample00411,no,nk_cell,14.47
sample00412,no,nk_cell,19.06
sample00413,no,nk_cell,15.51
sample00414,no,nk_cell,19.43
sample00415,no,nk_cell,14.81
sample00416,no,nk_cell,10.79
sample00435,no,nk_cell,13.02
sample00436,no,nk_cell,18.88
sample00437,no,nk_cell,12.16
sample00459,no,nk_cell,18.09
sample00460,no,nk_cell,16.07
sample00461,no,nk_cell,14.37
sample00465,no,nk_cell,19.16
sample00466,no,nk_cell,9.36
sample00467,no,nk_cell,10.15
sample00471,no,nk_cell,13.91
sample00472,no,nk_cell,15.28
sample00473,no,nk_cell,21.42
sample00480,no,nk_cell,24.01
sample00481,no,nk_cell,18.26
sample00482,no,nk_cell,13.28
sample00492,no,nk_cell,15.87
sample00493,no,nk_cell,18.95
sample00494,no,nk_cell,12.55
sample00513,no,nk_cell,12.99
sample00514,no,nk_cell,16.53
sample00515,no,nk_cell,20.89
sample00516,no,nk_cell,15.65
sample00517,no,nk_cell,11.34
sample00518,no,nk_cell,21.44
sample00522,no,nk_cell,18.14
sample00523,no,nk_cell,18.28
sample00524,no,nk_cell,16.19
sample00534,no,nk_cell,17.91
sample00535,no,nk_cell,16.52
sample00536,no,nk_cell,16.6
sample00585,no,nk_cell,12.73
sample00586,no,nk_cell,8.39
sample00587,no,nk_cell,14.24
sample00588,no,nk_cell,18.13
sample00589,no,nk_cell,16.23
sample00590,no,nk_cell,15.72
sample00624,no,nk_cell,12.64
sample00625,no,nk_cell,13.59
sample00626,no,nk_cell,9.27
sample00639,no,nk_cell,11.28
sample00640,no,nk_cell,10.21
sample00641,no,nk_cell,7.2
sample00693,no,nk_cell,18.61
sample00694,no,nk_cell,23.25
sample00695,no,nk_cell,15.59
sample00696,no,nk_cell,15.13
sample00697,no,nk_cell,15.61
sample00698,no,nk_cell,10.15
sample00717,no,nk_cell,12.35
sample00718,no,nk_cell,14.34
sample00719,no,nk_cell,13.9
sample00726,no,nk_cell,19.05
sample00727,no,nk_cell,20.15
sample00728,no,nk_cell,11.74
sample00756,no,nk_cell,12.68
sample00757,no,nk_cell,14.49
sample00758,no,nk_cell,8.39
sample00798,no,nk_cell,14.17
sample00799,no,nk_cell,11.57
sample00800,no,nk_cell,10.74
sample00807,no,nk_cell,19.71
sample00808,no,nk_cell,14.93
sample00809,no,nk_cell,17.57
sample00849,no,nk_cell,13.29
sample00850,no,nk_cell,18.27
sample00851,no,nk_cell,14.11
sample00867,no,nk_cell,21.3
sample00868,no,nk_cell,20.23
sample00869,no,nk_cell,14.55
sample00918,no,nk_cell,13.57
sample00919,no,nk_cell,18.26
sample00920,no,nk_cell,10.92
sample00966,no,nk_cell,15.46
sample00967,no,nk_cell,13.94
sample00968,no,nk_cell,17.01
sample00987,no,nk_cell,10.1
sample00988,no,nk_cell,21.24
sample00989,no,nk_cell,14.46
sample01011,no,nk_cell,17.47
sample01012,no,nk_cell,16.02
sample01013,no,nk_cell,17.28
sample01023,no,nk_cell,16.76
sample01024,no,nk_cell,10.54
sample01025,no,nk_cell,13.83
sample01041,no,nk_cell,19.29
sample01042,no,nk_cell,13.75
sample01043,no,nk_cell,19.48
sample01053,no,nk_cell,22.47
sample01054,no,nk_cell,15.2
sample01055,no,nk_cell,13.27
sample01062,no,nk_cell,15.8
sample01063,no,nk_cell,25.83
sample01064,no,nk_cell,7.59
sample01110,no,nk_cell,14.23
sample01111,no,nk_cell,16.48
sample01112,no,nk_cell,11.09
sample01134,no,nk_cell,11.73
sample01135,no,nk_cell,17.61
sample01136,no,nk_cell,9.62
sample01137,no,nk_cell,14.52
sample01138,no,nk_cell,13.55
sample01139,no,nk_cell,15.91
sample01143,no,nk_cell,13.9
sample01144,no,nk_cell,11.2
sample01145,no,nk_cell,15.46
sample01152,no,nk_cell,13.77
sample01153,no,nk_cell,11.88
sample01154,no,nk_cell,17.98
sample01161,no,nk_cell,13.06
sample01162,no,nk_cell,16.99
sample01163,no,nk_cell,12.57
sample01218,no,nk_cell,17.03
sample01219,no,nk_cell,10.68
sample01220,no,nk_cell,15.62
sample01227,no,nk_cell,28.32
sample01228,no,nk_cell,14.92
sample01229,no,nk_cell,13.55
sample01230,no,nk_cell,15.64
sample01231,no,nk_cell,12.67
sample01232,no,nk_cell,13.12
sample01242,no,nk_cell,15.8
sample01243,no,nk_cell,11.41
sample01244,no,nk_cell,10.81
sample01314,no,nk_cell,19.51
sample01315,no,nk_cell,17.57
sample01316,no,nk_cell,11.57
sample01344,no,nk_cell,15.3
sample01345,no,nk_cell,16.54
sample01346,no,nk_cell,12.41
sample01386,no,nk_cell,17.54
sample01387,no,nk_cell,10.53
sample01388,no,nk_cell,22.4
sample01395,no,nk_cell,21.91
sample01396,no,nk_cell,9.92
sample01397,no,nk_cell,12.3
sample01413,no,nk_cell,16.07
sample01414,no,nk_cell,14.68
sample01415,no,nk_cell,15.0
sample01431,no,nk_cell,16.18
sample01432,no,nk_cell,16.37
sample01433,no,nk_cell,14.27
sample01542,no,nk_cell,17.67
sample01543,no,nk_cell,10.81
sample01544,no,nk_cell,12.56
sample01554,no,nk_cell,16.42
sample01555,no,nk_cell,7.29
sample01556,no,nk_cell,18.43
sample01587,no,nk_cell,10.22
sample01588,no,nk_cell,8.36
sample01589,no,nk_cell,14.66
sample01611,no,nk_cell,10.64
sample01612,no,nk_cell,14.4
sample01613,no,nk_cell,15.02
sample01674,no,nk_cell,23.34
sample01675,no,nk_cell,13.37
sample01676,no,nk_cell,16.97
sample01680,no,nk_cell,14.89
sample01681,no,nk_cell,12.64
sample01682,no,nk_cell,13.59
sample01686,no,nk_cell,14.65
sample01687,no,nk_cell,15.68
sample01688,no,nk_cell,24.88
sample01701,no,nk_cell,11.55
sample01702,no,nk_cell,19.12
sample01703,no,nk_cell,14.72
sample01722,no,nk_cell,14.67
sample01723,no,nk_cell,7.62
sample01724,no,nk_cell,10.64
sample01752,no,nk_cell,10.56
sample01753,no,nk_cell,14.55
sample01754,no,nk_cell,17.8
sample01767,no,nk_cell,9.85
sample01768,no,nk_cell,15.36
sample01769,no,nk_cell,16.14
sample01803,no,nk_cell,13.5
sample01804,no,nk_cell,23.33
sample01805,no,nk_cell,10.75
sample01809,no,nk_cell,12.74
sample01810,no,nk_cell,13.7
sample01811,no,nk_cell,23.41
sample01812,no,nk_cell,13.29
sample01813,no,nk_cell,13.27
sample01814,no,nk_cell,14.31
sample01848,no,nk_cell,16.93
sample01849,no,nk_cell,17.19
sample01850,no,nk_cell,9.74
sample01866,no,nk_cell,14.18
sample01867,no,nk_cell,20.27
sample01868,no,nk_cell,13.97
sample01875,no,nk_cell,17.85
sample01876,no,nk_cell,14.85
sample01877,no,nk_cell,14.95
sample01884,no,nk_cell,21.13
sample01885,no,nk_cell,14.09
sample01886,no,nk_cell,8.71
sample01893,no,nk_cell,19.85
sample01894,no,nk_cell,11.95
sample01895,no,nk_cell,20.07
sample01914,no,nk_cell,12.42
sample01915,no,nk_cell,22.55
sample01916,no,nk_cell,13.13
sample01926,no,nk_cell,11.67
sample01927,no,nk_cell,15.67
sample01928,no,nk_cell,17.47
sample01932,no,nk_cell,20.06
sample01933,no,nk_cell,12.59
sample01934,no,nk_cell,11.57
sample01968,no,nk_cell,13.18
sample01969,no,nk_cell,19.01
sample01970,no,nk_cell,15.78
sample01986,no,nk_cell,13.88
sample01987,no,nk_cell,20.81
sample01988,no,nk_cell,17.09
sample01992,no,nk_cell,19.01
sample01993,no,nk_cell,12.08
sample01994,no,nk_cell,13.64
sample02010,no,nk_cell,18.83
sample02011,no,nk_cell,7.84
sample02012,no,nk_cell,10.82
sample02016,no,nk_cell,15.09
sample02017,no,nk_cell,9.47
sample02018,no,nk_cell,11.17
sample02040,no,nk_cell,12.13
sample02041,no,nk_cell,17.14
sample02042,no,nk_cell,13.11
sample02046,no,nk_cell,10.4
sample02047,no,nk_cell,22.83
sample02048,no,nk_cell,9.3
sample02061,no,nk_cell,12.29
sample02062,no,nk_cell,20.61
sample02063,no,nk_cell,15.83
sample02109,no,nk_cell,10.74
sample02110,no,nk_cell,18.39
sample02111,no,nk_cell,11.02
sample02148,no,nk_cell,17.81
sample02149,no,nk_cell,20.03
sample02150,no,nk_cell,15.87
sample02169,no,nk_cell,8.07
sample02170,no,nk_cell,15.83
sample02171,no,nk_cell,14.59
sample02205,no,nk_cell,18.48
sample02206,no,nk_cell,12.5
sample02207,no,nk_cell,13.05
sample02214,no,nk_cell,15.27
sample02215,no,nk_cell,16.0
sample02216,no,nk_cell,13.33
sample02232,no,nk_cell,13.42
sample02233,no,nk_cell,12.41
sample02234,no,nk_cell,17.54
sample02253,no,nk_cell,10.04
sample02254,no,nk_cell,15.83
sample02255,no,nk_cell,14.1
sample02286,no,nk_cell,18.51
sample02287,no,nk_cell,15.74
sample02288,no,nk_cell,21.63
sample02289,no,nk_cell,12.43
sample02290,no,nk_cell,7.02
sample02291,no,nk_cell,19.39
sample02319,no,nk_cell,20.18
sample02320,no,nk_cell,12.39
sample02321,no,nk_cell,14.78
sample02334,no,nk_cell,13.12
sample02335,no,nk_cell,9.81
sample02336,no,nk_cell,12.83
sample02355,no,nk_cell,12.14
sample02356,no,nk_cell,14.44
sample02357,no,nk_cell,11.48
sample02364,no,nk_cell,17.14
sample02365,no,nk_cell,17.4
sample02366,no,nk_cell,15.05
sample02412,no,nk_cell,22.6
sample02413,no,nk_cell,19.31
sample02414,no,nk_cell,22.07
sample02430,no,nk_cell,19.41
sample02431,no,nk_cell,14.37
sample02432,no,nk_cell,21.01
sample02436,no,nk_cell,14.91
sample02437,no,nk_cell,10.98
sample02438,no,nk_cell,12.25
sample02478,no,nk_cell,10.04
sample02479,no,nk_cell,20.55
sample02480,no,nk_cell,15.56
sample02541,no,nk_cell,15.42
sample02542,no,nk_cell,10.69
sample02543,no,nk_cell,18.59
sample02583,no,nk_cell,12.07
sample02584,no,nk_cell,18.58
sample02585,no,nk_cell,12.5
sample02592,no,nk_cell,17.29
sample02593,no,nk_cell,8.26
sample02594,no,nk_cell,10.13
sample02619,no,nk_cell,12.96
sample02620,no,nk_cell,10.14
sample02621,no,nk_cell,15.36
sample02646,no,nk_cell,19.73
sample02647,no,nk_cell,13.14
sample02648,no,nk_cell,9.53
sample02661,no,nk_cell,17.7
sample02662,no,nk_cell,11.06
sample02663,no,nk_cell,13.14
sample02664,no,nk_cell,13.48
sample02665,no,nk_cell,17.24
sample02666,no,nk_cell,19.96
sample02667,no,nk_cell,11.47
sample02668,no,nk_cell,14.8
sample02669,no,nk_cell,20.76
sample02682,no,nk_cell,24.19
sample02683,no,nk_cell,11.11
sample02684,no,nk_cell,17.35
sample02700,no,nk_cell,16.48
sample02701,no,nk_cell,13.02
sample02702,no,nk_cell,12.3
sample02706,no,nk_cell,15.32
sample02707,no,nk_cell,9.08
sample02708,no,nk_cell,14.23
sample02718,no,nk_cell,13.11
sample02719,no,nk_cell,15.82
sample02720,no,nk_cell,9.59
sample02742,no,nk_cell,18.95
sample02743,no,nk_cell,8.02
sample02744,no,nk_cell,14.61
sample02775,no,nk_cell,13.55
sample02776,no,nk_cell,14.17
sample02777,no,nk_cell,12.41
sample02799,no,nk_cell,10.06
sample02800,no,nk_cell,18.38
sample02801,no,nk_cell,17.07
sample02811,no,nk_cell,10.53
sample02812,no,nk_cell,12.18
sample02813,no,nk_cell,16.19
sample02829,no,nk_cell,12.47
sample02830,no,nk_cell,18.36
sample02831,no,nk_cell,9.19
sample02886,no,nk_cell,13.81
sample02887,no,nk_cell,15.5
sample02888,no,nk_cell,20.2
sample02889,no,nk_cell,13.27
sample02890,no,nk_cell,19.1
sample02891,no,nk_cell,8.8
sample02901,no,nk_cell,17.41
sample02902,no,nk_cell,12.4
sample02903,no,nk_cell,15.34
sample02961,no,nk_cell,10.98
sample02962,no,nk_cell,19.62
sample02963,no,nk_cell,19.78
sample02970,no,nk_cell,9.02
sample02971,no,nk_cell,19.28
sample02972,no,nk_cell,14.96
sample03006,no,nk_cell,10.8
sample03007,no,nk_cell,14.58
sample03008,no,nk_cell,17.22
sample03030,no,nk_cell,13.78
sample03031,no,nk_cell,11.8
sample03032,no,nk_cell,6.47
sample03051,no,nk_cell,17.4
sample03052,no,nk_cell,15.29
sample03053,no,nk_cell,14.58
sample03096,no,nk_cell,9.55
sample03097,no,nk_cell,11.7
sample03098,no,nk_cell,24.0
sample03108,no,nk_cell,14.41
sample03109,no,nk_cell,11.08
sample03110,no,nk_cell,15.09
sample03132,no,nk_cell,19.09
sample03133,no,nk_cell,11.51
sample03134,no,nk_cell,20.83
sample03186,no,nk_cell,9.32
sample03187,no,nk_cell,11.5
sample03188,no,nk_cell,13.89
sample03198,no,nk_cell,12.91
sample03199,no,nk_cell,16.16
sample03200,no,nk_cell,13.68
sample03213,no,nk_cell,18.73
sample03214,no,nk_cell,19.38
sample03215,no,nk_cell,17.03
sample03252,no,nk_cell,22.88
sample03253,no,nk_cell,15.58
sample03254,no,nk_cell,11.23
sample03258,no,nk_cell,12.14
sample03259,no,nk_cell,14.95
sample03260,no,nk_cell,14.5
sample03318,no,nk_cell,18.27
sample03319,no,nk_cell,12.14
sample03320,no,nk_cell,10.24
sample03321,no,nk_cell,24.89
sample03322,no,nk_cell,16.29
sample03323,no,nk_cell,12.83
sample03333,no,nk_cell,11.57
sample03334,no,nk_cell,18.53
sample03335,no,nk_cell,13.28
sample03363,no,nk_cell,25.45
sample03364,no,nk_cell,6.34
sample03365,no,nk_cell,12.86
sample03384,no,nk_cell,13.3
sample03385,no,nk_cell,10.85
sample03386,no,nk_cell,15.12
sample03390,no,nk_cell,19.51
sample03391,no,nk_cell,13.0
sample03392,no,nk_cell,16.99
sample03402,no,nk_cell,16.07
sample03403,no,nk_cell,10.77
sample03404,no,nk_cell,19.91
sample03414,no,nk_cell,14.55
sample03415,no,nk_cell,14.29
sample03416,no,nk_cell,10.89
sample03420,no,nk_cell,8.14
sample03421,no,nk_cell,18.96
sample03422,no,nk_cell,20.43
sample03432,no,nk_cell,17.35
sample03433,no,nk_cell,15.57
sample03434,no,nk_cell,14.23
sample03474,no,nk_cell,13.54
sample03475,no,nk_cell,17.83
sample03476,no,nk_cell,12.37
sample03489,no,nk_cell,14.51
sample03490,no,nk_cell,14.07
sample03491,no,nk_cell,7.37
sample03552,no,nk_cell,15.94
sample03553,no,nk_cell,15.48
sample03554,no,nk_cell,13.4
sample03579,no,nk_cell,12.95
sample03580,no,nk_cell,14.04
sample03581,no,nk_cell,18.15
sample03615,no,nk_cell,12.8
sample03616,no,nk_cell,16.34
sample03617,no,nk_cell,12.57
sample03633,no,nk_cell,16.6
sample03634,no,nk_cell,10.71
sample03635,no,nk_cell,18.24
sample03666,no,nk_cell,9.87
sample03667,no,nk_cell,14.08
sample03668,no,nk_cell,15.1
sample03681,no,nk_cell,13.36
sample03682,no,nk_cell,20.93
sample03683,no,nk_cell,15.62
sample03684,no,nk_cell,14.77
sample03685,no,nk_cell,21.89
sample03686,no,nk_cell,16.79
sample03699,no,nk_cell,12.24
sample03700,no,nk_cell,11.03
sample03701,no,nk_cell,15.61
sample03717,no,nk_cell,13.58
sample03718,no,nk_cell,20.79
sample03719,no,nk_cell,9.69
sample03720,no,nk_cell,16.56
sample03721,no,nk_cell,16.53
sample03722,no,nk_cell,10.66
sample03738,no,nk_cell,14.02
sample03739,no,nk_cell,16.24
sample03740,no,nk_cell,12.61
sample03768,no,nk_cell,18.05
sample03769,no,nk_cell,9.72
sample03770,no,nk_cell,10.57
sample03774,no,nk_cell,24.91
sample03775,no,nk_cell,23.3
sample03776,no,nk_cell,10.29
sample03816,no,nk_cell,21.69
sample03817,no,nk_cell,15.21
sample03818,no,nk_cell,11.67
sample03891,no,nk_cell,15.34
sample03892,no,nk_cell,10.9
sample03893,no,nk_cell,16.15
sample03939,no,nk_cell,11.48
sample03940,no,nk_cell,19.5
sample03941,no,nk_cell,18.24
sample03972,no,nk_cell,11.4
sample03973,no,nk_cell,19.56
sample03974,no,nk_cell,20.63
sample04062,no,nk_cell,16.14
sample04063,no,nk_cell,14.36
sample04064,no,nk_cell,16.03
sample04074,no,nk_cell,19.84
sample04075,no,nk_cell,14.89
sample04076,no,nk_cell,18.66
sample04095,no,nk_cell,14.04
sample04096,no,nk_cell,14.07
sample04097,no,nk_cell,13.03
sample04134,no,nk_cell,12.02
sample04135,no,nk_cell,8.91
sample04136,no,nk_cell,15.53
sample04143,no,nk_cell,13.7
sample04144,no,nk_cell,19.86
sample04145,no,nk_cell,21.47
sample04182,no,nk_cell,15.27
sample04183,no,nk_cell,18.52
sample04184,no,nk_cell,9.84
sample04191,no,nk_cell,14.99
sample04192,no,nk_cell,21.3
sample04193,no,nk_cell,13.99
sample04200,no,nk_cell,8.23
sample04201,no,nk_cell,12.06
sample04202,no,nk_cell,18.45
sample04206,no,nk_cell,16.61
sample04207,no,nk_cell,17.45
sample04208,no,nk_cell,12.68
sample04209,no,nk_cell,16.75
sample04210,no,nk_cell,11.18
sample04211,no,nk_cell,20.34
sample04278,no,nk_cell,12.27
sample04279,no,nk_cell,16.32
sample04280,no,nk_cell,13.05
sample04308,no,nk_cell,21.34
sample04309,no,nk_cell,18.44
sample04310,no,nk_cell,13.88
sample04338,no,nk_cell,10.36
sample04339,no,nk_cell,21.87
sample04340,no,nk_cell,15.03
sample04419,no,nk_cell,15.63
sample04420,no,nk_cell,20.69
sample04421,no,nk_cell,16.2
sample04428,no,nk_cell,12.61
sample04429,no,nk_cell,14.09
sample04430,no,nk_cell,10.51
sample04449,no,nk_cell,18.97
sample04450,no,nk_cell,9.87
sample04451,no,nk_cell,19.87
sample07503,no,nk_cell,17.86
sample07504,no,nk_cell,21.18
sample07505,no,nk_cell,14.45
sample07515,no,nk_cell,14.89
sample07516,no,nk_cell,19.15
sample07517,no,nk_cell,19.31
sample07542,no,nk_cell,10.76
sample07543,no,nk_cell,22.47
sample07544,no,nk_cell,9.01
sample07620,no,nk_cell,19.46
sample07621,no,nk_cell,20.03
sample07622,no,nk_cell,18.86
sample07632,no,nk_cell,16.35
sample07633,no,nk_cell,12.96
sample07634,no,nk_cell,12.35
sample07644,no,nk_cell,16.83
sample07645,no,nk_cell,16.67
sample07646,no,nk_cell,20.05
sample07653,no,nk_cell,15.56
sample07654,no,nk_cell,9.92
sample07655,no,nk_cell,17.47
sample07674,no,nk_cell,14.99
sample07675,no,nk_cell,12.07
sample07676,no,nk_cell,19.13
sample07698,no,nk_cell,22.12
sample07699,no,nk_cell,14.67
sample07700,no,nk_cell,17.88
sample07710,no,nk_cell,16.38
sample07711,no,nk_cell,13.96
sample07712,no,nk_cell,10.87
sample07722,no,nk_cell,11.66
sample07723,no,nk_cell,17.81
sample07724,no,nk_cell,11.99
sample07734,no,nk_cell,10.94
sample07735,no,nk_cell,20.29
sample07736,no,nk_cell,19.41
sample07746,no,nk_cell,16.94
sample07747,no,nk_cell,14.71
sample07748,no,nk_cell,14.27
sample07809,no,nk_cell,14.92
sample07810,no,nk_cell,19.37
sample07811,no,nk_cell,14.95
sample07815,no,nk_cell,15.7
sample07816,no,nk_cell,11.11
sample07817,no,nk_cell,22.58
sample07818,no,nk_cell,18.49
sample07819,no,nk_cell,12.84
sample07820,no,nk_cell,12.02
sample07833,no,nk_cell,11.43
sample07834,no,nk_cell,17.88
sample07835,no,nk_cell,19.98
sample07872,no,nk_cell,11.89
sample07873,no,nk_cell,20.83
sample07874,no,nk_cell,9.58
sample07899,no,nk_cell,14.07
sample07900,no,nk_cell,19.9
sample07901,no,nk_cell,19.32
sample07926,no,nk_cell,14.36
sample07927,no,nk_cell,13.15
sample07928,no,nk_cell,14.25
sample07929,no,nk_cell,13.29
sample07930,no,nk_cell,9.93
sample07931,no,nk_cell,10.53
sample07932,no,nk_cell,13.26
sample07933,no,nk_cell,19.6
sample07934,no,nk_cell,21.34
sample07941,no,nk_cell,13.76
sample07942,no,nk_cell,19.11
sample07943,no,nk_cell,12.77
sample07959,no,nk_cell,19.75
sample07960,no,nk_cell,22.1
sample07961,no,nk_cell,18.43
sample08004,no,nk_cell,19.59
sample08005,no,nk_cell,17.32
sample08006,no,nk_cell,10.64
sample08013,no,nk_cell,13.13
sample08014,no,nk_cell,20.68
sample08015,no,nk_cell,15.55
sample08028,no,nk_cell,14.43
sample08029,no,nk_cell,17.68
sample08030,no,nk_cell,15.37
sample08049,no,nk_cell,10.71
sample08050,no,nk_cell,9.35
sample08051,no,nk_cell,14.9
sample08064,no,nk_cell,12.8
sample08065,no,nk_cell,12.64
sample08066,no,nk_cell,15.58
sample08076,no,nk_cell,16.94
sample08077,no,nk_cell,14.89
sample08078,no,nk_cell,24.22
sample08118,no,nk_cell,10.19
sample08119,no,nk_cell,12.77
sample08120,no,nk_cell,12.67
sample08133,no,nk_cell,14.6
sample08134,no,nk_cell,16.21
sample08135,no,nk_cell,15.04
sample08142,no,nk_cell,13.79
sample08143,no,nk_cell,18.75
sample08144,no,nk_cell,9.9
sample08160,no,nk_cell,23.38
sample08161,no,nk_cell,10.06
sample08162,no,nk_cell,17.93
sample08184,no,nk_cell,13.28
sample08185,no,nk_cell,10.78
sample08186,no,nk_cell,30.26
sample08214,no,nk_cell,18.41
sample08215,no,nk_cell,16.23
sample08216,no,nk_cell,10.32
sample08277,no,nk_cell,11.71
sample08278,no,nk_cell,11.4
sample08279,no,nk_cell,18.42
sample08304,no,nk_cell,14.81
sample08305,no,nk_cell,20.29
sample08306,no,nk_cell,13.16
sample08313,no,nk_cell,16.85
sample08314,no,nk_cell,13.75
sample08315,no,nk_cell,16.48
sample08325,no,nk_cell,15.64
sample08326,no,nk_cell,16.64
sample08327,no,nk_cell,13.77
sample08331,no,nk_cell,11.87
sample08332,no,nk_cell,22.14
sample08333,no,nk_cell,17.46
sample08334,no,nk_cell,15.15
sample08335,no,nk_cell,13.52
sample08336,no,nk_cell,16.66
sample08367,no,nk_cell,16.76
sample08368,no,nk_cell,19.81
sample08369,no,nk_cell,14.98
sample08397,no,nk_cell,14.56
sample08398,no,nk_cell,19.89
sample08399,no,nk_cell,8.96
sample08412,no,nk_cell,20.99
sample08413,no,nk_cell,14.8
sample08414,no,nk_cell,14.95
sample08415,no,nk_cell,13.14
sample08416,no,nk_cell,18.9
sample08417,no,nk_cell,20.19
sample08421,no,nk_cell,13.76
sample08422,no,nk_cell,18.53
sample08423,no,nk_cell,12.42
sample08433,no,nk_cell,16.28
sample08434,no,nk_cell,10.92
sample08435,no,nk_cell,17.09
sample08436,no,nk_cell,20.03
sample08437,no,nk_cell,13.2
sample08438,no,nk_cell,24.8
sample08439,no,nk_cell,10.68
sample08440,no,nk_cell,12.97
sample08441,no,nk_cell,13.74
sample08460,no,nk_cell,14.85
sample08461,no,nk_cell,16.5
sample08462,no,nk_cell,16.16
sample08472,no,nk_cell,11.69
sample08473,no,nk_cell,12.84
sample08474,no,nk_cell,12.34
sample08493,no,nk_cell,17.62
sample08494,no,nk_cell,14.64
sample08495,no,nk_cell,12.34
sample08502,no,nk_cell,16.51
sample08503,no,nk_cell,12.07
sample08504,no,nk_cell,18.93
sample08520,no,nk_cell,11.57
sample08521,no,nk_cell,15.02
sample08522,no,nk_cell,18.79
sample08526,no,nk_cell,5.63
sample08527,no,nk_cell,13.24
sample08528,no,nk_cell,18.99
sample08541,no,nk_cell,13.86
sample08542,no,nk_cell,11.96
sample08543,no,nk_cell,10.95
sample08556,no,nk_cell,15.19
sample08557,no,nk_cell,14.92
sample08558,no,nk_cell,20.46
sample08559,no,nk_cell,17.7
sample08560,no,nk_cell,13.32
sample08561,no,nk_cell,13.85
sample08589,no,nk_cell,15.87
sample08590,no,nk_cell,16.97
sample08591,no,nk_cell,11.13
sample08637,no,nk_cell,20.64
sample08638,no,nk_cell,23.3
sample08639,no,nk_cell,10.18
sample08661,no,nk_cell,8.29
sample08662,no,nk_cell,14.06
sample08663,no,nk_cell,15.21
sample08664,no,nk_cell,16.92
sample08665,no,nk_cell,12.06
sample08666,no,nk_cell,16.96
sample08712,no,nk_cell,17.26
sample08713,no,nk_cell,12.79
sample08714,no,nk_cell,13.08
sample08730,no,nk_cell,14.75
sample08731,no,nk_cell,9.73
sample08732,no,nk_cell,21.01
sample08751,no,nk_cell,12.58
sample08752,no,nk_cell,11.58
sample08753,no,nk_cell,19.31
sample08763,no,nk_cell,9.21
sample08764,no,nk_cell,11.97
sample08765,no,nk_cell,7.3
sample08805,no,nk_cell,14.63
sample08806,no,nk_cell,17.45
sample08807,no,nk_cell,10.69
sample08874,no,nk_cell,15.59
sample08875,no,nk_cell,13.47
sample08876,no,nk_cell,13.1
sample08919,no,nk_cell,16.62
sample08920,no,nk_cell,14.87
sample08921,no,nk_cell,16.67
sample08952,no,nk_cell,14.8
sample08953,no,nk_cell,22.96
sample08954,no,nk_cell,14.04
sample08958,no,nk_cell,10.13
sample08959,no,nk_cell,14.46
sample08960,no,nk_cell,15.4
sample08967,no,nk_cell,23.88
sample08968,no,nk_cell,9.96
sample08969,no,nk_cell,13.32
sample08976,no,nk_cell,16.88
sample08977,no,nk_cell,13.22
sample08978,no,nk_cell,14.7
sample09003,no,nk_cell,17.99
sample09004,no,nk_cell,9.84
sample09005,no,nk_cell,18.26
sample09030,no,nk_cell,15.98
sample09031,no,nk_cell,16.73
sample09032,no,nk_cell,12.94
sample09036,no,nk_cell,14.03
sample09037,no,nk_cell,18.95
sample09038,no,nk_cell,16.57
sample09039,no,nk_cell,19.54
sample09040,no,nk_cell,19.04
sample09041,no,nk_cell,19.08
sample09048,no,nk_cell,17.74
sample09049,no,nk_cell,12.32
sample09050,no,nk_cell,13.44
sample09060,no,nk_cell,11.48
sample09061,no,nk_cell,13.45
sample09062,no,nk_cell,14.84
sample09066,no,nk_cell,15.72
sample09067,no,nk_cell,21.83
sample09068,no,nk_cell,10.97
sample09150,no,nk_cell,9.03
sample09151,no,nk_cell,14.21
sample09152,no,nk_cell,9.08
sample09159,no,nk_cell,15.17
sample09160,no,nk_cell,14.57
sample09161,no,nk_cell,11.21
sample09183,no,nk_cell,13.94
sample09184,no,nk_cell,13.21
sample09185,no,nk_cell,7.4
sample09213,no,nk_cell,11.76
sample09214,no,nk_cell,11.97
sample09215,no,nk_cell,26.48
sample09246,no,nk_cell,13.91
sample09247,no,nk_cell,16.51
sample09248,no,nk_cell,13.19
sample09249,no,nk_cell,14.63
sample09250,no,nk_cell,13.58
sample09251,no,nk_cell,8.12
sample09288,no,nk_cell,12.44
sample09289,no,nk_cell,9.28
sample09290,no,nk_cell,20.59
sample09294,no,nk_cell,10.86
sample09295,no,nk_cell,10.68
sample09296,no,nk_cell,24.27
sample09303,no,nk_cell,12.92
sample09304,no,nk_cell,9.9
sample09305,no,nk_cell,18.21
sample09354,no,nk_cell,19.64
sample09355,no,nk_cell,15.69
sample09356,no,nk_cell,16.4
sample09363,no,nk_cell,12.48
sample09364,no,nk_cell,17.94
sample09365,no,nk_cell,24.72
sample09378,no,nk_cell,12.36
sample09379,no,nk_cell,16.9
sample09380,no,nk_cell,15.19
sample09384,no,nk_cell,12.04
sample09385,no,nk_cell,13.49
sample09386,no,nk_cell,18.95
sample09387,no,nk_cell,13.07
sample09388,no,nk_cell,21.34
sample09389,no,nk_cell,14.07
sample09414,no,nk_cell,9.15
sample09415,no,nk_cell,15.49
sample09416,no,nk_cell,14.65
sample09420,no,nk_cell,20.33
sample09421,no,nk_cell,12.48
sample09422,no,nk_cell,13.28
sample09429,no,nk_cell,14.41
sample09430,no,nk_cell,12.94
sample09431,no,nk_cell,13.89
sample09432,no,nk_cell,15.9
sample09433,no,nk_cell,16.58
sample09434,no,nk_cell,12.29
sample09477,no,nk_cell,12.16
sample09478,no,nk_cell,19.86
sample09479,no,nk_cell,12.62
sample09483,no,nk_cell,15.64
sample09484,no,nk_cell,8.73
sample09485,no,nk_cell,11.06
sample09492,no,nk_cell,16.2
sample09493,no,nk_cell,9.62
sample09494,no,nk_cell,16.75
sample09555,no,nk_cell,8.99
sample09556,no,nk_cell,19.76
sample09557,no,nk_cell,11.37
sample09567,no,nk_cell,19.17
sample09568,no,nk_cell,19.71
sample09569,no,nk_cell,13.72
sample09585,no,nk_cell,13.91
sample09586,no,nk_cell,8.99
sample09587,no,nk_cell,8.77
sample09588,no,nk_cell,11.86
sample09589,no,nk_cell,15.95
sample09590,no,nk_cell,15.32
sample09627,no,nk_cell,12.88
sample09628,no,nk_cell,14.99
sample09629,no,nk_cell,14.89
sample09657,no,nk_cell,11.44
sample09658,no,nk_cell,14.82
sample09659,no,nk_cell,20.79
sample09672,no,nk_cell,18.32
sample09673,no,nk_cell,10.78
sample09674,no,nk_cell,18.3
sample09744,no,nk_cell,15.46
sample09745,no,nk_cell,12.96
sample09746,no,nk_cell,23.88
sample09756,no,nk_cell,16.54
sample09757,no,nk_cell,16.11
sample09758,no,nk_cell,16.06
sample09762,no,nk_cell,16.61
sample09763,no,nk_cell,10.47
sample09764,no,nk_cell,17.8
sample09813,no,nk_cell,20.41
sample09814,no,nk_cell,14.16
sample09815,no,nk_cell,11.53
sample09816,no,nk_cell,15.73
sample09817,no,nk_cell,12.84
sample09818,no,nk_cell,20.63
sample09870,no,nk_cell,15.29
sample09871,no,nk_cell,10.78
sample09872,no,nk_cell,14.45
sample09873,no,nk_cell,16.66
sample09874,no,nk_cell,24.14
sample09875,no,nk_cell,14.55
sample09894,no,nk_cell,16.54
sample09895,no,nk_cell,8.23
sample09896,no,nk_cell,10.85
sample09900,no,nk_cell,14.03
sample09901,no,nk_cell,15.04
sample09902,no,nk_cell,11.22
sample09903,no,nk_cell,13.19
sample09904,no,nk_cell,17.53
sample09905,no,nk_cell,19.03
sample09912,no,nk_cell,20.27
sample09913,no,nk_cell,20.05
sample09914,no,nk_cell,18.46
sample09918,no,nk_cell,12.33
sample09919,no,nk_cell,13.35
sample09920,no,nk_cell,11.52
sample09987,no,nk_cell,15.04
sample09988,no,nk_cell,7.59
sample09989,no,nk_cell,10.11
sample09999,no,nk_cell,18.4
sample10000,no,nk_cell,12.92
sample10001,no,nk_cell,18.1
sample10068,no,nk_cell,12.89
sample10069,no,nk_cell,13.32
sample10070,no,nk_cell,11.2
sample10089,no,nk_cell,16.68
sample10090,no,nk_cell,10.37
sample10091,no,nk_cell,15.35
sample10191,no,nk_cell,15.05
sample10192,no,nk_cell,13.49
sample10193,no,nk_cell,17.23
sample10230,no,nk_cell,18.39
sample10231,no,nk_cell,11.64
sample10232,no,nk_cell,16.7
sample10251,no,nk_cell,16.08
sample10252,no,nk_cell,13.57
sample10253,no,nk_cell,15.44
sample10266,no,nk_cell,14.83
sample10267,no,nk_cell,14.61
sample10268,no,nk_cell,15.65
sample10305,no,nk_cell,14.79
sample10306,no,nk_cell,13.88
sample10307,no,nk_cell,8.24
sample10320,no,nk_cell,16.59
sample10321,no,nk_cell,12.89
sample10322,no,nk_cell,20.4
sample10395,no,nk_cell,12.81
sample10396,no,nk_cell,16.39
sample10397,no,nk_cell,18.77
sample10416,no,nk_cell,14.53
sample10417,no,nk_cell,22.92
sample10418,no,nk_cell,6.94
sample10455,no,nk_cell,18.91
sample10456,no,nk_cell,16.04
sample10457,no,nk_cell,11.41
sample10470,no,nk_cell,11.65
sample10471,no,nk_cell,21.67
sample10472,no,nk_cell,12.2
sample10473,no,nk_cell,13.2
sample10474,no,nk_cell,12.24
sample10475,no,nk_cell,16.15
sample00024,yes,nk_cell,19.69
sample00025,yes,nk_cell,21.25
sample00026,yes,nk_cell,14.54
sample00060,yes,nk_cell,14.06
sample00061,yes,nk_cell,14.3
sample00062,yes,nk_cell,18.37
sample00066,yes,nk_cell,12.98
sample00067,yes,nk_cell,19.89
sample00068,yes,nk_cell,6.71
sample00075,yes,nk_cell,14.31
sample00076,yes,nk_cell,14.26
sample00077,yes,nk_cell,15.75
sample00141,yes,nk_cell,12.7
sample00142,yes,nk_cell,12.25
sample00143,yes,nk_cell,20.35
sample00165,yes,nk_cell,21.4
sample00166,yes,nk_cell,19.46
sample00167,yes,nk_cell,11.9
sample00168,yes,nk_cell,18.2
sample00169,yes,nk_cell,15.65
sample00170,yes,nk_cell,14.4
sample00261,yes,nk_cell,12.99
sample00262,yes,nk_cell,13.43
sample00263,yes,nk_cell,20.95
sample00324,yes,nk_cell,23.33
sample00325,yes,nk_cell,17.75
sample00326,yes,nk_cell,11.73
sample00327,yes,nk_cell,15.94
sample00328,yes,nk_cell,16.73
sample00329,yes,nk_cell,18.16
sample00333,yes,nk_cell,5.77
sample00334,yes,nk_cell,13.01
sample00335,yes,nk_cell,12.83
sample00369,yes,nk_cell,10.2
sample00370,yes,nk_cell,14.15
sample00371,yes,nk_cell,16.75
sample00378,yes,nk_cell,17.97
sample00379,yes,nk_cell,12.1
sample00380,yes,nk_cell,15.17
sample00426,yes,nk_cell,11.53
sample00427,yes,nk_cell,14.78
sample00428,yes,nk_cell,15.96
sample00447,yes,nk_cell,15.95
sample00448,yes,nk_cell,11.17
sample00449,yes,nk_cell,18.31
sample00483,yes,nk_cell,16.66
sample00484,yes,nk_cell,8.5
sample00485,yes,nk_cell,15.35
sample00498,yes,nk_cell,18.26
sample00499,yes,nk_cell,14.31
sample00500,yes,nk_cell,14.24
sample00510,yes,nk_cell,10.44
sample00511,yes,nk_cell,10.97
sample00512,yes,nk_cell,8.58
sample00537,yes,nk_cell,9.91
sample00538,yes,nk_cell,16.01
sample00539,yes,nk_cell,11.67
sample00543,yes,nk_cell,11.07
sample00544,yes,nk_cell,16.55
sample00545,yes,nk_cell,9.77
sample00555,yes,nk_cell,16.72
sample00556,yes,nk_cell,18.86
sample00557,yes,nk_cell,14.35
sample00564,yes,nk_cell,18.31
sample00565,yes,nk_cell,17.28
sample00566,yes,nk_cell,12.0
sample00621,yes,nk_cell,23.12
sample00622,yes,nk_cell,17.44
sample00623,yes,nk_cell,16.36
sample00630,yes,nk_cell,22.28
sample00631,yes,nk_cell,13.08
sample00632,yes,nk_cell,8.32
sample00660,yes,nk_cell,19.74
sample00661,yes,nk_cell,18.57
sample00662,yes,nk_cell,16.89
sample00675,yes,nk_cell,21.55
sample00676,yes,nk_cell,15.42
sample00677,yes,nk_cell,9.88
sample00714,yes,nk_cell,12.53
sample00715,yes,nk_cell,16.36
sample00716,yes,nk_cell,14.15
sample00753,yes,nk_cell,10.25
sample00754,yes,nk_cell,11.08
sample00755,yes,nk_cell,19.95
sample00825,yes,nk_cell,15.45
sample00826,yes,nk_cell,15.84
sample00827,yes,nk_cell,13.88
sample00840,yes,nk_cell,19.44
sample00841,yes,nk_cell,19.76
sample00842,yes,nk_cell,12.41
sample00861,yes,nk_cell,15.15
sample00862,yes,nk_cell,19.33
sample00863,yes,nk_cell,19.24
sample00873,yes,nk_cell,16.49
sample00874,yes,nk_cell,10.68
sample00875,yes,nk_cell,12.11
sample00876,yes,nk_cell,11.79
sample00877,yes,nk_cell,18.07
sample00878,yes,nk_cell,13.08
sample00888,yes,nk_cell,15.49
sample00889,yes,nk_cell,9.78
sample00890,yes,nk_cell,16.06
sample00894,yes,nk_cell,15.92
sample00895,yes,nk_cell,17.26
sample00896,yes,nk_cell,10.69
sample00912,yes,nk_cell,15.86
sample00913,yes,nk_cell,10.87
sample00914,yes,nk_cell,22.24
sample00915,yes,nk_cell,19.71
sample00916,yes,nk_cell,18.64
sample00917,yes,nk_cell,12.16
sample00939,yes,nk_cell,16.93
sample00940,yes,nk_cell,11.88
sample00941,yes,nk_cell,19.18
sample01008,yes,nk_cell,32.05
sample01009,yes,nk_cell,10.97
sample01010,yes,nk_cell,17.85
sample01017,yes,nk_cell,14.22
sample01018,yes,nk_cell,8.55
sample01019,yes,nk_cell,10.43
sample01068,yes,nk_cell,16.69
sample01069,yes,nk_cell,10.58
sample01070,yes,nk_cell,10.18
sample01074,yes,nk_cell,18.38
sample01075,yes,nk_cell,15.21
sample01076,yes,nk_cell,15.44
sample01080,yes,nk_cell,9.24
sample01081,yes,nk_cell,11.45
sample01082,yes,nk_cell,20.39
sample01092,yes,nk_cell,16.32
sample01093,yes,nk_cell,11.82
sample01094,yes,nk_cell,16.94
sample01104,yes,nk_cell,8.74
sample01105,yes,nk_cell,20.83
sample01106,yes,nk_cell,16.82
sample01128,yes,nk_cell,14.26
sample01129,yes,nk_cell,15.78
sample01130,yes,nk_cell,9.92
sample01170,yes,nk_cell,11.73
sample01171,yes,nk_cell,13.68
sample01172,yes,nk_cell,12.01
sample01245,yes,nk_cell,16.18
sample01246,yes,nk_cell,15.73
sample01247,yes,nk_cell,7.85
sample01248,yes,nk_cell,11.57
sample01249,yes,nk_cell,17.27
sample01250,yes,nk_cell,12.5
sample01260,yes,nk_cell,10.32
sample01261,yes,nk_cell,18.32
sample01262,yes,nk_cell,10.24
sample01266,yes,nk_cell,14.14
sample01267,yes,nk_cell,9.46
sample01268,yes,nk_cell,11.06
sample01284,yes,nk_cell,19.12
sample01285,yes,nk_cell,12.98
sample01286,yes,nk_cell,14.84
sample01311,yes,nk_cell,15.46
sample01312,yes,nk_cell,12.93
sample01313,yes,nk_cell,18.35
sample01326,yes,nk_cell,12.33
sample01327,yes,nk_cell,11.23
sample01328,yes,nk_cell,13.97
sample01329,yes,nk_cell,12.65
sample01330,yes,nk_cell,14.51
sample01331,yes,nk_cell,17.01
sample01332,yes,nk_cell,12.48
sample01333,yes,nk_cell,11.02
sample01334,yes,nk_cell,12.71
sample01359,yes,nk_cell,19.53
sample01360,yes,nk_cell,15.88
sample01361,yes,nk_cell,13.61
sample01377,yes,nk_cell,21.81
sample01378,yes,nk_cell,11.08
sample01379,yes,nk_cell,15.78
sample01419,yes,nk_cell,21.13
sample01420,yes,nk_cell,7.59
sample01421,yes,nk_cell,9.13
sample01422,yes,nk_cell,19.19
sample01423,yes,nk_cell,20.95
sample01424,yes,nk_cell,13.31
sample01440,yes,nk_cell,13.3
sample01441,yes,nk_cell,24.34
sample01442,yes,nk_cell,10.55
sample01458,yes,nk_cell,12.09
sample01459,yes,nk_cell,17.22
sample01460,yes,nk_cell,14.9
sample01491,yes,nk_cell,10.63
sample01492,yes,nk_cell,12.71
sample01493,yes,nk_cell,15.48
sample01497,yes,nk_cell,14.26
sample01498,yes,nk_cell,12.08
sample01499,yes,nk_cell,13.14
sample01533,yes,nk_cell,11.25
sample01534,yes,nk_cell,24.3
sample01535,yes,nk_cell,15.38
sample01536,yes,nk_cell,10.9
sample01537,yes,nk_cell,13.76
sample01538,yes,nk_cell,13.81
sample01545,yes,nk_cell,21.73
sample01546,yes,nk_cell,11.06
sample01547,yes,nk_cell,20.81
sample01602,yes,nk_cell,8.94
sample01603,yes,nk_cell,14.2
sample01604,yes,nk_cell,9.64
sample01620,yes,nk_cell,16.8
sample01621,yes,nk_cell,14.7
sample01622,yes,nk_cell,11.94
sample01635,yes,nk_cell,19.31
sample01636,yes,nk_cell,12.55
sample01637,yes,nk_cell,14.98
sample01638,yes,nk_cell,9.8
sample01639,yes,nk_cell,13.32
sample01640,yes,nk_cell,12.72
sample01665,yes,nk_cell,24.48
sample01666,yes,nk_cell,15.03
sample01667,yes,nk_cell,16.69
sample01683,yes,nk_cell,13.37
sample01684,yes,nk_cell,14.95
sample01685,yes,nk_cell,15.27
sample01692,yes,nk_cell,11.76
sample01693,yes,nk_cell,19.19
sample01694,yes,nk_cell,19.38
sample01719,yes,nk_cell,15.13
sample01720,yes,nk_cell,17.88
sample01721,yes,nk_cell,10.6
sample01728,yes,nk_cell,19.1
sample01729,yes,nk_cell,14.0
sample01730,yes,nk_cell,11.44
sample01755,yes,nk_cell,10.79
sample01756,yes,nk_cell,16.3
sample01757,yes,nk_cell,16.81
sample01785,yes,nk_cell,17.14
sample01786,yes,nk_cell,15.41
sample01787,yes,nk_cell,17.35
sample01815,yes,nk_cell,18.07
sample01816,yes,nk_cell,14.83
sample01817,yes,nk_cell,13.72
sample01824,yes,nk_cell,11.11
sample01825,yes,nk_cell,18.04
sample01826,yes,nk_cell,16.81
sample01830,yes,nk_cell,17.81
sample01831,yes,nk_cell,16.45
sample01832,yes,nk_cell,17.57
sample01833,yes,nk_cell,12.77
sample01834,yes,nk_cell,17.14
sample01835,yes,nk_cell,10.09
sample01881,yes,nk_cell,14.09
sample01882,yes,nk_cell,8.17
sample01883,yes,nk_cell,20.05
sample01899,yes,nk_cell,16.01
sample01900,yes,nk_cell,11.48
sample01901,yes,nk_cell,12.94
sample01962,yes,nk_cell,16.7
sample01963,yes,nk_cell,13.6
sample01964,yes,nk_cell,13.48
sample02037,yes,nk_cell,14.34
sample02038,yes,nk_cell,9.78
sample02039,yes,nk_cell,21.22
sample02055,yes,nk_cell,15.68
sample02056,yes,nk_cell,19.0
sample02057,yes,nk_cell,17.04
sample02064,yes,nk_cell,18.19
sample02065,yes,nk_cell,11.71
sample02066,yes,nk_cell,12.94
sample02178,yes,nk_cell,20.85
sample02179,yes,nk_cell,15.0
sample02180,yes,nk_cell,12.4
sample02196,yes,nk_cell,17.95
sample02197,yes,nk_cell,8.49
sample02198,yes,nk_cell,10.11
sample02235,yes,nk_cell,10.78
sample02236,yes,nk_cell,21.71
sample02237,yes,nk_cell,11.85
sample02244,yes,nk_cell,21.77
sample02245,yes,nk_cell,10.11
sample02246,yes,nk_cell,15.15
sample02262,yes,nk_cell,7.09
sample02263,yes,nk_cell,15.69
sample02264,yes,nk_cell,11.99
sample02340,yes,nk_cell,10.5
sample02341,yes,nk_cell,6.11
sample02342,yes,nk_cell,12.0
sample02388,yes,nk_cell,13.8
sample02389,yes,nk_cell,20.4
sample02390,yes,nk_cell,19.0
sample02439,yes,nk_cell,17.17
sample02440,yes,nk_cell,18.57
sample02441,yes,nk_cell,12.46
sample02454,yes,nk_cell,22.26
sample02455,yes,nk_cell,15.85
sample02456,yes,nk_cell,10.71
sample02466,yes,nk_cell,13.19
sample02467,yes,nk_cell,18.39
sample02468,yes,nk_cell,12.72
sample02481,yes,nk_cell,15.46
sample02482,yes,nk_cell,11.1
sample02483,yes,nk_cell,16.04
sample02490,yes,nk_cell,18.16
sample02491,yes,nk_cell,13.46
sample02492,yes,nk_cell,11.48
sample02499,yes,nk_cell,6.51
sample02500,yes,nk_cell,17.08
sample02501,yes,nk_cell,15.65
sample02517,yes,nk_cell,12.65
sample02518,yes,nk_cell,14.08
sample02519,yes,nk_cell,13.23
sample02562,yes,nk_cell,12.8
sample02563,yes,nk_cell,9.86
sample02564,yes,nk_cell,20.05
sample02574,yes,nk_cell,15.0
sample02575,yes,nk_cell,15.12
sample02576,yes,nk_cell,19.31
sample02586,yes,nk_cell,15.43
sample02587,yes,nk_cell,11.35
sample02588,yes,nk_cell,13.24
sample02589,yes,nk_cell,22.69
sample02590,yes,nk_cell,13.83
sample02591,yes,nk_cell,18.63
sample02625,yes,nk_cell,9.84
sample02626,yes,nk_cell,21.01
sample02627,yes,nk_cell,22.76
sample02640,yes,nk_cell,22.85
sample02641,yes,nk_cell,9.36
sample02642,yes,nk_cell,13.83
sample02655,yes,nk_cell,15.17
sample02656,yes,nk_cell,16.72
sample02657,yes,nk_cell,13.55
sample02673,yes,nk_cell,13.64
sample02674,yes,nk_cell,23.52
sample02675,yes,nk_cell,14.29
sample02736,yes,nk_cell,13.14
sample02737,yes,nk_cell,18.46
sample02738,yes,nk_cell,8.56
sample02754,yes,nk_cell,24.29
sample02755,yes,nk_cell,16.56
sample02756,yes,nk_cell,14.51
sample02760,yes,nk_cell,17.5
sample02761,yes,nk_cell,25.55
sample02762,yes,nk_cell,15.86
sample02766,yes,nk_cell,11.14
sample02767,yes,nk_cell,11.6
sample02768,yes,nk_cell,15.13
sample02772,yes,nk_cell,11.75
sample02773,yes,nk_cell,16.49
sample02774,yes,nk_cell,8.02
sample02781,yes,nk_cell,13.81
sample02782,yes,nk_cell,17.95
sample02783,yes,nk_cell,9.85
sample02808,yes,nk_cell,18.04
sample02809,yes,nk_cell,18.76
sample02810,yes,nk_cell,11.55
sample02823,yes,nk_cell,13.06
sample02824,yes,nk_cell,16.66
sample02825,yes,nk_cell,11.97
sample02838,yes,nk_cell,11.06
sample02839,yes,nk_cell,12.81
sample02840,yes,nk_cell,12.24
sample02847,yes,nk_cell,18.28
sample02848,yes,nk_cell,21.67
sample02849,yes,nk_cell,11.53
sample02856,yes,nk_cell,21.05
sample02857,yes,nk_cell,15.01
sample02858,yes,nk_cell,8.66
sample02874,yes,nk_cell,9.81
sample02875,yes,nk_cell,10.7
sample02876,yes,nk_cell,23.57
sample02910,yes,nk_cell,15.87
sample02911,yes,nk_cell,16.29
sample02912,yes,nk_cell,15.18
sample02916,yes,nk_cell,8.39
sample02917,yes,nk_cell,19.03
sample02918,yes,nk_cell,16.35
sample02925,yes,nk_cell,17.53
sample02926,yes,nk_cell,17.43
sample02927,yes,nk_cell,10.88
sample02928,yes,nk_cell,15.53
sample02929,yes,nk_cell,7.48
sample02930,yes,nk_cell,14.93
sample02976,yes,nk_cell,13.36
sample02977,yes,nk_cell,21.32
sample02978,yes,nk_cell,16.51
sample02991,yes,nk_cell,13.55
sample02992,yes,nk_cell,7.17
sample02993,yes,nk_cell,11.94
sample02997,yes,nk_cell,14.21
sample02998,yes,nk_cell,11.67
sample02999,yes,nk_cell,14.96
sample03000,yes,nk_cell,18.08
sample03001,yes,nk_cell,10.37
sample03002,yes,nk_cell,14.16
sample03021,yes,nk_cell,12.21
sample03022,yes,nk_cell,15.21
sample03023,yes,nk_cell,19.47
sample03024,yes,nk_cell,17.06
sample03025,yes,nk_cell,10.93
sample03026,yes,nk_cell,10.39
sample03039,yes,nk_cell,9.12
sample03040,yes,nk_cell,9.01
sample03041,yes,nk_cell,17.04
sample03066,yes,nk_cell,13.72
sample03067,yes,nk_cell,16.99
sample03068,yes,nk_cell,17.29
sample03093,yes,nk_cell,13.8
sample03094,yes,nk_cell,10.4
sample03095,yes,nk_cell,16.47
sample03120,yes,nk_cell,12.24
sample03121,yes,nk_cell,9.03
sample03122,yes,nk_cell,8.07
sample03159,yes,nk_cell,9.6
sample03160,yes,nk_cell,13.83
sample03161,yes,nk_cell,11.32
sample03183,yes,nk_cell,14.27
sample03184,yes,nk_cell,13.98
sample03185,yes,nk_cell,13.14
sample03195,yes,nk_cell,19.37
sample03196,yes,nk_cell,8.0
sample03197,yes,nk_cell,17.52
sample03246,yes,nk_cell,9.93
sample03247,yes,nk_cell,19.12
sample03248,yes,nk_cell,8.15
sample03264,yes,nk_cell,18.76
sample03265,yes,nk_cell,19.55
sample03266,yes,nk_cell,12.47
sample03267,yes,nk_cell,13.94
sample03268,yes,nk_cell,12.9
sample03269,yes,nk_cell,8.91
sample03273,yes,nk_cell,13.93
sample03274,yes,nk_cell,10.86
sample03275,yes,nk_cell,22.28
sample03285,yes,nk_cell,26.77
sample03286,yes,nk_cell,12.21
sample03287,yes,nk_cell,15.01
sample03297,yes,nk_cell,10.58
sample03298,yes,nk_cell,7.8
sample03299,yes,nk_cell,24.1
sample03303,yes,nk_cell,16.41
sample03304,yes,nk_cell,11.59
sample03305,yes,nk_cell,24.59
sample03375,yes,nk_cell,24.88
sample03376,yes,nk_cell,21.56
sample03377,yes,nk_cell,10.85
sample03381,yes,nk_cell,17.66
sample03382,yes,nk_cell,20.76
sample03383,yes,nk_cell,11.01
sample03405,yes,nk_cell,9.62
sample03406,yes,nk_cell,15.06
sample03407,yes,nk_cell,11.63
sample03453,yes,nk_cell,15.2
sample03454,yes,nk_cell,11.03
sample03455,yes,nk_cell,14.16
sample03465,yes,nk_cell,14.19
sample03466,yes,nk_cell,18.48
sample03467,yes,nk_cell,9.74
sample03486,yes,nk_cell,14.31
sample03487,yes,nk_cell,14.99
sample03488,yes,nk_cell,10.63
sample03492,yes,nk_cell,12.64
sample03493,yes,nk_cell,14.02
sample03494,yes,nk_cell,14.54
sample03531,yes,nk_cell,10.96
sample03532,yes,nk_cell,26.39
sample03533,yes,nk_cell,9.0
sample03576,yes,nk_cell,8.69
sample03577,yes,nk_cell,9.22
sample03578,yes,nk_cell,17.49
sample03588,yes,nk_cell,15.57
sample03589,yes,nk_cell,13.22
sample03590,yes,nk_cell,20.75
sample03591,yes,nk_cell,15.26
sample03592,yes,nk_cell,9.51
sample03593,yes,nk_cell,18.82
sample03621,yes,nk_cell,13.76
sample03622,yes,nk_cell,13.82
sample03623,yes,nk_cell,20.61
sample03624,yes,nk_cell,15.69
sample03625,yes,nk_cell,14.76
sample03626,yes,nk_cell,15.69
sample03747,yes,nk_cell,9.61
sample03748,yes,nk_cell,11.46
sample03749,yes,nk_cell,15.78
sample03765,yes,nk_cell,15.6
sample03766,yes,nk_cell,16.47
sample03767,yes,nk_cell,19.05
sample03789,yes,nk_cell,11.08
sample03790,yes,nk_cell,16.09
sample03791,yes,nk_cell,12.78
sample03804,yes,nk_cell,19.94
sample03805,yes,nk_cell,15.42
sample03806,yes,nk_cell,11.15
sample03819,yes,nk_cell,18.93
sample03820,yes,nk_cell,24.93
sample03821,yes,nk_cell,11.43
sample03846,yes,nk_cell,10.06
sample03847,yes,nk_cell,16.01
sample03848,yes,nk_cell,13.22
sample03852,yes,nk_cell,19.25
sample03853,yes,nk_cell,23.98
sample03854,yes,nk_cell,21.81
sample03861,yes,nk_cell,10.17
sample03862,yes,nk_cell,14.9
sample03863,yes,nk_cell,8.14
sample03885,yes,nk_cell,16.32
sample03886,yes,nk_cell,11.67
sample03887,yes,nk_cell,12.66
sample03936,yes,nk_cell,19.92
sample03937,yes,nk_cell,17.25
sample03938,yes,nk_cell,8.37
sample03942,yes,nk_cell,10.71
sample03943,yes,nk_cell,15.16
sample03944,yes,nk_cell,17.44
sample03951,yes,nk_cell,18.84
sample03952,yes,nk_cell,9.46
sample03953,yes,nk_cell,13.59
sample03963,yes,nk_cell,17.18
sample03964,yes,nk_cell,13.22
sample03965,yes,nk_cell,15.1
sample03981,yes,nk_cell,16.42
sample03982,yes,nk_cell,13.9
sample03983,yes,nk_cell,19.25
sample04014,yes,nk_cell,13.8
sample04015,yes,nk_cell,15.84
sample04016,yes,nk_cell,19.1
sample04035,yes,nk_cell,12.48
sample04036,yes,nk_cell,18.4
sample04037,yes,nk_cell,15.19
sample04047,yes,nk_cell,19.28
sample04048,yes,nk_cell,10.49
sample04049,yes,nk_cell,12.78
sample04068,yes,nk_cell,16.1
sample04069,yes,nk_cell,9.96
sample04070,yes,nk_cell,8.77
sample04128,yes,nk_cell,13.12
sample04129,yes,nk_cell,10.72
sample04130,yes,nk_cell,17.64
sample04155,yes,nk_cell,15.07
sample04156,yes,nk_cell,15.79
sample04157,yes,nk_cell,11.24
sample04170,yes,nk_cell,11.47
sample04171,yes,nk_cell,9.82
sample04172,yes,nk_cell,19.35
sample04173,yes,nk_cell,8.71
sample04174,yes,nk_cell,10.53
sample04175,yes,nk_cell,13.82
sample04188,yes,nk_cell,15.68
sample04189,yes,nk_cell,10.89
sample04190,yes,nk_cell,14.85
sample04203,yes,nk_cell,24.17
sample04204,yes,nk_cell,8.14
sample04205,yes,nk_cell,22.58
sample04224,yes,nk_cell,13.11
sample04225,yes,nk_cell,13.84
sample04226,yes,nk_cell,16.89
sample04266,yes,nk_cell,9.63
sample04267,yes,nk_cell,16.04
sample04268,yes,nk_cell,19.27
sample04284,yes,nk_cell,18.88
sample04285,yes,nk_cell,14.47
sample04286,yes,nk_cell,12.88
sample04293,yes,nk_cell,22.63
sample04294,yes,nk_cell,11.77
sample04295,yes,nk_cell,15.94
sample04296,yes,nk_cell,21.77
sample04297,yes,nk_cell,18.69
sample04298,yes,nk_cell,12.36
sample04302,yes,nk_cell,11.28
sample04303,yes,nk_cell,17.06
sample04304,yes,nk_cell,13.47
sample04347,yes,nk_cell,15.88
sample04348,yes,nk_cell,10.72
sample04349,yes,nk_cell,13.15
sample04368,yes,nk_cell,12.41
sample04369,yes,nk_cell,11.21
sample04370,yes,nk_cell,6.41
sample04377,yes,nk_cell,11.36
sample04378,yes,nk_cell,18.0
sample04379,yes,nk_cell,10.53
sample04434,yes,nk_cell,9.07
sample04435,yes,nk_cell,13.85
sample04436,yes,nk_cell,18.73
sample04461,yes,nk_cell,9.7
sample04462,yes,nk_cell,19.17
sample04463,yes,nk_cell,14.12
sample04491,yes,nk_cell,17.72
sample04492,yes,nk_cell,10.86
sample04493,yes,nk_cell,16.32
sample07506,yes,nk_cell,12.87
sample07507,yes,nk_cell,18.84
sample07508,yes,nk_cell,8.53
sample07527,yes,nk_cell,12.81
sample07528,yes,nk_cell,13.45
sample07529,yes,nk_cell,21.09
sample07551,yes,nk_cell,14.08
sample07552,yes,nk_cell,11.33
sample07553,yes,nk_cell,23.65
sample07560,yes,nk_cell,16.23
sample07561,yes,nk_cell,18.84
sample07562,yes,nk_cell,13.28
sample07575,yes,nk_cell,19.31
sample07576,yes,nk_cell,19.28
sample07577,yes,nk_cell,22.15
sample07587,yes,nk_cell,8.21
sample07588,yes,nk_cell,15.48
sample07589,yes,nk_cell,15.75
sample07593,yes,nk_cell,20.56
sample07594,yes,nk_cell,11.89
sample07595,yes,nk_cell,16.78
sample07614,yes,nk_cell,13.91
sample07615,yes,nk_cell,28.19
sample07616,yes,nk_cell,12.91
sample07647,yes,nk_cell,15.06
sample07648,yes,nk_cell,8.85
sample07649,yes,nk_cell,19.32
sample07665,yes,nk_cell,9.95
sample07666,yes,nk_cell,9.66
sample07667,yes,nk_cell,13.26
sample07725,yes,nk_cell,11.64
sample07726,yes,nk_cell,14.87
sample07727,yes,nk_cell,15.79
sample07761,yes,nk_cell,17.18
sample07762,yes,nk_cell,15.11
sample07763,yes,nk_cell,13.23
sample07800,yes,nk_cell,18.72
sample07801,yes,nk_cell,14.65
sample07802,yes,nk_cell,15.95
sample07821,yes,nk_cell,14.25
sample07822,yes,nk_cell,14.81
sample07823,yes,nk_cell,16.0
sample07824,yes,nk_cell,13.84
sample07825,yes,nk_cell,23.84
sample07826,yes,nk_cell,14.56
sample07827,yes,nk_cell,22.41
sample07828,yes,nk_cell,12.45
sample07829,yes,nk_cell,20.68
sample07836,yes,nk_cell,8.04
sample07837,yes,nk_cell,15.82
sample07838,yes,nk_cell,12.24
sample07905,yes,nk_cell,15.8
sample07906,yes,nk_cell,23.56
sample07907,yes,nk_cell,15.89
sample07968,yes,nk_cell,7.29
sample07969,yes,nk_cell,8.92
sample07970,yes,nk_cell,8.31
sample08040,yes,nk_cell,17.37
sample08041,yes,nk_cell,20.73
sample08042,yes,nk_cell,19.77
sample08055,yes,nk_cell,14.53
sample08056,yes,nk_cell,13.58
sample08057,yes,nk_cell,16.81
sample08085,yes,nk_cell,13.78
sample08086,yes,nk_cell,14.95
sample08087,yes,nk_cell,26.11
sample08121,yes,nk_cell,8.8
sample08122,yes,nk_cell,15.7
sample08123,yes,nk_cell,12.69
sample08127,yes,nk_cell,14.83
sample08128,yes,nk_cell,16.31
sample08129,yes,nk_cell,14.08
sample08151,yes,nk_cell,16.86
sample08152,yes,nk_cell,12.18
sample08153,yes,nk_cell,12.45
sample08166,yes,nk_cell,11.6
sample08167,yes,nk_cell,15.73
sample08168,yes,nk_cell,15.98
sample08178,yes,nk_cell,15.95
sample08179,yes,nk_cell,12.7
sample08180,yes,nk_cell,19.08
sample08199,yes,nk_cell,19.22
sample08200,yes,nk_cell,10.55
sample08201,yes,nk_cell,17.74
sample08247,yes,nk_cell,14.0
sample08248,yes,nk_cell,24.51
sample08249,yes,nk_cell,17.19
sample08274,yes,nk_cell,10.71
sample08275,yes,nk_cell,18.91
sample08276,yes,nk_cell,11.53
sample08289,yes,nk_cell,8.53
sample08290,yes,nk_cell,14.37
sample08291,yes,nk_cell,20.71
sample08298,yes,nk_cell,11.78
sample08299,yes,nk_cell,10.46
sample08300,yes,nk_cell,10.24
sample08328,yes,nk_cell,9.27
sample08329,yes,nk_cell,13.63
sample08330,yes,nk_cell,19.08
sample08337,yes,nk_cell,12.15
sample08338,yes,nk_cell,9.53
sample08339,yes,nk_cell,8.48
sample08349,yes,nk_cell,12.86
sample08350,yes,nk_cell,16.13
sample08351,yes,nk_cell,12.8
sample08352,yes,nk_cell,14.41
sample08353,yes,nk_cell,8.12
sample08354,yes,nk_cell,13.97
sample08361,yes,nk_cell,21.29
sample08362,yes,nk_cell,15.81
sample08363,yes,nk_cell,14.77
sample08388,yes,nk_cell,12.91
sample08389,yes,nk_cell,15.6
sample08390,yes,nk_cell,14.11
sample08403,yes,nk_cell,14.63
sample08404,yes,nk_cell,16.05
sample08405,yes,nk_cell,21.64
sample08442,yes,nk_cell,14.21
sample08443,yes,nk_cell,20.82
sample08444,yes,nk_cell,10.63
sample08466,yes,nk_cell,10.87
sample08467,yes,nk_cell,12.98
sample08468,yes,nk_cell,17.57
sample08481,yes,nk_cell,17.54
sample08482,yes,nk_cell,16.81
sample08483,yes,nk_cell,9.89
sample08568,yes,nk_cell,23.48
sample08569,yes,nk_cell,18.58
sample08570,yes,nk_cell,8.08
sample08583,yes,nk_cell,16.53
sample08584,yes,nk_cell,10.26
sample08585,yes,nk_cell,9.14
sample08595,yes,nk_cell,20.0
sample08596,yes,nk_cell,16.68
sample08597,yes,nk_cell,8.74
sample08610,yes,nk_cell,13.13
sample08611,yes,nk_cell,17.3
sample08612,yes,nk_cell,8.59
sample08655,yes,nk_cell,13.68
sample08656,yes,nk_cell,10.96
sample08657,yes,nk_cell,16.93
sample08685,yes,nk_cell,14.97
sample08686,yes,nk_cell,9.83
sample08687,yes,nk_cell,15.53
sample08706,yes,nk_cell,13.62
sample08707,yes,nk_cell,21.03
sample08708,yes,nk_cell,16.65
sample08718,yes,nk_cell,13.64
sample08719,yes,nk_cell,6.66
sample08720,yes,nk_cell,9.31
sample08724,yes,nk_cell,18.76
sample08725,yes,nk_cell,13.93
sample08726,yes,nk_cell,7.82
sample08769,yes,nk_cell,13.41
sample08770,yes,nk_cell,8.1
sample08771,yes,nk_cell,14.8
sample08781,yes,nk_cell,7.89
sample08782,yes,nk_cell,13.28
sample08783,yes,nk_cell,16.44
sample08829,yes,nk_cell,18.31
sample08830,yes,nk_cell,17.25
sample08831,yes,nk_cell,18.95
sample08832,yes,nk_cell,11.85
sample08833,yes,nk_cell,15.02
sample08834,yes,nk_cell,17.08
sample08853,yes,nk_cell,24.83
sample08854,yes,nk_cell,10.31
sample08855,yes,nk_cell,8.55
sample08856,yes,nk_cell,15.21
sample08857,yes,nk_cell,15.19
sample08858,yes,nk_cell,12.24
sample08895,yes,nk_cell,11.12
sample08896,yes,nk_cell,12.89
sample08897,yes,nk_cell,11.69
sample08913,yes,nk_cell,15.42
sample08914,yes,nk_cell,13.73
sample08915,yes,nk_cell,10.01
sample08925,yes,nk_cell,17.12
sample08926,yes,nk_cell,13.98
sample08927,yes,nk_cell,12.86
sample08943,yes,nk_cell,13.2
sample08944,yes,nk_cell,11.02
sample08945,yes,nk_cell,17.72
sample08946,yes,nk_cell,14.06
sample08947,yes,nk_cell,14.81
sample08948,yes,nk_cell,18.13
sample08970,yes,nk_cell,21.43
sample08971,yes,nk_cell,21.72
sample08972,yes,nk_cell,16.74
sample08979,yes,nk_cell,18.87
sample08980,yes,nk_cell,13.94
sample08981,yes,nk_cell,16.97
sample09009,yes,nk_cell,15.49
sample09010,yes,nk_cell,19.52
sample09011,yes,nk_cell,7.73
sample09018,yes,nk_cell,23.77
sample09019,yes,nk_cell,13.2
sample09020,yes,nk_cell,13.02
sample09024,yes,nk_cell,21.48
sample09025,yes,nk_cell,10.98
sample09026,yes,nk_cell,13.94
sample09072,yes,nk_cell,11.76
sample09073,yes,nk_cell,21.1
sample09074,yes,nk_cell,15.37
sample09081,yes,nk_cell,9.48
sample09082,yes,nk_cell,16.95
sample09083,yes,nk_cell,11.11
sample09087,yes,nk_cell,15.11
sample09088,yes,nk_cell,16.81
sample09089,yes,nk_cell,12.57
sample09102,yes,nk_cell,20.65
sample09103,yes,nk_cell,12.96
sample09104,yes,nk_cell,14.7
sample09114,yes,nk_cell,11.52
sample09115,yes,nk_cell,11.18
sample09116,yes,nk_cell,16.19
sample09129,yes,nk_cell,20.78
sample09130,yes,nk_cell,22.23
sample09131,yes,nk_cell,16.74
sample09144,yes,nk_cell,18.61
sample09145,yes,nk_cell,10.37
sample09146,yes,nk_cell,10.77
sample09162,yes,nk_cell,12.78
sample09163,yes,nk_cell,8.08
sample09164,yes,nk_cell,19.22
sample09171,yes,nk_cell,10.88
sample09172,yes,nk_cell,13.46
sample09173,yes,nk_cell,15.54
sample09180,yes,nk_cell,11.31
sample09181,yes,nk_cell,24.84
sample09182,yes,nk_cell,14.82
sample09198,yes,nk_cell,13.63
sample09199,yes,nk_cell,17.59
sample09200,yes,nk_cell,17.28
sample09243,yes,nk_cell,20.23
sample09244,yes,nk_cell,19.61
sample09245,yes,nk_cell,16.29
sample09300,yes,nk_cell,17.22
sample09301,yes,nk_cell,15.21
sample09302,yes,nk_cell,11.94
sample09390,yes,nk_cell,13.66
sample09391,yes,nk_cell,17.25
sample09392,yes,nk_cell,14.03
sample09393,yes,nk_cell,21.3
sample09394,yes,nk_cell,16.71
sample09395,yes,nk_cell,13.53
sample09441,yes,nk_cell,24.34
sample09442,yes,nk_cell,7.46
sample09443,yes,nk_cell,17.8
sample09450,yes,nk_cell,11.54
sample09451,yes,nk_cell,11.91
sample09452,yes,nk_cell,16.44
sample09459,yes,nk_cell,15.22
sample09460,yes,nk_cell,21.48
sample09461,yes,nk_cell,16.76
sample09468,yes,nk_cell,25.84
sample09469,yes,nk_cell,18.51
sample09470,yes,nk_cell,26.55
sample09486,yes,nk_cell,18.18
sample09487,yes,nk_cell,15.6
sample09488,yes,nk_cell,10.86
sample09489,yes,nk_cell,11.05
sample09490,yes,nk_cell,13.78
sample09491,yes,nk_cell,18.33
sample09495,yes,nk_cell,22.1
sample09496,yes,nk_cell,16.86
sample09497,yes,nk_cell,17.2
sample09513,yes,nk_cell,20.13
sample09514,yes,nk_cell,11.06
sample09515,yes,nk_cell,16.41
sample09519,yes,nk_cell,13.09
sample09520,yes,nk_cell,17.36
sample09521,yes,nk_cell,12.84
sample09546,yes,nk_cell,16.47
sample09547,yes,nk_cell,15.34
sample09548,yes,nk_cell,14.57
sample09573,yes,nk_cell,17.75
sample09574,yes,nk_cell,17.14
sample09575,yes,nk_cell,20.68
sample09579,yes,nk_cell,20.73
sample09580,yes,nk_cell,14.77
sample09581,yes,nk_cell,10.62
sample09582,yes,nk_cell,18.31
sample09583,yes,nk_cell,9.91
sample09584,yes,nk_cell,8.76
sample09591,yes,nk_cell,12.14
sample09592,yes,nk_cell,13.94
sample09593,yes,nk_cell,15.63
sample09597,yes,nk_cell,22.98
sample09598,yes,nk_cell,14.08
sample09599,yes,nk_cell,12.15
sample09606,yes,nk_cell,19.24
sample09607,yes,nk_cell,9.08
sample09608,yes,nk_cell,8.57
sample09612,yes,nk_cell,13.73
sample09613,yes,nk_cell,8.17
sample09614,yes,nk_cell,23.72
sample09615,yes,nk_cell,16.31
sample09616,yes,nk_cell,14.08
sample09617,yes,nk_cell,12.87
sample09666,yes,nk_cell,15.18
sample09667,yes,nk_cell,17.01
sample09668,yes,nk_cell,23.36
sample09690,yes,nk_cell,11.81
sample09691,yes,nk_cell,19.79
sample09692,yes,nk_cell,13.51
sample09699,yes,nk_cell,17.98
sample09700,yes,nk_cell,12.48
sample09701,yes,nk_cell,12.08
sample09705,yes,nk_cell,17.23
sample09706,yes,nk_cell,11.43
sample09707,yes,nk_cell,13.58
sample09720,yes,nk_cell,6.1
sample09721,yes,nk_cell,12.02
sample09722,yes,nk_cell,18.38
sample09783,yes,nk_cell,15.04
sample09784,yes,nk_cell,17.12
sample09785,yes,nk_cell,17.88
sample09798,yes,nk_cell,10.71
sample09799,yes,nk_cell,13.75
sample09800,yes,nk_cell,11.28
sample09909,yes,nk_cell,10.65
sample09910,yes,nk_cell,10.89
sample09911,yes,nk_cell,9.85
sample09924,yes,nk_cell,10.19
sample09925,yes,nk_cell,11.85
sample09926,yes,nk_cell,13.24
sample09963,yes,nk_cell,23.42
sample09964,yes,nk_cell,9.39
sample09965,yes,nk_cell,19.29
sample09978,yes,nk_cell,15.61
sample09979,yes,nk_cell,22.93
sample09980,yes,nk_cell,14.79
sample09990,yes,nk_cell,15.58
sample09991,yes,nk_cell,14.42
sample09992,yes,nk_cell,14.64
sample09996,yes,nk_cell,15.62
sample09997,yes,nk_cell,10.82
sample09998,yes,nk_cell,7.84
sample10038,yes,nk_cell,4.57
sample10039,yes,nk_cell,15.76
sample10040,yes,nk_cell,10.82
sample10041,yes,nk_cell,21.83
sample10042,yes,nk_cell,13.18
sample10043,yes,nk_cell,24.23
sample10095,yes,nk_cell,13.17
sample10096,yes,nk_cell,17.3
sample10097,yes,nk_cell,13.17
sample10116,yes,nk_cell,11.3
sample10117,yes,nk_cell,11.29
sample10118,yes,nk_cell,10.83
sample10125,yes,nk_cell,19.07
sample10126,yes,nk_cell,13.45
sample10127,yes,nk_cell,15.44
sample10128,yes,nk_cell,14.09
sample10129,yes,nk_cell,13.68
sample10130,yes,nk_cell,6.02
sample10131,yes,nk_cell,11.85
sample10132,yes,nk_cell,20.43
sample10133,yes,nk_cell,12.08
sample10140,yes,nk_cell,16.7
sample10141,yes,nk_cell,17.46
sample10142,yes,nk_cell,16.22
sample10179,yes,nk_cell,13.13
sample10180,yes,nk_cell,14.05
sample10181,yes,nk_cell,9.28
sample10197,yes,nk_cell,13.44
sample10198,yes,nk_cell,13.91
sample10199,yes,nk_cell,12.09
sample10233,yes,nk_cell,12.72
sample10234,yes,nk_cell,10.8
sample10235,yes,nk_cell,14.14
sample10248,yes,nk_cell,23.2
sample10249,yes,nk_cell,7.69
sample10250,yes,nk_cell,12.61
sample10323,yes,nk_cell,20.36
sample10324,yes,nk_cell,14.89
sample10325,yes,nk_cell,19.52
sample10335,yes,nk_cell,6.51
sample10336,yes,nk_cell,15.36
sample10337,yes,nk_cell,18.85
sample10341,yes,nk_cell,8.62
sample10342,yes,nk_cell,13.35
sample10343,yes,nk_cell,28.47
sample10347,yes,nk_cell,23.33
sample10348,yes,nk_cell,16.51
sample10349,yes,nk_cell,9.68
sample10356,yes,nk_cell,18.11
sample10357,yes,nk_cell,17.31
sample10358,yes,nk_cell,16.94
sample10383,yes,nk_cell,17.19
sample10384,yes,nk_cell,7.43
sample10385,yes,nk_cell,26.38
sample10386,yes,nk_cell,19.13
sample10387,yes,nk_cell,8.83
sample10388,yes,nk_cell,19.48
sample10392,yes,nk_cell,13.8
sample10393,yes,nk_cell,10.88
sample10394,yes,nk_cell,14.29
sample10410,yes,nk_cell,16.68
sample10411,yes,nk_cell,11.13
sample10412,yes,nk_cell,17.76
sample10443,yes,nk_cell,12.86
sample10444,yes,nk_cell,13.19
sample10445,yes,nk_cell,15.3
sample10491,yes,nk_cell,15.58
sample10492,yes,nk_cell,20.77
sample10493,yes,nk_cell,14.73
